javstvʲenno	j a f s t vʲ i n a
ɡomʲer	ɡ a mʲ e r
splʲetavʂij	s p lʲ i t a f ʂ i j
usɨnovlʲajtʲe	u s i n a v lʲ a j tʲ e
lʲda	lʲ d a
prozvut͡ɕʲiʂʲː	p r a z v u t͡ɕ i ʂ
satʲirax	s a tʲ i r a x
rʲemʲiksov	rʲ i mʲ i k s a f
zalʲeplʲau	z a lʲ i p lʲ a j u
absorbʲirovaniamʲi	a p s a r bʲ i r a v a nʲ i j a mʲ i
plavkou	p ɫ a f k a j u
zaʂumʲit	z a ʂ u mʲ i t
muʒenenavʲistnit͡ɕʲestvam	m u ʐ i nʲ i n a vʲ i sʲ nʲ i t͡ɕ i s t v a m
zolotʲistɨm	z a ɫ a tʲ i s t i m
katʲerot͡ɕʲkax	k a tʲ i r o t͡ɕ k a x
smʲealosʲ	s mʲ i j a ɫ a sʲ
zamɨslu	z a m i s ɫ u
sʲemʲiuɡolʲnika	sʲ i mʲ i u ɡ o lʲ nʲ i k a
prʲisʲaɡnuvʂi	p rʲ i sʲ i ɡ n u f ʂ i
ponosʲat	p a n o sʲ a t
izut͡ɕʲitʲesʲ	i z u t͡ɕ i tʲ i sʲ
pomojkou	p a m o j k a j u
anɡlʲit͡sizat͡sieu	a n ɡ lʲ i t͡s i z a t͡s i j i j u
prɨɕːavɨj	p r i ɕː a v i j
usopla	u s o p ɫ a
polʲetatʲ	p a lʲ i t a tʲ
ukutɨvauɕːij	u k u t i v a j u ɕː i j
muruj	m u r u j
summʲirueʂʲː	s u mʲ i r u j i ʂ
sʲekta	sʲ e k t a
zaklʲejtʲe	z a k lʲ e j tʲ e
amʲilazoj	a mʲ i ɫ a z a j
posodʲejstvovatʲ	p a s a dʲ e j s t v a v a tʲ
opʲanivʂij	a p ⁽ʲ ⁾ j i nʲ i f ʂ i j
zaɡovarʲivajtʲesʲ	z a ɡ a v a rʲ i v a j tʲ i sʲ
uʒestot͡ɕʲenia	u ʐ i s t a t͡ɕ e nʲ i j a
raspravax	r a s p r a v a x
lʲetnɨj	lʲ e t n i j
dubu	d u b u
zaɡadʲit	z a ɡ a dʲ i t
propʲitajtʲesʲ	p r a pʲ i t a j tʲ i sʲ
otst͡ɕʲotax	a t͡ɕ ɕː o t a x
dʲesnit͡su	dʲ i sʲ nʲ i t͡s u
obuevala	a b u j i v a ɫ a
vʲertluɡ	vʲ i r t ɫ u k
navʲevavʂij	n a vʲ i v a f ʂ i j
polʲiɡrafʲiax	p a lʲ i ɡ r a fʲ i j a x
zapadaeʂʲː	z a p a d a j i ʂ
dozrʲeu	d a z rʲ e j u
vzɨskʲivaetʲe	v z i s kʲ i v a j i tʲ e
izʲjanamʲi	i z j a n a mʲ i
mʲetafʲizʲiku	mʲ i t a fʲ i zʲ i k u
vʲesʲelʲeeʂʲː	vʲ i sʲ i lʲ e j i ʂ
tʲexnokratʲiu	tʲ i x n a k r a tʲ i j u
prʲiɡorodom	p rʲ i ɡ a r a d a m
pʲionerov	pʲ i a nʲ e r a f
porut͡ɕʲitʲelʲstvom	p a r u t͡ɕ i tʲ i lʲ s t v a m
ɡostʲax	ɡ o sʲ tʲ j a x
podtʲaɡivausʲ	p a tʲː a ɡʲ i v a j u sʲ
prʲist͡ɕʲitɨvaj	p rʲ i ɕː i t i v a j
ottaalo	a t a j i ɫ a
opuʂalasʲ	a p u ʂ a ɫ a sʲ
poklonnit͡ɕʲestvo	p a k ɫ o nʲ i t͡ɕ i s t v a
ablautov	a b ɫ a u t a f
otʲekau	a tʲ i k a j u
stʲipʲendʲij	sʲ tʲ i pʲ e nʲ dʲ i j
kromkoj	k r o m k a j
vlʲapalsʲa	v lʲ a p a ɫ s ⁽ʲ ⁾ a
uvʲerovatʲ	u vʲ e r a v a tʲ
tusknevʂi	t u s k nʲ e f ʂ i
prokalɨvaeʂʲː	p r a k a ɫ i v a j i ʂ
skonfuzʲat	s k a n f u zʲ a t
izvʲinalʲi	i z vʲ i nʲ a lʲ i
pofʲiɡizmamʲi	p a fʲ i ɡʲ i z m a mʲ i
murzʲikamʲi	m u r zʲ i k a mʲ i
rʲekvʲizʲit͡siamʲi	rʲ i k vʲ i zʲ i t͡s i j a mʲ i
admʲinistrat͡siax	a d mʲ i nʲ i s t r a t͡s i j a x
ottaɕːila	a t a ɕː i ɫ a
srodnivʂij	s r a dʲ nʲ i f ʂ i j
nedolʲublʲivajtʲe	nʲ i d a lʲ u b lʲ i v a j tʲ e
mnoʒitsʲa	m n o ʐ i t͡s a
nardɨ	n a r d i
istʲekʲi	i sʲ tʲ i kʲ i
pravooxranitʲelʲnɨj	p r a v a a x r a nʲ i tʲ i lʲ n i j
vɨskablʲivaa	v i s k a b lʲ i v a j a
audʲitʲe	a u dʲ i tʲ e
obvʲil	a b vʲ i ɫ
ʂepnuv	ʂ i p n u f
ɡorkoj	ɡ o r k a j
flʲeksʲijnɨj	f lʲ i k sʲ i j n i j
svʲatou	s vʲ i t o j u
kastanetɨ	k a s t a nʲ j e t i
podʲejstvovatʲ	p a dʲ e j s t v a v a tʲ
kʲebabax	kʲ i b a b a x
oʒivlʲajtʲesʲ	a ʐ i v lʲ a j tʲ i sʲ
osklablʲau	a s k ɫ a b lʲ a j u
uklonenii	u k ɫ a nʲ e nʲ i i
adʲekvatnostʲax	a d i k v a t n a sʲ tʲ a x
analʲizʲiruet	a n a lʲ i zʲ i r u j i t
lososʲa	ɫ a s o sʲ a
babosam	b a b o s a m
vosstanut	v a s t a n u t
krasʲiv	k r a sʲ i f
t͡ɕʲajkovskʲij	t͡ɕ i j k o f s kʲ i j
asʲinxronnɨj	a sʲ i n x r o n i j
mʲirovɨmʲi	mʲ i r a v i mʲ i
vakansʲiu	v a k a n ⁽ʲ ⁾ sʲ i j u
vodʲanoɡo	v a dʲ i n o v a
obrosʂij	a b r o ʂ i j
tʲekʲilax	tʲ i kʲ i ɫ a x
nasaʒdavʂi	n a s a ʐ d a f ʂ i
dʲiskʲetax	dʲ i s kʲ e t a x
prʲiplʲasɨvatʲ	p rʲ i p lʲ a s i v a tʲ
plʲeʂʲː	p lʲ e ʂ
prʲedʲjavʲitsʲa	p rʲ i d j a vʲ i t͡s a
razmʲaɡt͡ɕʲaemɨj	r a z mʲ i x t͡ɕ a j i m i j
zaprʲaɡut	z a p rʲ i ɡ u t
nastut͡ɕʲav	n a s t u t͡ɕ a f
ɡubʲerniax	ɡ u bʲ e r nʲ i j a x
unesʲotʲesʲ	u nʲ i sʲ o tʲ i sʲ
raskat͡ɕʲivaemsʲa	r a s k a t͡ɕ i v a j i m sʲ a
bolʲnai	b a lʲ n a i
pomazannikov	p a m a z a nʲ i k a f
numʲerat͡siej	n u mʲ i r a t͡s i j i j
izɡotovlʲeniem	i z ɡ a t a v lʲ e nʲ i j i m
dʲerʒava	dʲ i r ʐ a v a
umʲirʲiʂʲː	u mʲ i rʲ i ʂ
ubʲeʒim	u bʲ i ʐ i m
dovodʲat	d a v o dʲ a t
otbudʲtʲe	a d b u tʲː e
xʲitɨ	xʲ i t i
sʲilat͡ɕʲe	sʲ i ɫ a t͡ɕ e
prʲerɨvavʂi	p rʲ i r i v a f ʂ i
zondʲiruem	z a nʲ dʲ i r u j i m
uprosʲi	u p r a sʲ i
ɡirʲam	ɡʲ i rʲ a m
naznat͡ɕʲenii	n a z n a t͡ɕ e nʲ i i
oblʲeplʲaemɨj	a b lʲ i p lʲ a j i m i j
rʲeabʲilʲitʲiruem	rʲ i a bʲ i lʲ i tʲ i r u j i m
lʲikbʲezam	lʲ i ɡ bʲ e z a m
motɨlʲkam	m a t i lʲ k a m
uskorʲiʂʲːsʲa	u s k o rʲ i ʂ sʲ a
fasolʲej	f a s o lʲ i j
dueta	d u e t a
mʲimʲikrʲij	mʲ i mʲ i k rʲ i j
mʲejtnerʲiev	mʲ i j tʲ nʲ e rʲ i j i f
sklʲeilo	s k lʲ e i ɫ a
burʲevʲestnika	b u rʲ i vʲ e sʲ nʲ i k a
blaɡoustroj	b ɫ a ɡ a u s t r o j
zaɡlʲinizʲirovannostʲi	z a ɡ lʲ i nʲ i zʲ i r a v a n a sʲ tʲ i
ukrʲeplʲenij	u k rʲ i p lʲ e nʲ i j
ɡostʲu	ɡ o sʲ tʲ u
sɡuɕːausʲ	z ɡ u ɕː a j u sʲ
razɡovlʲautsʲa	r a z ɡ a v lʲ a j u t͡s a
bʲiotoksʲit͡ɕʲnostʲ	bʲ i a t a k sʲ i t͡ɕ n a sʲ tʲ
klavdʲia	k ɫ a v dʲ i j a
dʲekanatɨ	d i k a n a t i
vozobnovʲitʲe	v a z a b n a vʲ i tʲ e
ukrɨlsʲa	u k r i ɫ s ⁽ʲ ⁾ a
roʒaetʲe	r a ʐ a j i tʲ e
uɡroʒauɕːij	u ɡ r a ʐ a j u ɕː i j
tolkovanii	t a ɫ k a v a nʲ i i
dʲerʲevʲaʂkoj	dʲ i rʲ i vʲ a ʂ k a j
sat͡ɕʲkujtʲe	s a t͡ɕ k u j tʲ e
ɡvardʲejt͡sa	ɡ v a r dʲ e j t͡s a
zavʲeʂivajtʲe	z a vʲ e ʂ i v a j tʲ e
vʲisʲelo	vʲ i sʲ e ɫ a
kapʲibaramʲi	k a pʲ i b a r a mʲ i
rastʲilo	r a sʲ tʲ i ɫ a
vazot͡ɕʲkamʲi	v a z a t͡ɕ k a mʲ i
lʲdʲinok	lʲ dʲ i n a k
tuzʲemt͡samʲi	t u zʲ e m t͡s a mʲ i
t͡ɕʲaxotkʲe	t͡ɕ i x o t kʲ e
prʲivstauɕːij	p rʲ i f s t a j u ɕː i j
rʲelʲikta	rʲ i lʲ i k t a
otdalʲatʲ	a d a lʲ a tʲ
blumfontʲejn	b ɫ u m f a n t i j n
otstavʂij	a t͡s s t a f ʂ i j
toksʲit͡ɕʲnɨj	t a k sʲ i t͡ɕ n i j
valʲenkom	v a lʲ i n k a m
prʲizʲemlʲavʂijsʲa	p rʲ i zʲ i m lʲ a f ʂ i j sʲ a
nevʲeʒestvʲenna	nʲ i vʲ e ʐ i s t vʲ i n a
artʲistka	a r tʲ i s t k a
ʂampuna	ʂ a m p u nʲ a
neɡodovaniu	nʲ i ɡ a d a v a nʲ i j u
prʲiɡotovlʲeniem	p rʲ i ɡ a t a v lʲ e nʲ i j i m
maɡnatov	m a ɡ n a t a f
vstuplʲeniax	f s t u p lʲ e nʲ i j a x
okopa	a k o p a
ozarʲila	a z a rʲ i ɫ a
otvorat͡ɕʲivauɕːijsʲa	a t v a r a t͡ɕ i v a j u ɕː i j sʲ a
prostudʲivʂi	p r a s t u dʲ i f ʂ i
komʲissʲiamʲi	k a mʲ i sʲ i j a mʲ i
rasxʲiɕːav	r a s xʲ i ɕː a f
narʲekla	n a rʲ i k ɫ a
srovnajtʲe	s r a v nʲ a j tʲ e
osʲiavaeʂʲː	a sʲ i j i v a j i ʂ
inaktʲivʲiruu	i n a k tʲ i vʲ i r u j u
umudrʲit	u m u d rʲ i t
ɡuɡlʲitʲe	ɡ u ɡ lʲ i tʲ e
propʲitɨvav	p r a pʲ i t i v a f
samot͡svʲeta	s a m a t͡s vʲ e t a
tolstʲakom	t a ɫ s ⁽ʲ ⁾ tʲ i k o m
vsklokot͡ɕʲennɨj	f s k ɫ a k o t͡ɕ i n i j
nervnit͡ɕʲavʂij	nʲ e r v nʲ i t͡ɕ i f ʂ i j
borʲuɕːijsʲa	b o rʲ u ɕː i j sʲ a
zat͡ɕʲitɨvajsʲa	z a t͡ɕ i t i v a j sʲ a
ostuʒav	a s t u ʐ a f
losʲonam	ɫ a sʲ j o n a m
valʲt͡suuɕːij	v a lʲ t͡s u j u ɕː i j
raspʲinaa	r a s pʲ i n a j a
topazu	t a p a z u
tʲelʲetʲekstax	tʲ e lʲ i tʲ e k s t a x
podzaɡolovkov	p a d͡z z a ɡ a ɫ o f k a f
rʲevʲel	rʲ i vʲ e ɫ
blaɡoslovʲimsʲa	b ɫ a ɡ a s ɫ a vʲ i m sʲ a
kakuu	k a k u j u
zaʒɡlʲisʲ	z a ʐ ɡ lʲ i sʲ
oroʂu	a r a ʂ u
ʂaraxatʲ	ʂ a r a x a tʲ
rukovodstv	r u k a v o t͡s t f
klʲant͡ɕʲu	k lʲ a nʲ t͡ɕ u
zat͡seplʲalo	z a t͡s i p lʲ a ɫ a
abadant͡se	a b a d a n t͡s i
rʲeav	rʲ e j i f
ranetkʲi	r a nʲ e t kʲ i
pokladaa	p a k ɫ a d a j a
prʲedpʲiʂem	p rʲ i t pʲ i ʂ i m
borozdʲim	b a r a zʲ dʲ i m
nuvorʲiʂam	n u v a rʲ i ʂ a m
arkʲe	a r kʲ e
vzbʲeɡav	v z bʲ i ɡ a f
ɡumanizmʲe	ɡ u m a nʲ i z mʲ e
roʒu	r o ʐ j u
ɡidratɨ	ɡʲ i d r a t i
dovʲerʲitʲelʲnostʲam	d a vʲ i rʲ i tʲ i lʲ n a sʲ tʲ a m
xolodavʂi	x a ɫ a d a f ʂ i
tʲulʲpana	tʲ u lʲ p a n a
vɨkrasʲilo	v i k r a sʲ i ɫ a
vzvʲint͡ɕʲival	v z vʲ i nʲ t͡ɕ i v a ɫ
vuj	v u j
marazmɨ	m a r a z m i
dʲisɡarmonieu	dʲ i z ɡ a r m o nʲ i j i j u
lomaku	ɫ a m a k u
pamʲatʲej	p a mʲ i tʲ i j
vsʲedozvolʲennostʲax	f sʲ i d a z v o lʲ i n a sʲ tʲ a x
kurkumoj	k u r k u m a j
tuʂuj	t u ʂ u j
zanosʲit	z a n o sʲ i t
kʲinoapparatom	kʲ i n a a p a r a t a m
prʲipomʲinaeʂʲː	p rʲ i p a mʲ i n a j i ʂ
zʲeval	zʲ i v a ɫ
nakalɨvatʲ	n a k a ɫ i v a tʲ
kontraktnikax	k a n t r a k tʲ nʲ i k a x
obut͡ɕʲavʂijsʲa	a b u t͡ɕ a f ʂ i j sʲ a
upomʲinautsʲa	u p a mʲ i n a j u t͡s a
abdʲerʲitamʲi	a b dʲ i rʲ i t a mʲ i
tʲerʲebʲejt͡ɕʲuk	tʲ i rʲ i bʲ i j t͡ɕ u k
ut͡ɕʲuɡov	u t͡ɕ u ɡ a f
izvʲedav	i z vʲ e d a f
dopolnivʂij	d a p o ɫ nʲ i f ʂ i j
davlʲeniam	d a v lʲ e nʲ i j a m
prʲikolotʲ	p rʲ i k a ɫ o tʲ
kolosʲam	k a ɫ o sʲ j a m
monɡolom	m a n ɡ o ɫ a m
vɨsʲevok	v i sʲ i v a k
zatʲeʂeʂʲː	z a tʲ e ʂ i ʂ
durakov	d u r a k o f
korʲenivʂisʲ	k a rʲ i nʲ i f ʂ i sʲ
tulʲii	t u lʲ i i
vɨkraivautsʲa	v i k r a i v a j u t͡s a
mnenij	m nʲ e nʲ i j
prosvʲetlʲevʂij	p r a s vʲ i t lʲ e f ʂ i j
pʲervɨe	pʲ e r v i j e
buxankʲe	b u x a n kʲ e
svʲetʲitʲsʲa	s vʲ i tʲ i t͡s a
zavoraʒivatʲ	z a v a r a ʐ i v a tʲ
jepʲitraxʲilʲej	j i pʲ i t r a xʲ i lʲ i j
statʲejkoj	s t a tʲ e j k a j
vmazɨvaj	v m a z i v a j
proɕːana	p r a ɕː a nʲ j a
kot͡ɕʲevnikʲe	k a t͡ɕ e v nʲ i kʲ e
xlʲebt͡sem	x lʲ e p t͡s i m
upotrʲeblʲalʲi	u p a t rʲ i b lʲ a lʲ i
xadʲisa	x a dʲ i s a
oɕːetʲinila	a ɕː i tʲ i nʲ i ɫ a
sot͡ɕʲineniem	s a t͡ɕ i nʲ e nʲ i j i m
prʲipolzatʲ	p rʲ i p a ɫ z a tʲ
sʲjedutsʲa	s j e d u t͡s a
t͡sesarʲem	t͡s e s a rʲ i m
sosnou	s a s n o j u
patrulʲnomu	p a t r u lʲ n a m u
ɡobʲelʲene	ɡ a bʲ i lʲ e nʲ e
anusax	a n u s a x
ispʲisɨvalo	i s pʲ i s i v a ɫ a
bʲesnovatɨmʲi	bʲ i s n a v a t i mʲ i
rʲizʲe	rʲ i zʲ e
tʲerrorʲistʲe	t i r a rʲ i sʲ tʲ e
prʲisluʒilʲi	p rʲ i s ɫ u ʐ i lʲ i
oslʲixam	a s ⁽ʲ ⁾ lʲ i x a m
artʲistkʲe	a r tʲ i s t kʲ e
oblʲuu	a b lʲ u j u
vkradɨvalasʲ	f k r a d i v a ɫ a sʲ
pʲerʲetʲeklʲi	pʲ i rʲ i tʲ i k lʲ i
popravʲiʂʲː	p a p r a vʲ i ʂ
okau	o k a j u
rʲeznamʲi	rʲ i zʲ nʲ a mʲ i
podvorotne	p a d v a r o tʲ nʲ e
ʒaʒda	ʐ a ʐ d a
proʒidʲax	p r o ʐ i dʲ a x
xaalʲi	x a j i lʲ i
svʲet͡ɕʲnikʲe	s vʲ i t͡ɕ nʲ i kʲ e
obnaʒitʲe	a b n a ʐ i tʲ e
razdvʲinulʲisʲ	r a z d vʲ i n u lʲ i sʲ
podmʲetajtʲe	p a d mʲ i t a j tʲ e
skoroɡovorka	s k a r a ɡ a v o r k a
osmotramʲi	a s m o t r a mʲ i
kroʂennɨj	k r o ʂ i n i j
rastrʲevoʒivaut	r a s t rʲ i v o ʐ i v a j u t
zaɡar	z a ɡ a r
tolkalosʲ	t a ɫ k a ɫ a sʲ
sʲerdt͡sebʲieniax	sʲ i r t͡s i bʲ i j e nʲ i j a x
obvʲetʂalɨj	a b vʲ i t͡ʂ ʂ a ɫ i j
traktuetʲe	t r a k t u j i tʲ e
nenadobnɨj	nʲ i n a d a b n i j
slʲozɨ	s ⁽ʲ ⁾ lʲ o z i
pʲerʲetʲaɡivavʂi	pʲ i rʲ i tʲ a ɡʲ i v a f ʂ i
obodam	o b a d a m
uvʲezʲoʂʲː	u vʲ i zʲ o ʂ
prʲeɡradʲivʂij	p rʲ i ɡ r a dʲ i f ʂ i j
zasvʲistʲim	z a s vʲ i sʲ tʲ i m
kʲinoaktrʲisoj	kʲ i n a a k t rʲ i s a j
uedʲinavʂisʲ	u j i dʲ i nʲ a f ʂ i sʲ
aktʲivʲizʲiruetʲe	a k tʲ i vʲ i zʲ i r u j i tʲ e
oɡonʲkam	a ɡ a nʲ k a m
dɨmʲilʲi	d i mʲ i lʲ i
akkompanirovalʲi	a k a m p a nʲ i r a v a lʲ i
butʲilʲiruut	b u tʲ i lʲ i r u j u t
vladʲislavom	v ɫ a dʲ i s ɫ a v a m
tolknoʂʲː	t a ɫ k nʲ o ʂ
zatʲiraa	z a tʲ i r a j a
polʲzovaniax	p o lʲ z a v a nʲ i j a x
praporɕːik	p r a p a r ɕː i k
sorʲevnujtʲesʲ	s a rʲ i v n u j tʲ i sʲ
fabrʲikuu	f a b rʲ i k u j u
vosprʲinala	v a s p rʲ i nʲ i ɫ a
poxoroniʂʲː	p a x a r o nʲ i ʂ
sxodna	s x o d n a
vozvɨʂenno	v a z v i ʂ i n a
avtoɡene	a f t a ɡʲ e nʲ e
promokavʂij	p r a m a k a f ʂ i j
pʲerʲeɡrʲelʲisʲ	pʲ i rʲ i ɡ rʲ e lʲ i sʲ
podɡotovlʲajtʲe	p a d ɡ a t a v lʲ a j tʲ e
potrʲebnostʲax	p a t rʲ e b n a sʲ tʲ a x
odarʲivaa	a d a rʲ i v a j a
t͡ɕʲuɡunno	t͡ɕ u ɡ u n a
otvaʒivaemsʲa	a t v a ʐ i v a j i m sʲ a
prʲezumpt͡siamʲi	p rʲ i z u m p t͡s i j a mʲ i
rasstraivalsʲa	r a s t r a i v a ɫ s ⁽ʲ ⁾ a
dovlʲelo	d a v lʲ e ɫ a
smradʲiʂʲː	s m r a dʲ i ʂ
adsorbʲirovav	a t͡s s a r bʲ i r a v a f
rʲefraktorʲe	rʲ i f r a k t a rʲ e
izlʲianiamʲi	i z ⁽ʲ ⁾ lʲ i j a nʲ i j a mʲ i
ɡobʲelʲenamʲi	ɡ a bʲ i lʲ e n a mʲ i
prʲiɡlʲadɨvavʂijsʲa	p rʲ i ɡ lʲ a d i v a f ʂ i j sʲ a
ekst͡sessov	i k s t͡s e s a f
vzʲatot͡ɕʲnikam	v zʲ a t a t͡ɕ nʲ i k a m
potʲorla	p a tʲ o r ɫ a
abstraktam	a p s t r a k t a m
soskamʲi	s o s k a mʲ i
brʲoxa	b rʲ o x a
poblaɡodarʲitʲ	p a b ɫ a ɡ a d a rʲ i tʲ
ʒut͡ɕʲkov	ʐ u t͡ɕ k o f
osʲet͡ɕʲkam	a sʲ e t͡ɕ k a m
spʲet͡sialʲizmɨ	s pʲ i t͡s i a lʲ i z m i
sʲertʲifʲikata	sʲ i r tʲ i fʲ i k a t a
ɡonorʲei	ɡ a n a rʲ e i
ukradʲoʂʲː	u k r a dʲ o ʂ
vozdadʲitʲe	v a z d a dʲ i tʲ e
proʒiɡaem	p r a ʐ i ɡ a j i m
butaforʲiej	b u t a f o rʲ i j i j
dʲist͡siplʲinirovala	dʲ i s t͡s i p lʲ i nʲ i r a v a ɫ a
osunetsʲa	a s u nʲ i t͡s a
vʲinovnit͡sax	vʲ i n o v nʲ i t͡s a x
pʲitomt͡se	pʲ i t o m t͡s i
zamʲalo	z a mʲ a ɫ a
porot͡ɕʲilʲi	p a r o t͡ɕ i lʲ i
dʲetot͡ɕʲka	dʲ e t a t͡ɕ k a
pʲerʲeskazɨvaem	pʲ i rʲ i s k a z i v a j i m
baʂkʲe	b a ʂ kʲ e
poblaɡodarʲim	p a b ɫ a ɡ a d a rʲ i m
dublʲonkʲi	d u b lʲ o n kʲ i
razvʲernuvʂij	r a z vʲ i r n u f ʂ i j
protʲivopoloʒu	p r o tʲ i v a p a ɫ a ʐ u
nuxalʲɕːikʲi	nʲ u x a lʲ ɕː i kʲ i
ozarʲi	a z a rʲ i
ott͡ɕʲuʒu	a t͡ɕ u ʐ u
bufʲerax	b u fʲ i r a x
dotʲaɡivauɕːijsʲa	d a tʲ a ɡʲ i v a j u ɕː i j sʲ a
vʲent͡ɕʲania	vʲ i nʲ t͡ɕ a nʲ i j a
okuplʲennɨj	a k u p lʲ i n i j
postroit	p a s t r o i t
uazvlʲaa	u j i z v lʲ a j a
poɡovorʲitʲe	p a ɡ a v a rʲ i tʲ e
t͡sarʲevna	t͡s a rʲ e v n a
boltʲe	b a ɫ tʲ e
zabʲil	z a bʲ i ɫ
lʲuks	lʲ u k s
sbʲilo	z bʲ i ɫ a
t͡ɕʲaat͡ɕʲij	t͡ɕ a j i t͡ɕ i j
nadavavʂij	n a d a v a f ʂ i j
konku	k o n k u
usmʲexaasʲ	u s mʲ i x a j i sʲ
prʲivʲazʲ	p rʲ i vʲ i sʲ
paradʲiɡmam	p a r a dʲ i ɡ m a m
zat͡ɕʲorkʲivaem	z a t͡ɕ o r kʲ i v a j i m
suɕːnostʲu	s u ɕː n a sʲ tʲ j u
podmʲet͡ɕʲavʂij	p a d mʲ i t͡ɕ a f ʂ i j
rʲeek	rʲ e j i k
prosvʲetʲiʂʲː	p r a s vʲ e tʲ i ʂ
nidʲerlandskoɡo	nʲ i dʲ i r ɫ a n t s k a v a
poladʲiv	p a ɫ a dʲ i f
novoanɡlʲit͡ɕʲanax	n o v a a n ɡ lʲ i t͡ɕ a n a x
poʒiraet	p a ʐ i r a j i t
tarʲifov	t a rʲ i f a f
nast͡ɕʲot	n a ɕː o t
raspuskavʂisʲ	r a s p u s k a f ʂ i sʲ
zabɨvalsʲa	z a b i v a ɫ s ⁽ʲ ⁾ a
oklʲemaetʲesʲ	a k lʲ i m a j i tʲ i sʲ
provozʲa	p r a v a zʲ a
udʲelax	u dʲ e ɫ a x
vɨtrʲaxʲivaet	v i t rʲ a xʲ i v a j i t
zatrudni	z a t r u dʲ nʲ i
prʲinimavʂisʲ	p rʲ i nʲ i m a f ʂ i sʲ
prokladɨvauɕːij	p r a k ɫ a d i v a j u ɕː i j
rusʲifʲit͡sirueʂʲːsʲa	r u sʲ i fʲ i t͡s i r u j i ʂ sʲ a
stvoru	s t v o r u
rasxodovalʲi	r a s x o d a v a lʲ i
zat͡ɕʲarovav	z a t͡ɕ i r a v a f
t͡ɕʲempʲionamʲi	t͡ɕ i m ⁽ʲ ⁾ pʲ i o n a mʲ i
rast͡ɕʲosɨvalasʲ	r a ɕ t͡ɕ o s i v a ɫ a sʲ
zarʲevom	z a rʲ i v a m
neformalʲno	nʲ i f a r m a lʲ n a
otslʲeʒivaet	a t͡s s ⁽ʲ ⁾ lʲ e ʐ i v a j i t
prʲiɡlʲadɨvaem	p rʲ i ɡ lʲ a d i v a j i m
brʲussʲelʲskʲij	b rʲ u sʲ e lʲ s kʲ i j
rokax	r o k a x
raskrut͡ɕʲivalo	r a s k r u t͡ɕ i v a ɫ a
t͡ɕʲelnok	t͡ɕ i ɫ n o k
rʲemʲeʂkam	rʲ i mʲ i ʂ k a m
vʲedavʂij	vʲ e d a f ʂ i j
ivolɡou	i v a ɫ ɡ a j u
kollʲed͡ʒ	k o lʲ i t͡ʂ ʂ
provʲerʲiv	p r a vʲ e rʲ i f
mʲikrosxʲemɨ	mʲ i k r a s xʲ e m i
vɨasnaeʂʲː	v i j i sʲ nʲ a j i ʂ
nadkolʲennikʲe	n a t k a lʲ e nʲ i kʲ e
pʲerʲekusʲat	pʲ i rʲ i k u sʲ a t
pokrut͡ɕʲennɨj	p a k r u t͡ɕ i n i j
zatʲirav	z a tʲ i r a f
pʲerʲet͡ɕʲtʲom	pʲ i rʲ i t͡ɕ tʲ o m
poddanstvu	p o d a n s t v u
vɨlʲivalsʲa	v i lʲ i v a ɫ s ⁽ʲ ⁾ a
porastʲot	p a r a sʲ tʲ o t
provajdʲerɨ	p r a v a j d i r i
polʲemʲiku	p a lʲ e mʲ i k u
pʲerʲelomlʲu	pʲ i rʲ i ɫ a m lʲ u
razʲjom	r a z j o m
izmʲenalo	i z mʲ i nʲ a ɫ a
absorbatam	a p s a r b a t a m
pʲisatʲelʲamʲi	pʲ i s a tʲ i lʲ a mʲ i
lad	ɫ a t
axʲi	a xʲ i
izvlʲekut	i z v lʲ i k u t
vzbʲiraetʲesʲ	v z bʲ i r a j i tʲ i sʲ
fotokartot͡ɕʲkamʲi	f a t a k a r t a t͡ɕ k a mʲ i
obʲjedaemɨj	a b j i d a j i m i j
zavalʲitʲesʲ	z a v a lʲ i tʲ i sʲ
zakladɨvaj	z a k ɫ a d i v a j
urʲezɨvav	u rʲ e z i v a f
prʲidʲelatʲ	p rʲ i dʲ e ɫ a tʲ
pʲerʲestavʲitʲ	pʲ i rʲ i s t a vʲ i tʲ
krʲemniev	k rʲ e m nʲ i j i f
vsovavʂi	f s a v a f ʂ i
t͡sinɡou	t͡s i n ɡ o j u
krʲiptonov	k rʲ i p t o n a f
ɡomoni	ɡ a m a nʲ i
dumaem	d u m a j i m
povʲazannɨj	p a vʲ a z a n i j
zastrʲelʲiv	z a s t rʲ i lʲ i f
apoɡraf	a p o ɡ r a f
podsolnuxʲe	p a t͡s s o ɫ n u xʲ e
prʲivʲivaj	p rʲ i vʲ i v a j
bukkʲerɨ	b u kʲ i r i
jumorʲistʲit͡ɕʲeskaa	j u m a rʲ i sʲ tʲ i t͡ɕ i s k a j a
vɨdvorʲavʂi	v i d v a rʲ a f ʂ i
podlodkʲe	p a d ɫ o t kʲ e
lapalʲi	ɫ a p a lʲ i
otɕːeplʲajtʲe	a t͡ɕ ɕː i p lʲ a j tʲ e
zavʲedovaniem	z a vʲ e d a v a nʲ i j i m
smudrʲit	s m u d rʲ i t
zdʲesʲ	zʲ dʲ e sʲ
zaimʲejtʲe	z a i mʲ e j tʲ e
kuvʂinkax	k u f ʂ i n k a x
pokataeʂʲː	p a k a t a j i ʂ
podʂipnikam	p a t͡ʂ ʂ i p nʲ i k a m
nesbɨtot͡ɕʲnɨj	nʲ i z b i t a t͡ɕ n i j
stoil	s t o i ɫ
zaebatʲ	z a j i b a tʲ
zarazʲatsʲa	z a r a zʲ a t͡s a
sprosonok	s p r a s o n a k
zapʲerlʲisʲ	z a pʲ i r lʲ i sʲ
ɡeroinax	ɡʲ i r a i nʲ a x
mut͡ɕʲu	m u t͡ɕ u
zapʲirausʲ	z a pʲ i r a j u sʲ
nepoɡrʲeʂimɨj	nʲ i p a ɡ rʲ i ʂ i m i j
pakʲistant͡sɨ	p a kʲ i s t a n t͡s i
povʲertʲit	p a vʲ e r tʲ i t
jeparxʲia	j i p a r xʲ i j a
pokrɨʂka	p a k r i ʂ k a
tʲeatrʲe	tʲ i a t a rʲ e
tut͡ɕʲnostʲi	t u t͡ɕ n a sʲ tʲ i
spʲor	s pʲ o r
vstavʲiʂʲːsʲa	f s t a vʲ i ʂ sʲ a
vɨpravlʲatʲ	v i p r a v lʲ a tʲ
vʲetʂaem	vʲ i t͡ʂ ʂ a j i m
naduʂu	n a d u ʂ u
lʲiznuv	lʲ i z n u f
opasʲenia	a p a sʲ e nʲ i j a
pʲerʲelʲivaet	pʲ i rʲ i lʲ i v a j i t
t͡ɕʲuvstvujtʲe	t͡ɕ u s t v u j tʲ e
osuʂal	a s u ʂ a ɫ
vvodʲimsʲa	v o dʲ i m sʲ a
sʲekundɨ	sʲ i k u n d i
poxodom	p a x o d a m
osvʲedomlʲauɕːijsʲa	a s vʲ i d a m lʲ a j u ɕː i j sʲ a
plʲuralʲizmam	p lʲ u r a lʲ i z m a m
zvʲenetʲ	z vʲ i nʲ e tʲ
pʲejd͡ʒer	p e j d͡ʐ ʐ i r
povalʲila	p a v a lʲ i ɫ a
askʲetom	a s kʲ e t a m
sʲintʲeza	sʲ i n t i z a
kʲinoplʲonkax	kʲ i n a p lʲ o n k a x
klʲetku	k lʲ e t k u
otvorat͡ɕʲivausʲ	a t v a r a t͡ɕ i v a j u sʲ
zakopuʂkoj	z a k a p u ʂ k a j
prʲeobrazovɨvavʂijsʲa	p rʲ i a b r a z o v i v a f ʂ i j sʲ a
otborɨ	a d b o r i
alkʲinov	a ɫ kʲ i n a f
trʲeklʲistax	t r i k lʲ i s t a x
obnadʲoʒivaj	a b n a dʲ o ʐ i v a j
postɨlʲevʂij	p a s t i lʲ i f ʂ i j
nakalʲalasʲ	n a k a lʲ a ɫ a sʲ
ɡorʲat͡ɕʲnostʲej	ɡ a rʲ a t͡ɕ n a sʲ tʲ i j
otvorat͡ɕʲivaj	a t v a r a t͡ɕ i v a j
sʲimulʲiruj	sʲ i m u lʲ i r u j
tumannostʲax	t u m a n a sʲ tʲ a x
usloʒnaem	u s ɫ a ʐ nʲ a j i m
razɡonaetʲe	r a z ɡ a nʲ a j i tʲ e
translʲat͡siam	t r a n s ⁽ʲ ⁾ lʲ a t͡s i j a m
udarʲaemsʲa	u d a rʲ a j i m sʲ a
osmɨslʲivaemɨj	a s m i s ⁽ʲ ⁾ lʲ i v a j i m i j
vlastolʲubʲia	v ɫ a s t a lʲ u bʲ i j a
zalʲeplʲaa	z a lʲ i p lʲ a j a
volokut	v a ɫ a k u t
ʂaromɨɡoj	ʂ a r a m i ɡ a j
t͡ɕʲerʲemʂax	t͡ɕ i rʲ i m ʂ a x
ostrotoj	a s t r o t a j
druʒestvʲenen	d r u ʐ i s t vʲ i nʲ i n
assʲemblʲera	a s e m b lʲ i r a
poprosʲisʲ	p a p r a sʲ i sʲ
tʲempʲeramʲentamʲi	tʲ i m ⁽ʲ ⁾ pʲ i r a mʲ i n t a mʲ i
utkom	u t k o m
proburt͡ɕʲala	p r a b u r t͡ɕ a ɫ a
oprobovannɨj	a p r o b a v a n i j
potaskuʂkʲi	p a t a s k u ʂ kʲ i
zaiskʲivalʲi	z a i s kʲ i v a lʲ i
ɡidroloɡiax	ɡʲ i d r a ɫ o ɡʲ i j a x
spokojstvʲii	s p a k o j s t vʲ i i
tablʲit͡ɕʲku	t a b lʲ i t͡ɕ k u
informat͡sionnɨj	i n f a r m a t͡s i o n i j
potoptalosʲ	p a t a p t a ɫ a sʲ
intʲerprʲetʲirovannɨj	i n t i r p rʲ i tʲ i r a v a n i j
kusaem	k u s a j i m
nasɨlaem	n a s i ɫ a j i m
stalkʲivausʲ	s t a ɫ kʲ i v a j u sʲ
nakaplʲivaem	n a k a p lʲ i v a j i m
sʲistola	sʲ i s t a ɫ a
mʲinett͡ɕʲikom	mʲ i nʲ j e t͡ɕ i k a m
kratkam	k r a t k a m
arumɨnkoj	a r u m i n k a j
vɨrʲisovɨvatʲsʲa	v i rʲ i s o v i v a t͡s a
obʲidamʲi	a bʲ i d a mʲ i
sostrʲapaetʲe	s a s t rʲ a p a j i tʲ e
odɨʂka	a d i ʂ k a
trotuaru	t r a t u a r u
bʲezobrazʲiem	bʲ i z a b r a zʲ i j i m
vɨspraʂivaemɨj	v i s p r a ʂ i v a j i m i j
plat͡senta	p ɫ a t͡s e n t a
furɡonu	f u r ɡ o n u
vɨvorat͡ɕʲivaetʲe	v i v a r a t͡ɕ i v a j i tʲ e
vɨraʒen	v i r a ʐ i n
soizvolʲeniem	s a i z v a lʲ e nʲ i j i m
razdʲelʲno	r a zʲ dʲ e lʲ n a
olʲimpʲijkou	a lʲ i m ⁽ʲ ⁾ pʲ i j k a j u
sformulʲiroval	s f a r m u lʲ i r a v a ɫ
vskʲinul	f s kʲ i n u ɫ
pʲerʲebolʲevala	pʲ i rʲ i b a lʲ i v a ɫ a
sʲjazvʲil	s j i z vʲ i ɫ
dolʒnɨe	d o ɫ ʐ n i j e
vɨtvorʲaeʂʲː	v i t v a rʲ a j i ʂ
povʲedɨvaetʲe	p a vʲ e d i v a j i tʲ e
prʲiɡibaut	p rʲ i ɡʲ i b a j u t
sʲiɡalo	sʲ i ɡ a ɫ a
opasku	a p a s k u
ambra	a m b r a
katrane	k a t r a nʲ e
snaʂivala	s n a ʂ i v a ɫ a
smɨkal	s m i k a ɫ
sʲiɡnalʲu	sʲ i ɡ n a lʲ u
razroznivʂi	r a z r o zʲ nʲ i f ʂ i
zamʲenalʲisʲ	z a mʲ i nʲ a lʲ i sʲ
uxaʒivavʂi	u x a ʐ i v a f ʂ i
nalʲeɡkʲe	n a lʲ i xʲ kʲ e
ʒidkostʲamʲi	ʐ i t k a sʲ tʲ a mʲ i
svʲinina	s vʲ i nʲ i n a
rʲisoval	rʲ i s a v a ɫ
lʲivʲijka	lʲ i vʲ i j k a
t͡ɕʲoxoj	t͡ɕ i x o j
allʲuzʲiamʲi	a lʲ u zʲ i j a mʲ i
ʂumov	ʂ u m a f
xat͡ɕʲikʲe	x a t͡ɕ i kʲ e
tʲekʲil	tʲ i kʲ i ɫ
ponudʲit	p a n u dʲ i t
samosvalax	s a m a s v a ɫ a x
vskrʲikov	f s k rʲ i k a f
sʲilʲikonɨ	sʲ i lʲ i k o n i
plʲevav	p lʲ i v a f
tɨkva	t i k v a
rasprostranajsʲa	r a s p r a s t r a nʲ a j sʲ a
varʲiruut	v a rʲ j i r u j u t
intrʲiɡan	i n t rʲ i ɡ a n
prosvʲeɕːaj	p r a s vʲ i ɕː a j
zavʲernutʲ	z a vʲ i r n u tʲ
poʒivavʂij	p a ʐ i v a f ʂ i j
adsorbʲirua	a t͡s s a r bʲ i r u j a
opʲeratʲivnostʲu	a pʲ i r a tʲ i v n a sʲ tʲ j u
popolnatʲ	p a p a ɫ nʲ a tʲ
vrʲezaetʲe	v rʲ i z a j i tʲ e
prʲiatnɨ	p rʲ i j a t n i
utopaem	u t o p a j i m
poelʲi	p a j e lʲ i
mankoj	m a n k a j
sadʲit	s a dʲ i t
opuʂavʂisʲ	a p u ʂ a f ʂ i sʲ
antʲidotʲe	a nʲ tʲ i d o tʲ e
kombʲinirueʂʲː	k a m ⁽ʲ ⁾ bʲ i nʲ i r u j i ʂ
soprovodʲiʂʲː	s a p r a v a dʲ i ʂ
normʲirovaniamʲi	n a r mʲ i r a v a nʲ i j a mʲ i
kuvʂinku	k u f ʂ i n k u
dosadovavʂij	d a s a d a v a f ʂ i j
orʲeʂʲː	o rʲ i ʂ
prʲiɡodnostʲ	p rʲ i ɡ o d n a sʲ tʲ
sɨrovarov	s i r a v a r a f
oktʲabrʲ	a k tʲ a b rʲ
proʒovɨvaemɨj	p r a ʐ o v i v a j i m i j
kasajtʲesʲ	k a s a j tʲ i sʲ
ʒenit	ʐ e nʲ i t
ʒornov	ʐ o r n a f
otpuɡivalo	a t p u ɡʲ i v a ɫ a
fajlʲikax	f a j lʲ i k a x
izobarou	i z a b a r a j u
razmʲeʒuet	r a z mʲ i ʐ u j i t
opuʂajsʲa	a p u ʂ a j sʲ a
baklaɡa	b a k ɫ a ɡ a
katʲeɡorʲit͡ɕʲnostʲej	k a tʲ i ɡ a rʲ i t͡ɕ n a sʲ tʲ i j
vɨvodkam	v i v a t k a m
vzvʲeʂivavʂi	v z vʲ e ʂ i v a f ʂ i
proiɡraeʂʲː	p r a i ɡ r a j i ʂ
enerɡonosʲitʲelʲi	i n e r ɡ a n a sʲ i tʲ i lʲ i
poɡrʲeʂu	p a ɡ rʲ i ʂ u
promaxax	p r o m a x a x
opʲerom	o pʲ i r a m
zaela	z a j e ɫ a
kotʲirovatʲ	k a tʲ i r a v a tʲ
neustroennostʲam	nʲ i u s t r o j i n a sʲ tʲ a m
podt͡ɕʲorkʲivaut	p a t͡ɕ o r kʲ i v a j u t
ɡenetʲikam	ɡʲ i n e tʲ i k a m
kaskadam	k a s k a d a m
vkladɨvaut	f k ɫ a d i v a j u t
pʲitonu	pʲ i t o n u
iskalʲet͡ɕʲilo	i s k a lʲ e t͡ɕ i ɫ a
neumʲerʲen	nʲ i u mʲ e rʲ i n
fʲinansʲirovalo	fʲ i n a n ⁽ʲ ⁾ sʲ i r a v a ɫ a
obɕːo	a p ɕː o
vampʲirax	v a m ⁽ʲ ⁾ pʲ i r a x
vɨlovʲat	v i ɫ a vʲ a t
nanosa	n a n o s a
prʲismotrʲev	p rʲ i s m a t rʲ e f
boɡoslovɨ	b a ɡ a s ɫ o v i
rasstʲilavʂi	r a sʲ tʲ i ɫ a f ʂ i
iskorʲoʒilo	i s k a rʲ o ʐ i ɫ a
ott͡ɕʲislʲaem	a t͡ɕ i s ⁽ʲ ⁾ lʲ a j i m
vɨdat͡ɕʲeu	v i d a t͡ɕ i j u
rodoslovnɨmʲi	r a d a s ɫ o v n i mʲ i
okolʲosʲit͡sax	a k a lʲ o sʲ i t͡s a x
moratorʲij	m a r a t o rʲ i j
ʂtrafoval	ʂ t r a f a v a ɫ
zautrʲenʲ	z a u t rʲ i nʲ
prʲidavaemɨj	p rʲ i d a v a j i m i j
sdavʲilo	z d a vʲ i ɫ a
strʲemʲanku	s t rʲ i mʲ a n k u
vrʲemʲet͡ɕʲkʲe	v rʲ e mʲ i t͡ɕ kʲ e
ponimaetʲesʲ	p a nʲ i m a j i tʲ i sʲ
prʲisudʲim	p rʲ i s u dʲ i m
skorrʲektʲiroval	s k a rʲ i k tʲ i r a v a ɫ
iskusʲitʲe	i s k u sʲ i tʲ e
svʲerɡala	s vʲ i r ɡ a ɫ a
trudovoj	t r u d a v o j
zablaɡorassudʲim	z a b ɫ a ɡ a r a s u dʲ i m
poʒeltʲeem	p a ʐ i ɫ tʲ e j i m
ɡruzʲimɨj	ɡ r u zʲ i m i j
sparɨvalʲi	s p a r i v a lʲ i
vostokovʲedam	v a s t a k a vʲ e d a m
pravobʲerʲeʒnɨj	p r a v a bʲ i rʲ e ʐ n i j
ʒerlax	ʐ e r ɫ a x
bʲespolʲeznɨj	bʲ i s p a lʲ e z n i j
vɨprʲamlʲal	v i p rʲ i m lʲ a ɫ
vɨtrʲaxneʂʲː	v i t rʲ i x nʲ i ʂ
vatka	v a t k a
sadku	s a t k u
zakolʲebatʲ	z a k a lʲ i b a tʲ
razʒivalasʲ	r a ʐ i v a ɫ a sʲ
vorvʲitʲesʲ	v a r vʲ i tʲ i sʲ
zadrʲemlʲut	z a d rʲ e m lʲ u t
raskraskoj	r a s k r a s k a j
kurskʲij	k u r s kʲ i j
ɡuvʲernantku	ɡ u vʲ i r n a n t k u
brʲizantnostʲax	b rʲ i z a n t n a sʲ tʲ a x
druʒila	d r u ʐ i ɫ a
kontrollʲera	k a n t r o lʲ i r a
okant͡ɕʲivavʂisʲ	a k a nʲ t͡ɕ i v a f ʂ i sʲ
tupʲiʂʲː	t u pʲ i ʂ
bʲiblʲiotʲekarʂa	bʲ i b lʲ i a tʲ e k a r ʂ a
sraʒenu	s r a ʐ e nʲ j u
koʂelʲax	k a ʂ i lʲ a x
vkalɨvaa	f k a ɫ i v a j a
slʲivamʲi	s ⁽ʲ ⁾ lʲ i v a mʲ i
polutʲmax	p a ɫ u tʲ m a x
vɨdaut	v i d a j u t
putausʲ	p u t a j u sʲ
sovratʲilʲi	s a v r a tʲ i lʲ i
manovʲenii	m a n a vʲ e nʲ i i
matrasamʲi	m a t r a s a mʲ i
lʲesomatʲerʲialam	lʲ e s a m a tʲ i rʲ i a ɫ a m
prʲivʲaʒu	p rʲ i vʲ i ʐ u
dʲespotamʲi	dʲ e s p a t a mʲ i
propʲitaniax	p r a pʲ i t a nʲ i j a x
otvorʲav	a t v a rʲ a f
mʲasorubkamʲi	mʲ i s a r u p k a mʲ i
ukutavʂi	u k u t a f ʂ i
dɨnamʲi	d i nʲ a mʲ i
mudooba	m u d a j o b a
podstraxoval	p a t͡s s t r a x a v a ɫ
obzvonit	a b z v a nʲ i t
lʲejkozom	lʲ i j k o z a m
ustanovʲit	u s t a n o vʲ i t
sovʲerʂatsʲa	s a vʲ i r ʂ a t͡s a
dʲesʲatʲiuɡolʲniku	dʲ i sʲ i tʲ i u ɡ o lʲ nʲ i k u
uprʲatav	u p rʲ a t a f
ɕːitkax	ɕː i t k a x
nedoedavʂij	nʲ i d a j i d a f ʂ i j
zaprosʲat	z a p r o sʲ a t
lʒenauka	ɫ ʐ i n a u k a
vʲozsʲa	vʲ o sʲ a
odʲinoka	a dʲ i n o k a
vɨdavlʲivaa	v i d a v lʲ i v a j a
kotʲelkʲi	k a tʲ i ɫ kʲ i
prʲidʲerusʲ	p rʲ i dʲ i r u sʲ
tʲipaʒax	tʲ i p a ʐ a x
anɡstrʲem	a n k s t r i m
ʒestokʲij	ʐ i s t o kʲ i j
posvʲistɨvalʲi	p a s vʲ i s t i v a lʲ i
udot͡ɕʲerʲeniax	u d a t͡ɕ i rʲ e nʲ i j a x
azʲikamʲi	a zʲ i k a mʲ i
prʲivʲintʲi	p rʲ i vʲ i nʲ tʲ i
sʲinxronizat͡sij	sʲ i n x r a nʲ i z a t͡s i j
zarʒavʲetʲ	z a r ʐ a vʲ i tʲ
otlʲeʒalasʲ	a t lʲ i ʐ a ɫ a sʲ
dʲevajsam	dʲ i v a j s a m
elʲiksʲirom	i lʲ i k sʲ i r a m
vzmʲotɨvaemɨj	v z mʲ o t i v a j i m i j
otkraivaeʂʲː	a t k r a i v a j i ʂ
pʲioneru	pʲ i a nʲ e r u
akojt	a k o j t
dotaskav	d a t a s k a f
zavʲerʂalo	z a vʲ i r ʂ a ɫ a
niku	nʲ i k u
razʲjarʲaetʲe	r a z j i rʲ a j i tʲ e
