adike	a ð i c i
akes	a c i s
akouga	a k u ɣ a
akousa	a k u s a
androu	a n ð ɾ u
anthropos	a n θ ɾ o p o s
ande	a d e
aron	a r o n
ebala	e v a l a
ebale	e v a l e
engrafo	e ŋ ɣ r a f o
ezesan	e z i s a n
ethnos	e θ n o s
ekthese	e k θ e s i
ekplexe	e k p l i k s i
ellena	e l i n a
ellenes	e l i n e s
enandi	e n a n d i
endero	e n d e ɾ o
endrome	e n d ɾ o m i
eprepe	e p ɾ e p e
etoimos	e t i m o s
etos	e t o s
eftiaxa	e f t ç a k s a
echasa	e x a s a
echome	e x o m e
echondas	e x o n d a s
echoun	e x u n
ede	i ð i
emastan	i m a s t a n
emaste	i m a s t e
emoun	i m u n
esan	i s a n
etan	i t a n
etane	i t a n e
etta	i t a
idios	i ð ʝ o s
isos	i s o s
aigyptos	e ʝ i p t o s
aithousa	e θ u s a
aisthema	e s θ i m a
aitese	e t i s i
abanngarnd	a v a ŋ ɡ a ɾ d
agias	a ʝ i a s
agiou	a ʝ i u
agious	a ʝ i u s
aganakto	a ɣ a n a k t o
agapao	a ɣ a p a o
agapemena	a ɣ a p i m e n a
agapemeno	a ɣ a p i m e n o
agapemenous	a ɣ a p i m e n u s
agapo	a ɣ a p o
angeloudia	a ŋ ɟ e l u ð ʝ a
agora	a ɣ o r a
agoras	a ɣ o r a s
agoron	a ɣ o r o n
agonia	a ɣ o n i a
agoniston	a ɣ o n i s t o n
adelfe	a ð e l f i
adelfos	a ð e l f o s
adrenaline	a ð ɾ e n a l i n i
aerodromio	a e ɾ o ð ɾ o m i o
athenaios	a θ i n e o s
aisthanomai	e s θ a n o m e
aitia	e t i a
akousteke	a k u s t i k e
akribeia	a k r i v i a
akuroses	a c i ɾ o s i s
aletheia	a l i θ ç a
alexandroupole	a l e k s a n ð ɾ u p o l i
aleuromeno	a l e v r o m e n o
allage	a l a ʝ i
allou	a l u
alysida	a l i s i ð a
amatheia	a m a θ i a
amerike	a m e r i c i
amoibe	a m i v i
amfiballo	a ɱ f i v a l o
amfitheatro	a m f i θ e a t ɾ o
ananges	a n a ŋ ɟ e s
anange	a n a ŋ ɟ i
anadochos	a n a ð o x o s
analyse	a n a l i s i
anangon	a n a ŋ ɡ o n
anaisthesia	a n e s θ i s i a
anakalypsa	a n a k a l i p s a
anakalypse	a n a k a l i p s i
anakalupseis	a n a k a l i p s i s
analytika	a n a l i t i k a
anana	a n a n a
anapnoe	a n a p n o i
anatrapeke	a n a t ɾ a p i c e
anaferomai	a n a f e ɾ o m e
anafero	a n a f e ɾ o
anafora	a n a f o ɾ a
anelkysteras	a n e l c i s t i ɾ a s
anesycho	a n i s i x o
andidrase	a n d i ð ɾ a s i
andinoos	a n d i n o o s
andidraseis	a n d i ð ɾ a s i s
andikeimeno	a n d i c i m e n o
axizei	a k s i z i
axiologese	a k s i o l o ʝ i s i
ap	a p
apandese	a p a n d i s i
apedeixe	a p e ð i k s e
apaitoume	a p e t u m e
apallage	a p a l a ʝ i
aparadektos	a p a ɾ a ð e k t o s
aparegoreta	a p a ɾ i ɣ o ɾ i t a
apelpisia	a p e l p i s i a
aplous	a p l u s
apodeichthekan	a p o ð i x θ i k a n
apodeichteke	a p o ð i x t i c e
apokalypse	a p o k a l i p s i
apokalupseis	a p o k a l i p s i s
apokleismenos	a p o k l i z m e n o s
apomonomeno	a p o m o n o m e n o
apostaseis	a p o s t a s i s
apostole	a p o s t o l i
apotychia	a p o t i ç i a
aprile	a p ɾ i l i
aprilios	a p ɾ i l i o s
apriliou	a p ɾ i l i u
apogeuma	a p o ʝ e v m a
apofase	a p o f a s i
apoleia	a p o l i a
arete	a r e t i
areton	a r e t o n
armodioteta	a ɾ m o ð i o t i t a
arrostemene	a r o s t i m e n i
archizo	a r ç i z o
archegos	a ɾ ç i ɣ o s
asko	a s k o
astynomia	a s t i n o m i a
augoustou	a v ɣ u s t u
aute	a f t i
auti	a f t i
auto	a f t o
autos	a f t o s
afora	a f o r a
aforme	a f o ɾ m i
aforouse	a f o r u s e
augoustos	a v ɣ u s t o s
bazeis	v a z i s
bazondas	v a z o n d a s
balei	v a l i
baleis	v a l i s
baloume	v a l u m e
balo	v a l o
baros	v a r o s
bathia	v a θ ç a
basilissa	v a s i l i s a
basileas	v a s i l e a s
basilias	v a s i ʎ a s
basilike	v a s i l i c i
bebaios	v e v e o s
berolino	v e r o l i n o
bibliotheke	v i v l i o θ i c i
boethesa	v o i θ i s a
boethame	v o i̯ θ a m e
boethoume	v o i θ u m e
bouleutes	v u l e f t i s
boulese	v u l i s i
bouliaxa	v u ʎ a k s a
brady	v r a ð i
breka	v ɾ i k a
brekan	v ɾ i k a n
breke	v ɾ i c e
brisko	v ɾ i s k o
brachykukloma	v ɾ a ç i c i k l o m a
brei	v ɾ i
bretania	v r e t a n i a
broume	v ɾ u m e
gefyra	ʝ e f i r a
gepedo	ʝ i p e ð o
gegonos	ʝ e ɣ o n o s
geia	ʝ a
genare	ʝ e n a ɾ i
gennetheka	ʝ e n i θ i k a
gennemenos	ʝ e n i m e n o s
genoktonia	ʝ e n o k t o n i a
giannes	ʝ a n i s
giati	ʝ a t i
giatros	ʝ a t r o s
giorte	ʝ o r t i
gios	ʝ o s
gei	ɟ e i
grizo	ɡ ɾ i z o
glossa	ɣ l o s a
gnorizo	ɣ n o ɾ i z o
gnoseis	ɣ n o s i s
gnoseos	ɣ n o s e o s
gnose	ɣ n o s i
gria	ɣ ɾ i a
guros	ʝ i r o s
dechomai	ð e x o m e
deigma	ð i ɣ m a
dee	ð e i
dekembrio	ð e c e ɱ v ɾ i o
dekapende	ð e k a p e n d e
dekatesseris	ð e k a t e s e ɾ i s
dekembriou	ð e c e ɱ v ɾ i u
den	ð e n
deuteros	ð e f t e ɾ o s
delade	ð i l a ð i
deloseis	ð i l o s i s
demetres	ð i m i t ɾ i s
demetrios	ð i m i t ɾ i o s
demokratia	ð i m o k r a t i a
demosieuoume	ð i m o s i e v u m e
demotike	ð i m o t i c i
diabazo	ð ʝ a v a z o
dianome	ð ʝ a n o m i
dianuoume	ð i a n i u m e
diafemise	ð i a f i m i s i
dikegoros	ð i c i ɣ o ɾ o s
douleuo	ð u l e v o
drama	ð r a m a
dromos	ð r o m o s
dynameon	ð i n a m e o n
dyskolia	ð i s k o l i a
duname	ð i n a m i
dunames	ð i n a m i s
duo	ð i o
duskola	ð i s k o l a
duskolos	ð i s k o l o s
dodeka	ð o ð e k a
dora	ð o ɾ a
eimai	i m e
eimaste	i m a s t e
einai	i n e
eisai	i s e
eisaste	i s a s t e
eichan	i x a n
eichane	i x a n e
ebdomada	e v ð o m a ð a
engataleipse	e ŋ ɡ a t a l i p s i
ethnikos	e θ n i k o s
eisiterio	i s i t i ɾ i o
ekatommurio	e k a t o m i ɾ i o
ekato	e k a t o
ekdotikos	e k ð o t i k o s
ekdrome	e k ð ɾ o m i
ekeine	e c i n i
ekeinoi	e c i n i
eklethe	e k l i θ i
ekplektika	e k p l i k t i k a
ekpombes	e k p o m b e s
ekpombe	e k p o m b i
ektelese	e k t e l e s i
eleutheria	e l e f θ e ɾ i a
eleutheros	e l e f θ e r o s
ellada	e l a ð a
elleniko	e l i n i k o
elpizoume	e l p i z u m e
emmanouel	e m a n u i l
embisteuomai	e m b i s t e v o m e
embodio	e m b o ð i o
enandion	e n a n d i o n
endechetai	e n ð e ç e t e
enemerose	e n i m e r o s i
enemeroses	e n i m e r o s i s
endupose	e n d i p o s i
exegerse	e k s e ʝ e r s i
exetasa	e k s e t a s a
exaitias	e k s e t i a s
exoplismene	e k s o p l i z m e n i
epangelma	e p a ŋ ɡ e l m a
epegrapsa	e p e ɣ ɾ a p s a
epanenarxe	e p a n e n a ɾ k s i
eparchia	e p a ɾ ç i a
epidraseis	e p i ð ɾ a s i s
epiloge	e p i l o ʝ i
epimeletes	e p i m e l i t i s
epipleon	e p i p l e o n
epitrepetai	e p i t ɾ e p e t e
epitychia	e p i t i ç i a
epicheirese	e p i ç i ɾ i s i
epomenos	e p o m e n o s
epomenos	e p o m e n o s
erchomeno	e r x o m e n o
esy	e s i
eukairia	e f c e r i a
eusebeia	e f s e v i a
euche	e f ç i
eucharistoume	e f x a ɾ i s t u m e
eucharisto	e f x a ɾ i s t o
efemerida	e f i m e r i ð a
euchetai	e f ç e t e
euchomai	e f x o m e
zachare	z a x a r i
zeta	z i t a
zeugari	z e v ɣ a r i
zeugaria	z e v ɣ a r ʝ a
zeugariou	z e v ɣ a r ʝ u
zetame	z i t a m e
zeto	z i t o
zoe	z o i
zoeros	z o i r o s
zondanos	z o n d a n o s
zoo	z o o
egoumenitsa	i ɣ u m e n i t s a
elikia	i l i c i a
esychia	i s i ç i a
thelo	θ e l o
themata	θ e m a t a
tharraleos	θ a r a l e o s
thauma	θ a v m a
theia	θ i a
therapeia	θ e ɾ a p i a
thermokrasia	θ e ɾ m o k ɾ a s i a
theoro	θ e o r o
theos	θ e o s
thoro	θ o r o
thuella	θ i e l a
ianouario	i a n u a ɾ i o
ianouarios	i a n u a ɾ i o s
ianouariou	i a n u a ɾ i u
idiaitera	i ð i e t e ɾ a
idiaiteros	i ð i e t e ɾ o s
idrumatos	i ð r i m a t o s
ierousalem	i e ɾ u s a l i m
iouliou	i u l i u
ioule	i u l i
ioulio	i u l i o
iounes	i u n i s
iounio	i u n i o
irlandia	i ɾ l a n ð i a
ispania	i s p a n i a
istologio	i s t o l o ʝ i o
istorikos	i s t o r i k o s
italike	i t a l i k i
italiko	i t a l i k o
ioanna	i o a n a
ioannina	i o a n i n a
kathomai	k a θ o m e
kalypse	k a l i p s i
kanondas	k a n o n d a s
kano	k a n o
kapoios	k a p ç o s
kastro	k a s t r o
kerdos	c e r ð o s
kefi	c e f i
kindynos	c i n ð i n o s
kathizondas	k a θ i z o n d a s
kai	c e
kainotomia	c e n o t o m i a
kainotomias	c e n o t o m i a s
kainotomies	c e n o t o m i e s
kako	k a k o
kalemera	k a l i m e r a
kalifornia	k a l i f o ɾ n i a
kaloi	k a l i
kalokairi	k a l o c e r i
kalo	k a l o
kalos	k a l o s
kan	k a n
kardia	k a r ð ʝ a
kareklaki	k a ɾ e k l a c i
kata	k a t a
katalogos	k a t a l o ɣ o s
katebale	k a t e v a l e
kataigidas	k a t e ʝ i ð a s
keri	c e r r i
keria	c e r ʝ a
kibotos	c i v o t o s
kinezika	c i n e z i k a
kindyneuo	c i n ð i n e v o
kinduneusa	c i n ð i n e f s a
kiolas	c o l a s
klise	k ʎ i s i
klaio	k l e o
klarineto	k l a ɾ i n e t o
koine	c i n i
koino	c i n o
koinos	c i n o s
koitao	c i t a o
koitidas	c i t i ð a s
korinthou	k o ɾ i n θ u
koritsia	k o ɾ i t s ç a
koritsion	k o ɾ i t s ç o n
kotopoulo	k o t o p u l o
kouneli	k u n e l i
kourasmenoi	k u r a z m e n i
kreas	k r e a s
krete	k r i t i
kragion	k ɾ a ʝ o n
kremasmena	k r e m a z m e n a
krymmena	k r i m e n a
kyriake	c i r ʝ a c i
kyriolektika	c i ɾ i o l e k t i k a
konstandinos	k o n s t a n d i n o s
konstandinou	k o n s t a n d i n u
kokkine	k o c i n i
kolase	k o l a s i
kosmos	k o z m o s
kupro	c i p ɾ o
kuprou	c i p ɾ u
ladi	l a ð i
larisa	l a r i s a
legetai	l e ʝ e t e
lego	l e ɣ o
leei	l e i
leme	l e m e
lesbos	l e z v o s
lemnos	l i m n o s
ligo	l i ɣ o
lemoni	l e m o n i
les	l e s
leuka	l e f k a
leukes	l e f c e s
leuke	l e f c i
leuko	l e f k o
ligotero	l i ɣ o t e r o
ligoteroi	l i ɣ o t e r i
limani	l i m a n i
liondari	ʎ o n d a ɾ i
loipon	l i p o n
londino	l o n ð i n o
loutro	l u t ɾ o
lythei	l i θ i
lutheke	l i θ i c e
lunei	l i n i
lusame	l i s a m e
lusei	l i s i
luseis	l i s i s
luse	l i s i
lusoun	l i s u n
lussa	l i s a
mangas	m a ŋ ɡ a s
maza	m a z a
mazepsa	m a z e p s a
maes	m a i s
mandepse	m a n d e p s e
martio	m a ɾ t i o
matia	m a t ç a
mera	m e r a
meros	m e ɾ o s
mesa	m e s a
meso	m e s o
meso	m e s o
menyma	m i n i m a
mepos	m i p o s
mia	m i a
ma	m a
magioneza	m a ʝ o n e z a
mathematika	m a θ i m a t i k a
malaka	m a l a k a
martiou	m a ɾ t i u
marturon	m a ɾ t i ɾ o n
megalos	m e ɣ a l o s
meioseis	m i o s i s
mexikou	m e k s i k u
merida	m e ɾ i ð a
mesaionike	m e s e o n i c i
metafero	m e t a f e ɾ o
metrao	m e t ɾ a o
me	m i
metera	m i t e r a
miamise	m ɲ a m i s i
mia	m ɲ a
mikro	m i k ɾ o
milano	m i l a n o
misthos	m i s θ o s
miso	m i s o
monachos	m o n a x o s
mondelo	m o d e l o
mykonou	m i k o n u
mytilene	m i t i l i n i
moro	m o ɾ o
moscha	m o s x a
mute	m i t i
naousa	n a u s a
neo	n e o
nestepsa	n i s t e p s a
naupaktos	n a f p a k t o s
nekros	n e k ɾ o s
nepal	n e p a l
nero	n e r o
nikolaou	n i k o l a u
noembre	n o e ɱ v ɾ i
noembriou	n o e ɱ v ɾ i u
noiazei	ɲ a z i
nomizo	n o m i z o
nosokomeio	n o s o k o m i o
ndina	d i n a
ndinos	d i n o s
nde	d e
ndous	d u s
ndrope	d ɾ o p i
nosou	n o s u
xena	k s e n a
xechasa	k s e x a s a
xenodocheio	k s e n o ð o ç i o
xotiko	k s o t i k o
xulo	k s i l o
odou	o ð u
odo	o ð o
oikogeneia	i k o ʝ e n i a
oktobriou	o k t o v ɾ i u
okto	o k t o
oktobrio	o k t o v ɾ i o
omofylofilo	o m o f i l o f i l o
onomazomai	o n o m a z o m e
opoiou	o p i u
oriste	o ɾ i s t e
orge	o r ʝ i
orestiada	o ɾ e s t i a ð a
orthodoxe	o ɾ θ o ð o k s i
orthodoxoi	o ɾ θ o ð o k s i
oristika	o ɾ i s t i k a
outos	u t o s
pao	p a o
pethane	p e θ a n e
peos	p e o s
pistepsa	p i s t e p s a
piso	p i s o
pangosmiopoieses	p a ŋ ɡ o z m i o p i i s i s
paidi	p e ð i
panemorfos	p a n e m o ɾ f o s
panagia	p a n a ʝ i a
pandou	p a n d u
parisi	p a ɾ i s i
paradechtei	p a ɾ a ð e x t i
parakaloume	p a r a k a l u m e
parakalo	p a r a k a l o
parakoloutho	p a ɾ a k o l u θ o
paramuthi	p a ɾ a m i θ i
parapano	p a ɾ a p a n o
parelthon	p a r e l θ o n
paroimia	p a ɾ i m i a
paron	p a ɾ o n
paron	p a ɾ o n
pas	p a s
pasok	p a s o k
pateras	p a t e r a s
patrida	p a t r i ð a
paulos	p a v l o s
peirazei	p i ɾ a z i
peirates	p i r a t i s
periptose	p e ɾ i p t o s i
perasmene	p e r a z m e n i
perasmeno	p e r a z m e n o
periekopsa	p e ɾ i e k o p s a
perikleio	p e r i k l i o
periodika	p e r i o ð i k a
periodikou	p e r i o ð i k u
periodiko	p e r i o ð i k o
periodous	p e r i o ð u s
pernaei	p e ɾ n a i
petrakes	p e t ɾ a c i s
pithanoteta	p i θ a n o t i t a
piperia	p i p e r ʝ a
pisteuete	p i s t e v e t e
pisteuoume	p i s t e v u m e
pisteuo	p i s t e v o
pleon	p l e o n
plateia	p l a t i a
pleiopsefia	p l i o p s i f i a
plethysmos	p l i θ i z m o s
plusimo	p l i s i m o
pneuma	p n e v m a
pneumatos	p n e v m a t o s
poiese	p i i s i
podosfairou	p o ð o s f e r u
podosfairo	p o ð o s f e r o
poia	p ç a
polu	p o l i
pondiki	p o n d i c i
posoteta	p o s o t i t a
poto	p o t o
poudrarizomai	p u ð ɾ a ɾ i z o m e
pouthena	p u θ e n a
pragma	p ɾ a ɣ m a
prepei	p ɾ e p i
proekypse	p r o e c i p s e
problemata	p r o v l i m a t a
proetoimasia	p ɾ o e t i m a s i a
proegoumenon	p r o i ɣ u m e n o n
proegoumena	p r o i ɣ u m e n a
proegoumenes	p r o i ɣ u m e n e s
proegoumene	p r o i ɣ u m e n i
proegoumenes	p r o i ɣ u m e n i s
proegoumeno	p r o i ɣ u m e n o
prokuptei	p r o c i p t i
proponese	p r o p o n i s i
proseuche	p ɾ o s e f ç i
prostheke	p r o s θ i c i
prosoche	p ɾ o s o ç i
prospatho	p ɾ o s p a θ o
proion	p ɾ o i o n
prothypourgos	p ɾ o θ i p u ɾ ɣ o s
protathlema	p ɾ o t a θ l i m a
protagoniste	p ɾ o t a ɣ o n i s t i
protagonistes	p ɾ o t a ɣ o n i s t i s
protathletria	p ɾ o t a θ l i t ɾ i a
protathletes	p ɾ o t a θ l i t i s
protoboulia	p ɾ o t o v u l i a
protochronia	p ɾ o t o x ɾ o ɲ a
problema	p r o v l i m a
prokeitai	p ɾ o c i t e
prosopo	p r o s o p o
protos	p ɾ o t o s
pos	p o s
pole	p o l i
pote	p o t e
purgo	p i r ɣ o
purgou	p i r ɣ u
pos	p o s
rethymno	ɾ e θ i m n o
re	ɾ e
rome	ɾ o m i
rotesa	ɾ o t i s a
sigouros	s i ɣ u ɾ o s
selene	s e l i n i
septembrios	s e p t e ɱ v ɾ i o s
semadia	s i m a ð ʝ a
semadion	s i m a ð ʝ o n
siga	s i ɣ a
skandalo	s k a n ð a l o
sklere	s k l i r i
skylitsa	s c i l i t s a
skopia	s k o p ç a
sokaki	s o k a c i
sout	s u t
sofias	s o f i a s
sofos	s o f o s
sofotero	s o f o t e ɾ o
soutare	s u t a ɾ e
spiti	s p i t i
spitike	s p i t i c i
stane	s t a n i
stelios	s t e ʎ o s
stella	s t e l a
sta	s t a
stagona	s t a ɣ o n a
stamatemenos	s t a m a t i m e n o s
ste	s t i
sten	s t i n
stis	s t i s
ston	s t o n
stous	s t u s
stribo	s t ɾ i v o
stratopedou	s t ɾ a t o p e ð u
stroma	s t ɾ o m a
stymmene	s t i m e n i
syngnome	s i ŋ ɣ n o m i
syngrafea	s i ŋ ɣ r a f e a
syngrafeas	s i ŋ ɣ r a f e a s
syngrafeis	s i ŋ ɣ r a f i s
sygnome	s i ɣ n o m i
sygchareteria	s i ŋ x a ɾ i t i ɾ i a
syzetoume	s i z i t u m e
syllektes	s i l e k t i s
symboulio	s i ɱ v u l i o
symberifora	s i m b e ɾ i f o ɾ a
symfono	s i ɱ f o n o
synecheia	s i n e ç i a
synethos	s i n i θ o s
synethlibe	s i n e θ l i v i
synetribe	s i n e t ɾ i v i
synechizoume	s i n e ç i z u m e
synechos	s i n e x o s
synethismene	s i n i θ i z m e n i
synethismeno	s i n i θ i z m e n o
syriza	s i ɾ i z a
sfichta	s f i x t a
sfyri	s f i r i
schetika	s ç e t i k a
sumboulos	s i ɱ v u l o s
sunora	s i n o r a
sundaxe	s i n d a k s i
sustema	s i s t i m a
soma	s o m a
tacha	t a x a
teleia	t e l i a
tetarto	t e t a ɾ t o
techne	t e x n i
talendo	t a l e n d o
tameio	t a m i o
tachuteta	t a ç i t i t a
teleutaia	t e l e f t e a
teleutaios	t e l e f t e o s
technologia	t e x n o l o ʝ i a
technologias	t e x n o l o ʝ i a s
technologion	t e x n o l o ʝ i o n
tzaki	d z a c i
tzamba	t s a m b a
tes	t i s
time	t i m i
timoni	t i m o n i
to	t o
ton	t o n
topothetemenos	t o p o θ e t o
tourta	t u ɾ t a
trikala	t ɾ i k a l a
tragoudesa	t ɾ a ɣ u ð i s a
trapezi	t ɾ a p e z i
treis	t ɾ i s
treisemisi	t ɾ i s i m i s i
trele	t r e l i
trelainomai	t ɾ e l e n o m e
trianda	t r i a n d a
trimmene	t r i m e n i
ton	t o n
tose	t o s i
toso	t o s o
tosos	t o s o s
tuche	t i ç i
ygeia	i ʝ i a
ydrargyros	i ð ɾ a ɾ ʝ i ɾ o s
yper	i p e r
yperoche	i p e ɾ o ç i
ypeuthynos	i p e f θ i n o s
ypomone	i p o m o n i
ypourgos	i p u ɾ ɣ o s
ypopse	i p o p s i
yorke	i o ɾ c i
farmako	f a r m a k o
fetos	f e t o s
fidi	f i ð i
filo	f i l o
fandazomai	f a n d a z o m e
fandasia	f a n d a s i a
fandastike	f a n d a s t i ç i
farmakeio	f a r m a c i o
fasaria	f a s a ɾ i a
fasouli	f a s u l i
febrouario	f e v ɾ u a ɾ i o
febrouariou	f e v ɾ u a ɾ i u
filosofia	f i l o s o f i a
flebare	f l e v a ɾ i
flert	f l e ɾ t
florinda	f l o ɾ i d a
floros	f l o ɾ o s
forologia	f o ɾ o l o ʝ i a
fysika	f i s i k a
fytikes	f i t i c e s
fone	f o n i
fora	f o ɾ a
foresa	f o ɾ e s a
charin	x a r i n
chartes	x a r t i s
cheri	ç e ɾ i
chilia	ç i ʎ a
chio	ç i o
chiou	ç i u
chaire	ç e r e
chamelos	x a m i l o s
chamogelo	x a m o ʝ e l o
chania	x a ɲ a
charti	x a ɾ t i
chartziliki	x a ɾ d z i l i c i
cheile	ç i l i
cheiroteros	ç i ɾ o t e ɾ o s
chioni	ç o n i
chondre	x o d r i
chondro	x o n d ɾ o
chremata	x r i m a t a
chreiazetai	x ɾ i a z e t e
chreiasteke	x ɾ i a s t i c e
chresimopoiesa	x ɾ i s i m o p i i s a
chresimopoieseis	x ɾ i s i m o p i i s i s
chresimopoioume	x ɾ i s i m o p i u m e
christougennon	x ɾ i s t u ʝ e n o n
christougenna	x ɾ i s t u ʝ e n a
chronia	x r o ɲ a
chronologia	x r o n o l o ʝ i a
chronon	x ɾ o n o n
chronos	x ɾ o n o s
chroma	x ɾ o m a
chtupaga	x t i p a ɣ a
chutra	ç i t ɾ a
psefo	p s i f o
psefou	p s i f u
psefous	p s i f u s
psemenos	p s i m e n o s
psefiake	p s i f i a c i
psefiakou	p s i f i a k u
psefodeltio	p s i f o ð e l t i o
psefoforia	p s i f o f o ɾ i a
psomaki	p s o m a c i
psomi	p s o m i
ostoso	o s t o s o
omorfe	o m o ɾ f i
omorfou	o m o ɾ f u
onoma	o n o m a
ondas	o n d a s
ondos	o n d o s
oplo	o p l o
opoio	o p ç o
oti	o t i
ofelos	o f e l o s
ufese	i f e s i
ora	o r a
orima	o ɾ i m a
orime	o ɾ i m i
oste	o s t e
upografeis	i p o ɣ r a f i s
