<|FAS|>dljl	d a l i l
<|FAS|>ɡlv	ɡ a l oː
<|FAS|>dɡrd͡ʒns‌ɡrɒ	d e ɡ a ɾ d͡ʒ e n s ɡ a ɾ ɑː
<|FAS|>mrnd	m a ɾ a n d
<|FAS|>hmɒm	h a m m ɑː m
<|FAS|>ktɒb	k e t ɑː b
<|FAS|>ɒʔzɒ	a ʔ z ɑː
<|FAS|>پjt͡ʃjdn	p e t͡ʃ i d a
<|FAS|>brɒdr	b a ɾ ɑː d a ɾ
<|FAS|>rftɒr	ɾ a f t ɑː ɾ
<|FAS|>ʃvr	ʃ oː ɾ
<|FAS|>bvj	b oː j
<|FAS|>t͡ʃtvr	t͡ʃ e t o v ɾ
<|FAS|>bnjɒdɡrɒ	b o n j ɑː d ɡ a ɾ ɑː
<|FAS|>rɒʔj	ɾ a ʔ j
<|FAS|>ɣɒft	ɢ ɑː f e t
<|FAS|>hʃt	h a ʃ t
<|FAS|>پɒkstɒnj	p ɑː k i s t ɑː n iː
<|FAS|>zhn	z e h n
<|FAS|>bhʃt	b e h e ʃ t
<|FAS|>rbɒʔj	ɾ o b ɑː ʔ iː
<|FAS|>fhrst	f e h ɾ e s t
<|FAS|>drɒjjdn	d a ɾ ɑː j iː d a n
<|FAS|>ks	k a s
<|FAS|>bxtr	b e x t a ɾ
<|FAS|>ʃʔb	ʃ o ʔ a b
<|FAS|>ɒhŋ	ɑː h a n ɡ
<|FAS|>t͡ʃɒʃnj	t ʃ ɑː ʃ n iː
<|FAS|>bz	b o z
<|FAS|>svrtj	s uː ɾ a t iː
<|FAS|>hj	h e j
<|FAS|>sljmɒn	s o l e j m ɑː n
<|FAS|>ɒd͡ʒɒzh	e d͡ʒ ɑː z e
<|FAS|>پvʃjdn	p oː ʃ iː d a n
<|FAS|>ɣsmt	ɢ i s m a t
<|FAS|>پxtn	p o x t a n
<|FAS|>brxvrdɒr	b a ɾ x o ɾ d ɑː ɾ
<|FAS|>bɒmdɒd	b ɑː m d ɑː n
<|FAS|>khkʃɒn‌hɒ	k a h k a ʃ ɑː n h ɑː
<|FAS|>dt͡ʃɒr	d o t͡ʃ ɑː ɾ
<|FAS|>srvdn	s o ɾ uː d a n
<|FAS|>ʒɒmbvn	ʒ ɑː m b o n
<|FAS|>پtk	p o t k
<|FAS|>ɒjndh	ɑː j a n d a
<|FAS|>hsɒb	h e s ɑː b
<|FAS|>hfdh	h a b d a h
<|FAS|>ɒbdst	ɑː b d a s t
<|FAS|>ɡjɒn	ɡ o j ɑː n
<|FAS|>hnr	h o n a ɾ
<|FAS|>zvrxɒnh	z oː ɾ x ɑː n a
<|FAS|>ɡvɒh	ɡ o v ɑː h
<|FAS|>srdɒr	s a ɾ d ɑː ɾ
<|FAS|>mhm	m o h e m m
<|FAS|>ɒsپrzh	e s p a ɾ z e
<|FAS|>ɡj	a ɡ iː
<|FAS|>nsxh	n o s x e
<|FAS|>mrdhɒ	m a ɾ d h ɑː
<|FAS|>mvʔssh	m o ʔ a s s a s e
<|FAS|>kjmjɒ	k iː m i j ɑː
<|FAS|>kɒrvɒn	k ɑː ɾ v ɑː n
<|FAS|>mhrbɒnj	m e h ɾ a b ɑː n iː
<|FAS|>fzɒ	f a z ɑː
<|FAS|>tɣsjm	t a ɢ s i m
<|FAS|>zjrzmjn	z iː ɾ z a m iː n
<|FAS|>پnɒhndh	p a n ɑː h a n d e
<|FAS|>sdh	s a d a
<|FAS|>trɒzv	t a ɾ ɑː z uː
<|FAS|>bɒb	b ɑː b
<|FAS|>zbh	z e b h
<|FAS|>dɒdɒr	d ɑː d ɑː r
<|FAS|>ɒlrʒj	ɑː l i ɾ ʒ iː
<|FAS|>zjn	z i n
<|FAS|>dzd	d o z d
<|FAS|>zkr	z a k a ɾ
<|FAS|>msɒft	m a s ɑː f a t
<|FAS|>kndn	k a n d a n
<|FAS|>knfrɒns	k o n f e ɾ ɑː n s
<|FAS|>mjɣ	m e ɢ
<|FAS|>d͡ʒnsj	d͡ʒ e n s iː
<|FAS|>bjʃ	b e ʃ
<|FAS|>ɒstɒnh‌ɒj	ɑː s t ɑː n a iː
<|FAS|>ɡlɒbj	ɡ o l ɑː b iː
<|FAS|>zjɒd	z i j ɑː d
<|FAS|>tkjdn	t a k i d a n
<|FAS|>bhtɒn	b o h t u n
<|FAS|>d͡ʒɒjɡɒh	d͡ʒ ɑː j ɡ ɑː h
<|FAS|>zjst‌ʃnɒs	z iː s t ʃ e n ɑː s
<|FAS|>ɒjdvn	e d u n
<|FAS|>bɒbl	b ɑː b i l
<|FAS|>mrbvt	m a ɾ b u t
<|FAS|>ɣvr	ɢ o v ɾ
<|FAS|>پɒdɒʃ	p ɑː d ɑː ʃ
<|FAS|>bjmɒr	b e m ɑː ɾ
<|FAS|>lsh	l a s e
<|FAS|>ɒlbrz	ʔ a l b o ɾ z
<|FAS|>hdjh	h a d i j a
<|FAS|>mlɒɣɒt	m o l ɑː ɢ ɑː t
<|FAS|>frjdvn	f e ɾ e i d uː n
<|FAS|>md͡ʒɒzɒt	m o d ʒ ɑː z ɑː t
<|FAS|>ʃvrh	ʃ oː ɾ e
<|FAS|>vjr	v i ɾ
<|FAS|>t͡ʃmjdn	t͡ʃ a m i d a n
<|FAS|>kɒlbd	k ɑː l b u d
<|FAS|>srپrstj	s a ɾ p a ɾ a s t iː
<|FAS|>jxt͡ʃɒl	j a x t͡ʃ ɑː l
<|FAS|>ɒdɣɒm	e d ɢ ɑː m
<|FAS|>ɒnɣvzh	ɑː n ɢ u z a
<|FAS|>پrdjs	p a ɾ d e s
<|FAS|>hnvz	h a n oː z
<|FAS|>ɡrɒz	ɡ o ɾ ɑː z
<|FAS|>ɣhrmɒn	ɢ a h ɾ a m ɑː n
<|FAS|>trʃ	t o ɾ ʃ
<|FAS|>bjmnɒk	b i n m ɑː k
<|FAS|>ʒvljdn	ʒ uː l iː d a n
<|FAS|>vɒʃ	v ɑ ʃ
<|FAS|>mj‌xvɒhm	m iː x ɑː h a m
<|FAS|>پrndɡɒn	p a ɾ a n d a ɡ ɑː n
<|FAS|>svrپrɒjz	s u r p e ɾ ɑ j z
<|FAS|>dmɒɣ	d a m ɑː ɢ
<|FAS|>xɒkstrj	x ɑː k i s t a ɾ iː
<|FAS|>ʒrfɒ	ʒ a ɾ f ɑː
<|FAS|>zrnɒپɒ	z u r n ɑː p ɑː
<|FAS|>djn‌dɒrj	d i n d ɑː ɾ iː
<|FAS|>blʔjdn	b a l ʔ iː d a n
<|FAS|>zɒt	z ɑː t
<|FAS|>t͡ʃjʃ	t ʃ i ʃ
<|FAS|>hmjʃh	h a m e ʃ a
<|FAS|>mrɣ	m o ɾ ɢ
<|FAS|>fsl	f a s l
<|FAS|>jɒftn	j ɑː f t a n
<|FAS|>blvr	b i l oː ɾ
<|FAS|>bŋɒh	b o n ɡ ɑː h
<|FAS|>dʔɒ	d o ʔ ɑː
<|FAS|>پɒپ	p ɑː p
<|FAS|>ɒmɒr	ɑː m ɑː ɾ
<|FAS|>ɒjstɒdn	i s t ɑː d a n
<|FAS|>پzʃk	p e z e ʃ k
<|FAS|>xvrʃjd	x o ɾ ʃ iː d
<|FAS|>sjɒst	s i j ɑː s a t
<|FAS|>پrt͡ʃm	p a ɾ t͡ʃ a m
<|FAS|>bxɒtr	b a x ɑː t i ɾ i
<|FAS|>ɡrvh	ɡ o ɾ uː h
<|FAS|>ʔlɒvh	a l ɑː v a
<|FAS|>xt	x a t
<|FAS|>bh‌ɒfrjd	b e h ɑː f a ɾ iː d
<|FAS|>ɡv	ɡ o v
<|FAS|>jrɒɣ	j a ɾ ɑː ɢ
<|FAS|>nvjsh‌ɡrdɒnj	n e v iː s e ɡ a ɾ d ɑː n iː
<|FAS|>mrdɒnh	m a ɾ d ɑː n a
<|FAS|>پnjr	p a n i ɾ
<|FAS|>ɒʃkɒl	a ʃ k ɑː l
<|FAS|>snm	s a n a m
<|FAS|>smnd	s a m a n d
<|FAS|>tɒr	t ɑː ɾ
<|FAS|>snɒn	s e n ɑː n
<|FAS|>ʒrfj	ʒ a ɾ f iː
<|FAS|>hkvmt	h o k uː m a t
<|FAS|>ɡvn	ɡ oː n
<|FAS|>drvdn	d o ɾ uː d a n
<|FAS|>sfjnh	s a f i n a
<|FAS|>ɒʃfth	ɑː ʃ u f t a
<|FAS|>svrtى	s u ɾ a t iː
<|FAS|>ɒsfhɒnj	e s f a h ɑː n iː
<|FAS|>ʃmʔdɒn	ʃ a m ʔ d ɑː n
<|FAS|>ɣfs	ɢ a f a s
<|FAS|>پrvɒz	p a ɾ v ɑː z
<|FAS|>rsɒnjdn	ɾ a s ɑː n iː d a n
<|FAS|>ɒً	t a n v i n
<|FAS|>ɡʃɒdj	ɡ o ʃ ɑː d iː
<|FAS|>mjhn‌پrst	m i h a n p a ɾ a s t
<|FAS|>bɒɣbɒn	b ɑː ɢ b ɑː n
<|FAS|>ɒfrŋ	a f ɾ a n ɡ
<|FAS|>dstɡɒh	d a s t ɡ ɑː h
<|FAS|>ɒndjʃjdn	a n d e ʃ i d a n
<|FAS|>mrjz	m a ɾ i z
<|FAS|>xɒk	x ɑː k
<|FAS|>dvɣ	d oː ɢ
<|FAS|>njɒzhɒ	n iː j ɑː z h ɑː
<|FAS|>sɒdɣ	s ɑː d i ɢ
<|FAS|>tɣrjbɒ	t a ɢ ɾ iː b a n
<|FAS|>bʔl	b a ʔ l
<|FAS|>rɒn	ɾ ɑː n
<|FAS|>nsrjn	n a s ɾ iː n
<|FAS|>tɒzɡj	t ɑː z a ɡ iː
<|FAS|>nvk	n v a k
<|FAS|>md͡ʒrd	m o d͡ʒ a ɾ ɾ a d
<|FAS|>hkm	h o k m
<|FAS|>vhm	v a h m
<|FAS|>mjlɒdj	m iː l ɑː d iː
<|FAS|>thɣjɣ	t a h ɢ i ɢ
<|FAS|>mvm	m uː m
<|FAS|>ntjd͡ʒh	n a t i d͡ʒ a
<|FAS|>djɡr	d i ɡ a ɾ
<|FAS|>پvr	p u ɾ
<|FAS|>zrʃk	z e ɾ e ʃ k
<|FAS|>ɣjmt	ɢ a j m a t
<|FAS|>ʃɒhd	ʃ ɑː h i d
<|FAS|>t͡ʃkmh	t͡ʃ a k m a
<|FAS|>ɒbrʃ	a b ɾ a ʃ
<|FAS|>ɣnd	ɢ a n d
<|FAS|>vzn	v a z n
<|FAS|>vzjfh	v a z i f a
<|FAS|>mnɒsbt	m o n ɑː s e b a t
<|FAS|>bxɒr	b o x ɑː ɾ
<|FAS|>zɒn	z ɑː n
<|FAS|>mdrsh	m a d ɾ a s a
<|FAS|>bɒrvt	b ɑː ɾ uː t
<|FAS|>hʃjʃ	h a ʃ i ʃ
<|FAS|>ɒɣjl	ɑː ɢ iː l
<|FAS|>پstɒn	p e s t ɑː n
<|FAS|>ʃɒhɒnʃɒh	ʃ ɑː h ɑː n ʃ ɑː h
<|FAS|>ɒmrzjdn	ɑː m u ɾ z iː d a n
<|FAS|>ɒlmvt	ʔ a l a m uː t
<|FAS|>ʃrɒb	ʃ a ɾ ɑː b
<|FAS|>ʃkɒftn	ʃ e k ɑː f t a n
<|FAS|>xɒdh	x ɑː d a
<|FAS|>kbrjt	k e b ɾ iː t
<|FAS|>nvrvz	n a v ɾ s z
<|FAS|>d͡ʒstn	d͡ʒ a s t a n
<|FAS|>fzɒzmɒn	f a z ɑː z a m ɑː n
<|FAS|>پjɒmk	p a j ɑː m a k
<|FAS|>ɒxtrmɒr	a x t a ɾ m ɑː ɾ
<|FAS|>lvz	l a v z
<|FAS|>ʔɣrb	ʔ a ɢ ɾ a b
<|FAS|>mrdɒŋj	m a ɾ d ɑː n a ɡ iː
<|FAS|>lɒt	l ɑː t
<|FAS|>tʔm	t a ʔ m
<|FAS|>xsjs	x a s i s
<|FAS|>fɒslh	f ɑː s i l a
<|FAS|>bɒbɒ	b ɑː b ɑː
<|FAS|>ɡnd͡ʒʃk	ɡ o n d͡ʒ e ʃ k
<|FAS|>پʃmjn	p a ʃ m iː n
<|FAS|>znɒnh	z a n ɑː n a
<|FAS|>ɒlt	ɑː l a t
<|FAS|>ʃhvd	ʃ o h uː d
<|FAS|>mrɒsm	m a ɾ ɑː s i m
<|FAS|>sxtn	s o x t a n
<|FAS|>rjʃh‌ʃnɒsj	ɾ e ʃ a ʃ i n ɑː s iː
<|FAS|>ɒdbjɒt	a d a b i j ɑː t
<|FAS|>ʃɒhkɒr	ʃ ɑː h k ɑː ɾ
<|FAS|>ɒfsvs	a f s oː s
<|FAS|>ʃʔbh	ʃ o ʔ b e
<|FAS|>ɣdjmj	ɢ a d i m iː
<|FAS|>bɒrvd	b ɑː ɾ uː d
<|FAS|>mjɒn	m i j ɑː n
<|FAS|>ɣrmz	ɢ i ɾ m i z
<|FAS|>dɒnʃmnd	d ɑː n i ʃ m a n d
<|FAS|>پrsʃ	p o ɾ s e ʃ
<|FAS|>ɡvhr	ɡ a v h a ɾ
<|FAS|>xz	x a z
<|FAS|>ʃxs	ʃ a x s
<|FAS|>sd͡ʒstɒn	s a d͡ʒ a s t ɑː n
<|FAS|>mʃrk	m o ʃ ɾ e k
<|FAS|>پrndh	p a ɾ a n d a
<|FAS|>ɒndjʃh	a n d e ʃ a
<|FAS|>nʃɒn	n e ʃ ɑː n
<|FAS|>ʃhr	ʃ a h ɾ
<|FAS|>dr	d a ɾ
<|FAS|>lhzɒ	l e h ɑː z ɑː
<|FAS|>zrɒvnd	z a ɾ ɑː v a n d
<|FAS|>bʃɣɒb	b o ʃ ɢ ɑː b
<|FAS|>sɒʔɣh	s ɑː ʔ i ɢ a
<|FAS|>drbɒn	d a ɾ b ɑː n
<|FAS|>ʒɒپnj	ʒ ɑː p u n iː
<|FAS|>dhstɒn	d e h e s t ɑː n
<|FAS|>tʔrjf	t a ʔ ɾ i f
<|FAS|>dɒrm	d ɑː ɾ a m
<|FAS|>ɒtsɒl	e t t e s ɑː l
<|FAS|>stɒrh‌ʃnɒs	s e t ɑː ɾ e ʃ e n ɑː s
<|FAS|>mtfɒvt	m o t a f ɑː v e t
<|FAS|>tvdrj	t u d a ɾ iː
<|FAS|>fk	f a k
<|FAS|>ɒrzjdn	a ɾ z i d a n
<|FAS|>nrjmɒn	n a ɾ e m ɑː n
<|FAS|>ʃjrjn‌trjn	ʃ iː ɾ iː n t a ɾ iː n
<|FAS|>ɒmjzʃ	ɑː m iː z e ʃ
<|FAS|>dɒnʃɡɒh	d ɑː n i ʃ ɡ ɑː h
<|FAS|>kvt͡ʃk‌tr	k uː t ʃ e k t a ɾ
<|FAS|>xtm	x a t m
<|FAS|>sfjd	s a f e d
<|FAS|>tʃrjh	t a ʃ ɾ e h
<|FAS|>kɒrvrzj	k ɑː ɾ v a ɾ z iː
<|FAS|>xɒmvʃ	x ɑː m oː ʃ
<|FAS|>trk	t a ɾ k
<|FAS|>bvzh	b oː z a
<|FAS|>ɡstrdh	ɡ o s t a ɾ d e
<|FAS|>پʃt	p o ʃ t e
<|FAS|>پvzxnd	p uː z x a n d
<|FAS|>bjt͡ʃɒrh	b e t͡ʃ ɑː ɾ a
<|FAS|>sɣf	s a ɢ f
<|FAS|>hmsɒdh	h o m s ɑː d e
<|FAS|>dlɡjr	d e l ɡ iː ɾ
<|FAS|>vzvh	v o z uː h
<|FAS|>zvrmnd	z oː ɾ m a n d
<|FAS|>msɒfrt	m o s ɑː f e ɾ a t
<|FAS|>bɒrjk‌tr	b ɑː ɾ iː k t a ɾ
<|FAS|>ɒzɒn	a z ɑː n
<|FAS|>hdɒdj	h a d ɑː d iː
<|FAS|>ɒzɡjl	a z ɡ i l
<|FAS|>پjvsjdn	p a j oː s iː d a n
<|FAS|>ɒbd	a b a d
<|FAS|>ɒllh‌ɣlj	a l l ɑː h ɢ u l iː
<|FAS|>sɒlɡj	s ɑː l a ɡ iː
<|FAS|>d͡ʒvɒrj	d͡ʒ o v ɑː ɾ iː
<|FAS|>drvɣ‌hɒ	d o ɾ uː ɢ h ɑː
<|FAS|>djvɒn	d e v ɑː n
<|FAS|>t͡ʃɣndr	t͡ʃ o ɢ o n d a ɾ
<|FAS|>mɒlj	m ɑː l iː
<|FAS|>svz	s oː z
<|FAS|>ɡm	ɡ o m
<|FAS|>xsrvɒnj	x o s ɾ a v ɑː n iː
<|FAS|>پnbh	p a m b e
<|FAS|>ɒnɒr	a n ɑː ɾ
<|FAS|>rvzɡɒr	ɾ oː z i ɡ ɑː ɾ
<|FAS|>tbɣh	t a b a ɢ a
<|FAS|>mɒdrɒnh	m ɑː d a ɾ ɑː n a
<|FAS|>mnfj	m a n f iː
<|FAS|>xvk	x uː k
<|FAS|>mʃkj	m e ʃ k iː
<|FAS|>ɡrm	ɡ a ɾ m
<|FAS|>njrvmnd	n iː ɾ uː m a n d
<|FAS|>ɒsmɒn	ɑː s i m ɑː n
<|FAS|>blj	b a l e
<|FAS|>dl	d e l
<|FAS|>bjn	b a j n
<|FAS|>ɒsپrjs	ʔ e s p a ɾ e s
<|FAS|>xtnh‌ɡɒh	x a t n a ɡ ɑː h
<|FAS|>zʃt	z e ʃ t
<|FAS|>bʔdɒ	b a ʔ d a n
<|FAS|>ɒtrɒɣ	o t ɾ ɑː ɢ
<|FAS|>mrdm‌ʃnɒs	m a ɾ d u m ʃ i n ɑː s
<|FAS|>zndɒnj	z e n d ɑː n iː
<|FAS|>ɡstrdn	ɡ o s t a ɾ d a n
<|FAS|>fsjl	f o s iː l
<|FAS|>bʔd	b a ʔ d
<|FAS|>sɒxtmɒn	s ɑː x t i m ɑː n
<|FAS|>xvn	x u n
<|FAS|>ɒstʔdɒd	e s t e ʔ d ɑː d
<|FAS|>frɒzmjnj	f a ɾ ɑː z a m iː n iː
<|FAS|>krʃn	k ɾ i ʃ n
<|FAS|>tmɒm	t a m ɑː m
<|FAS|>پl	p o l
<|FAS|>bhs	b a h s
<|FAS|>d͡ʒhɒn	d͡ʒ a h ɑː n
<|FAS|>ɒlɣɒʔdh	a l ɢ ɑː ʔ i d a
<|FAS|>rhbr	ɾ a h b a ɾ
<|FAS|>hŋ	h a n ɡ
<|FAS|>ɒrپɒ	ɑː ɾ p ɑː
<|FAS|>mhbvb	m a h b u b
<|FAS|>ɒbljs	e b l iː s
<|FAS|>frmɒndh	f a ɾ m ɑː n d i h
<|FAS|>ɒfsɒnh	a f s ɑː n a
<|FAS|>zbɒn‌hɒ	z a b ɑː n h ɑː
<|FAS|>bjzh	b a j z a
<|FAS|>ɒd͡ʒtmɒʔ	e d͡ʒ t e m ɑː ʔ
<|FAS|>ms	m e s
<|FAS|>dvrh	d a v ɾ a
<|FAS|>klfxʃŋ	k a l a f a x ʃ a n ɡ
<|FAS|>fhm	f a h m
<|FAS|>ʃhrzɒd	ʃ a h ɾ z ɑː d
<|FAS|>tɒzh‌tr	t ɑː z e t a ɾ
<|FAS|>tjz	t e z
<|FAS|>xrbvzh	x a ɾ b u z a
<|FAS|>ɒlbth	a l b a t t a
<|FAS|>xndh	x a n d a
<|FAS|>ɒvɒzh	ɑː v ɑː z a
<|FAS|>ɒd͡ʒr	ɑː d͡ʒ u ɾ
<|FAS|>kɒr	k ɑː ɾ
<|FAS|>rndjdn	ɾ a n d i d a n
<|FAS|>ɒmsɒl	e m s ɑː l
<|FAS|>ɒrdv	o ɾ d uː
<|FAS|>mɣɒzh	m a ɢ ɑː z a
<|FAS|>srd͡ʒvxh	s a ɾ d͡ʒ u x a
<|FAS|>md͡ʒmvʔh	m a d͡ʒ m u ʔ a
<|FAS|>snʔtj	s a n ʔ a t iː
<|FAS|>zjvjdn	z iː v iː d a n
<|FAS|>rɒhb	ɾ ɑː h i b
<|FAS|>krs	k e ɾ s
<|FAS|>mʔrvf	m a ʔ ɾ u f
<|FAS|>ɒsb	a s b
<|FAS|>پjrtr	p iː ɾ t a ɾ
<|FAS|>xvɒstɒr	x ɑː s t ɑː ɾ
<|FAS|>ʃjrɒz	ʃ e ɾ ɑː z
<|FAS|>km‌mɒjh	k a m m ɑː j a
<|FAS|>znd͡ʒbjl	z a n d͡ʒ a b iː l
<|FAS|>fvd͡ʒ	f a v d͡ʒ
<|FAS|>fɒيʔdh	f ɑː ʔ e d e
<|FAS|>xvrdn	x o ɾ d a n
<|FAS|>rxɒm	ɾ o x ɑː m
<|FAS|>ɒd͡ʒɒɣ	o d͡ʒ ɑː ɢ
<|FAS|>ɣhvh‌ɒj	ɢ a h v a ʔ iː
<|FAS|>mzhbj	m a z h a b iː
<|FAS|>ɒhɒr	ɑː h ɑː ɾ
<|FAS|>fɒrsj	f ɑː ɾ s iː
<|FAS|>rmzɒn	ɾ a m a z ɑː n
<|FAS|>mɒ	m ɑː
<|FAS|>bɒm	b ɑː m
<|FAS|>t͡ʃnɒnkh	t͡ʃ o n ɑː n k e
<|FAS|>hvɒپjmɒ	h a v ɑː p a j m ɑː
<|FAS|>ɒrɒmj	ɑː ɾ ɑː m iː
<|FAS|>پvdnh	p u d i n a
<|FAS|>dh	d a h
<|FAS|>ʃپʃ‌hɒ	ʃ e p e ʃ h ɑː
<|FAS|>xɒtrh	x ɑː t i ɾ a
<|FAS|>nh	n o h
<|FAS|>md͡ʒsmh	m o d͡ʒ a s s a m e
<|FAS|>fɣfvr	f a ɢ f uː ɾ
<|FAS|>msɒl	m e s ɑː l
<|FAS|>tʔɒrf	t a ʔ ɑː ɾ u f
<|FAS|>xɒmh	x ɑː m a
<|FAS|>bsth	b a s t a
<|FAS|>njst	n e s t
<|FAS|>mlɒ	m o l ɑː
<|FAS|>mnʔ	m a n ʔ
<|FAS|>ɒjrɒn	e ɾ ɑː n
<|FAS|>ɣɒsdk	ɢ ɑː s i d a k
<|FAS|>ɒfzvdn	a f z u d a n
<|FAS|>hndv	h e n d uː
<|FAS|>md͡ʒbvr	m a d͡ʒ b u ɾ
<|FAS|>ɒjrɒnjɒn	iː ɾ ɑː n i j ɑː n
<|FAS|>bɒmzh‌trjn	b ɑː m a z e t a ɾ iː n
<|FAS|>ʃjʃh	ʃ i ʃ a
<|FAS|>kɒljfrnjɒ	k ɑː l iː f o r n i j ɑː
<|FAS|>xjlj	x a j l e
<|FAS|>ɣfl	ɢ u f l
<|FAS|>fɒhʃ	f ɑː h e ʃ
<|FAS|>zrf	z a ɾ f
<|FAS|>sɒlɒr	s ɑː l ɑː ɾ
<|FAS|>ʃrkt	ʃ e ɾ k a t
<|FAS|>hrmz	h o ɾ m o z
<|FAS|>nɣz	n a ɢ z
<|FAS|>kɒbl	k ɑː b u l
<|FAS|>nɒmvr	n ɑː m v a ɾ
<|FAS|>xzɒʔj	x a z ɑː ʔ iː
<|FAS|>ʔsl	a s a l
<|FAS|>ʃlvɒr	ʃ a l v ɑː ɾ
<|FAS|>xrvs	x o ɾ uː s
<|FAS|>پɒʃjdn	p ɑː ʃ iː d a n
<|FAS|>t͡ʃɒh‌kvr	t͡ʃ ɑː h k a v ɾ
<|FAS|>hrzɡj	h a ɾ z a ɡ iː
<|FAS|>nʃljdn	n e ʃ e l iː d a n
<|FAS|>d͡ʒɒmʔh‌ʃnɒs	d͡ʒ ɑː m i ʔ a ʃ i n ɑː s
<|FAS|>xɒtvn	x ɑː t uː n
<|FAS|>ɣbrstɒn	ɢ a b ɾ i s t ɑː n
<|FAS|>bhɒr	b a h ɑː ɾ
<|FAS|>kɒrzɒr	k ɑː ɾ z ɑː ɾ
<|FAS|>ʃɒm	ʃ ɑː m
<|FAS|>پlɒn	p e l ɑː n
<|FAS|>hndj	h e n d iː
<|FAS|>ɒmʃb	e m ʃ a b
<|FAS|>tvsjh	t a v s i j a
<|FAS|>ɒʃvb‌hɒ	ɑː ʃ uː b h ɑː
<|FAS|>jjlɒɣ	j a j l ɑː ɢ
<|FAS|>tkrɒr	t a k ɾ ɑː ɾ
<|FAS|>vsjʔ	v a s e ʔ
<|FAS|>ɣɒlb	ɢ ɑː l i b
<|FAS|>xjs	x iː s
<|FAS|>ɒmrvz	e m ɾ uː z
<|FAS|>bsjɒr	b e s j ɑː ɾ
<|FAS|>djɡdɒn	d e ɡ d ɑː n
<|FAS|>mjxj	m iː x iː
<|FAS|>ɒsپɣvl	e s p a ɢ uː l
<|FAS|>nvʃjdnj	n u ʃ i d a n iː
<|FAS|>zrh	z e ɾ e h
<|FAS|>ʔfv	ʔ a f v
<|FAS|>hrfh	h e ɾ f e
<|FAS|>ɡvz	ɡ a v z
<|FAS|>ɡzɒrdn	ɡ o z ɑː ɾ d a n
<|FAS|>xtnh	x a t n e
<|FAS|>bndr	b a n d a ɾ
<|FAS|>ʃɣɒl	ʃ o ɢ ɑː l
<|FAS|>nkvnɒm	n e k uː n ɑː m
<|FAS|>ɣɒlb	ɢ ɑː l e b
<|FAS|>tʔzjm	t a ʔ z i m
<|FAS|>nɒhjd	n ɑː h iː d
<|FAS|>bhtrjn	b e h t a ɾ i n
<|FAS|>ɒstjvn	e s t iː v e n
<|FAS|>پjʃɒnj	p e ʃ ɑː n iː
<|FAS|>sɒhl	s ɑː h i l
<|FAS|>ɒnsɒn	e n s ɑː n
<|FAS|>ɒzrbɒjd͡ʒɒn	ɑː z a ɾ b ɑː j d͡ʒ ɑː n
<|FAS|>bɒdbɒnj	b ɑː d b ɑː n iː
<|FAS|>frvdɡɒh	f o ɾ uː d ɡ ɑː h
<|FAS|>hfth‌hɒ	h a f t e h ɑː
<|FAS|>jپk	j e p a k
<|FAS|>ɒsپst	a s p i s t
<|FAS|>snbvsh	s a m b oː s a
<|FAS|>hsn	h a s a n
<|FAS|>bɒf	b ɑː f
<|FAS|>tɣvjt	t a ɢ v i j a t
<|FAS|>xvɒstn	x ɑː s t a n
<|FAS|>پɒjɡɒh	p ɑː j i ɡ ɑː h
<|FAS|>tbdjl	t a b d i l
<|FAS|>ɣlɒmj	ɢ o l ɑː m iː
<|FAS|>ʃdnj	ʃ o d a n iː
<|FAS|>ɒmthɒn	e m t e h ɑː n
<|FAS|>xndɒn	x a n d ɑ n
<|FAS|>ɒhtjɒd͡ʒ	e h t i j ɑː d͡ʒ
<|FAS|>ɣjt͡ʃj	ɢ a j t͡ʃ iː
<|FAS|>svx	s oː x
<|FAS|>ɒsbɒt	e s b ɑː t
<|FAS|>bɒjst	b ɑː j e s t
<|FAS|>mtʔlɣ	m o t a ʔ a l l e ɢ
<|FAS|>ɒtfɒɣ	e t t e f ɑː ɢ
<|FAS|>nd͡ʒs‌trjn	n a d ʒ a s t a ɾ iː n
<|FAS|>ld͡ʒn	l a d͡ʒ a n
<|FAS|>ɡjk	ɡ iː k
<|FAS|>td͡ʒrbj	t a d ʒ ɾ o b iː
<|FAS|>tɣvjm	t a ɢ v i m
<|FAS|>zjr	z e ɾ
<|FAS|>ɒhmdj‌nʒɒd	a h m a d i n i ʒ ɑː d
<|FAS|>rʔd	ɾ a ʔ d
<|FAS|>ɒzrxʃ	ɑː z a ɾ a x ʃ
<|FAS|>vzɣ	v a z a ɢ
<|FAS|>thfh	t o h f e
<|FAS|>mvmjɒjj	m oː m i j ɑː j iː
<|FAS|>d͡ʒzjrh	d͡ʒ a z i ɾ a
<|FAS|>thrɒn	t a h ɾ ɑː n
<|FAS|>mrdm	m a ɾ d u m
<|FAS|>ɒdm	ɑː d a m
<|FAS|>tʔdɒd	t e ʔ d ɑː d
<|FAS|>ɡrzh	ɡ o ɾ z e
<|FAS|>krdj	k o ɾ d iː
<|FAS|>پɒjjz	p ɑː iː z
<|FAS|>nɣth	n o ɢ t e
<|FAS|>ʃnbh	ʃ a n b a
<|FAS|>xvɒd͡ʒh	x ɑː d͡ʒ a
<|FAS|>nɒɣs	n ɑː ɢ i s
<|FAS|>hvl	h a v l
<|FAS|>ɒrdh	a ɾ d a
<|FAS|>vɣtj	v a ɢ t e
<|FAS|>xvdnvjs	x o d n e v iː s
<|FAS|>t͡ʃʃmɒn	t ʃ e ʃ m ɑː
<|FAS|>mʃɒrkt	m o ʃ ɑː ɾ e k a t
<|FAS|>xndjdn	x a n d i d a n
<|FAS|>ɣjd	ɢ e j d
<|FAS|>ʔmr	o m a ɾ
<|FAS|>ɣɒt͡ʃɒɣt͡ʃj	ɢ ɑː t͡ʃ ɑː ɢ t͡ʃ iː
<|FAS|>mɒlh	m ɑː l a
<|FAS|>bv	b oː
<|FAS|>tvr	t a v ɾ
<|FAS|>mvʔmn	m o ʔ m e n
<|FAS|>bj‌ʔrzh	b e u ɾ z a
<|FAS|>پrjstɒn	p a ɾ i j i s t ɑː n
<|FAS|>sɒjh	s ɑː j a
<|FAS|>ɡvʃvɒrh	ɡ oː ʃ v ɑː ɾ a
<|FAS|>ʃjtɒnj	ʃ a j t ɑː n iː
<|FAS|>tshjh	t a s h e h
<|FAS|>rɒ	ɾ ɑː
<|FAS|>d͡ʒɒnbɒz	d͡ʒ ɑː m b ɑː z
<|FAS|>mvlɒnɒ	m o v l ɑː n ɑː
<|FAS|>كnd͡ʒ	k o n d͡ʒ
<|FAS|>sxt	s a x t
<|FAS|>ɒbʃɒr	ɑː b ʃ ɑː ɾ
<|FAS|>ɡlپr	ɡ o l p a ɾ
<|FAS|>ɡndm	ɡ a n d u m
<|FAS|>ʃklɒtj	ʃ o k o l ɑ t i
<|FAS|>sjm	s e j o m
<|FAS|>nɒپsnd	n ɑː p a s a n d
<|FAS|>ʃkstnj	ʃ i k a s t a n iː
<|FAS|>rvɒɣ	ɾ e v ɑː ɢ
<|FAS|>ɡʃɒdn	ɡ o ʃ ɑː d a n
<|FAS|>mʔdnj	m a ʔ d a n iː
<|FAS|>rɒd͡ʒstɒn	ɾ ɑː d͡ʒ a s t a n
<|FAS|>rvnɣ	ɾ a v n a ɢ
<|FAS|>sپndɒn	s e p a n d ɑː n
<|FAS|>t͡ʃɒmh‌srɒjj	t͡ʃ ɑː m a s a ɾ ɑː j iː
<|FAS|>ɡrɒ	ɡ a ɾ ɑː
<|FAS|>ɣɒzj	ɢ ɑː z iː
<|FAS|>rɒht	ɾ ɑː h a t
<|FAS|>ɒrzʃ	a ɾ z i ʃ
<|FAS|>xstɡj	x a s t i ɡ iː
<|FAS|>rh	r a h
<|FAS|>ɒntɣɒd	e n t e ɢ ɑː d
<|FAS|>ɡɒrɒʒ	ɡ ɑː ɾ ɑː ʒ
<|FAS|>rɒbt	ɾ ɑː b i t
<|FAS|>nvʃjdn	n oː ʃ iː d a n
<|FAS|>blɡ	b a l ɡ
<|FAS|>slh	s u l h
<|FAS|>ʃjrjn	ʃ i ɾ i n
<|FAS|>xɒrd͡ʒj	x ɑː ɾ i d͡ʒ iː
<|FAS|>d͡ʒdjd	d͡ʒ a d i d
<|FAS|>ʔɒdj	ʔ ɑː d iː
<|FAS|>ʃksth‌nstʔljɣ	ʃ e k a s t e n a s t a ʔ l iː ɢ
<|FAS|>پɒlɒjʃ	p ɑː l ɑː j i ʃ
<|FAS|>xvʃɡl	x o ʃ ɡ e l
<|FAS|>ʒɒʒ	ʒ ɑː ʒ
<|FAS|>frvrdjn	f a ɾ v a ɾ d iː n
<|FAS|>ɒsl	a s l
<|FAS|>zvd͡ʒjt	z a v d͡ʒ i j a t
<|FAS|>mvz	m a v z
<|FAS|>sɒmɒnh	s ɑː m ɑː n a
<|FAS|>jn	e n
<|FAS|>nɒn	n ɑː n
<|FAS|>slslh	s e l s e l e
<|FAS|>zvɒl	z a v ɑː l
<|FAS|>htmɒ	h a t m a n
<|FAS|>ɒxbɒr	a x b ɑː ɾ
<|FAS|>nʔvz	n o ʔ uː z
<|FAS|>ɒɣɒz	ɑː ɢ ɑː z
<|FAS|>ɒstɣbɒl	e s t e ɢ b ɑː l
<|FAS|>ʃjdɒ	ʃ e j d ɑː
<|FAS|>mhbt	m a h a b b a t
<|FAS|>mɒrmvlk	m ɑː ɾ m uː l a k
<|FAS|>پʃjmɒn	p a ʃ iː m ɑː n
<|FAS|>kvtɒh	k oː t ɑː h
<|FAS|>dstɒr	d a s t ɑː ɾ
<|FAS|>tb	t e b
<|FAS|>sŋ	s a n ɡ
<|FAS|>ɣtʔ	ɢ a t ʔ
<|FAS|>xvɒh	x ɑː h
<|FAS|>ɣsm	ɢ a s a m
<|FAS|>t͡ʃɒپɡr	t͡ʃ ɑː p ɡ a ɾ
<|FAS|>srɒj	s a ɾ ɑː j
<|FAS|>sfɒrʃj	s e f ɑː ɾ e ʃ iː
<|FAS|>ɒxrɒd͡ʒ	e x ɾ ɑː d͡ʒ
<|FAS|>ɒmd	ɑː m a d
<|FAS|>rŋ	ɾ a n ɡ
<|FAS|>nfrjn	n e f ɾ iː n
<|FAS|>xɒl	x ɑː l
<|FAS|>d͡ʒvrɒb	d ʒ oː ɾ ɑː b
<|FAS|>hmh	h a m e
<|FAS|>bjnj	b i n iː
<|FAS|>frʃth	f a ɾ i ʃ t a
<|FAS|>sjmɒb	s i m ɑː b
<|FAS|>mʔdh	m e ʔ d a
<|FAS|>ɣvnjh	ɢ u n i j a
<|FAS|>mntɣd	m o n t a ɢ e d
<|FAS|>ɒstbl	e s t a b l
<|FAS|>jɒsɒء	j ɑː s ɑː ʔ
<|FAS|>پʃtvn	p a ʃ t uː n
<|FAS|>kmk	k o m a k
<|FAS|>ɒʃtj	ɑː ʃ t iː
<|FAS|>tɣsjr	t a ɢ s iː ɾ
<|FAS|>bjd͡ʒɒdh	b i d͡ʒ ɑː d i
<|FAS|>sh‌bʔdj	s e b o ʔ d iː
<|FAS|>znɒŋj	z a n ɑː n a ɡ iː
<|FAS|>kmɒnt͡ʃh	k a m ɑː n t͡ʃ a
<|FAS|>ɒrzv	ɑː ɾ i z uː
<|FAS|>ʔft	ʔ e f f a t
<|FAS|>kvzh	k u z a
<|FAS|>sjlɒs	s iː l ɑː s
<|FAS|>ʃmɒrh	ʃ o m ɑː ɾ e
<|FAS|>ɒhvrɒmzdɒ	a h u ɾ ɑː m a z d ɑː
<|FAS|>پjɣɒmbr	p a j ɢ ɑː m b a ɾ
<|FAS|>hɣ	h a ɢ ɢ
<|FAS|>mʒdh	m o ʒ d e
<|FAS|>rɒzj	ɾ ɑː z iː
<|FAS|>snf	s a n f
<|FAS|>ɒxz	ʔ a x z
<|FAS|>mvtr	m oː t a ɾ
<|FAS|>vfɒt	v a f ɑː t
<|FAS|>nzdjk‌tr	n a z d iː k t a ɾ
<|FAS|>xdɒjj	x o d ɑː j iː
<|FAS|>nzdjk	n a z d i k
<|FAS|>vɒrd	v ɑː ɾ e d
<|FAS|>srfrɒz	s a ɾ f a ɾ ɑː z
<|FAS|>vd͡ʒvdj	v o d͡ʒ uː d iː
<|FAS|>hlv	h o l uː
<|FAS|>mʃkl‌hɒ	m o ʃ k e l h ɑː
<|FAS|>ʒrf	ʒ a ɾ f
<|FAS|>پjʃtɒz	p e ʃ t ɑː z
<|FAS|>frɒrvd	f a ɾ ɑː ɾ uː d
<|FAS|>xʃɒb	x e ʃ ɑː b
<|FAS|>mnjʒh	m a n iː ʒ a
<|FAS|>rd	ɾ a d d
<|FAS|>t͡ʃhɒr	t͡ʃ a h ɑː ɾ
<|FAS|>svɡnd	s a v ɡ a n d
<|FAS|>ʃtrɣɒr	ʃ o t o ɾ ɢ ɑː ɾ
<|FAS|>ʃvrbɒ	ʃ oː ɾ b ɑː
<|FAS|>xɒɣɒn	x ɑː ɢ ɑː n
<|FAS|>tʃkjl	t a ʃ k i l
<|FAS|>svj	s oː j
<|FAS|>ɒsپhsɒlɒr	ʔ e s p a h s ɑː l ɑː ɾ
<|FAS|>tzjjn	t a z j i n
<|FAS|>mɒdr	m ɑː d a ɾ
<|FAS|>ɒstɣlɒl	e s t e ɢ l ɑː l
<|FAS|>knd͡ʒkɒv	k o n d͡ʒ k ɑː v
<|FAS|>frɒmvʃj	f a ɾ ɑː m oː ʃ iː
<|FAS|>پvʃɒk	p oː ʃ ɑː k
<|FAS|>ɒslɒm‌ɡrɒ	e s l ɑː m ɡ a ɾ ɑː
<|FAS|>ɒŋljs	ʔ e n ɡ e l iː s
<|FAS|>xvɒnʃ	x ɑː n e ʃ
<|FAS|>xvjʃ	x e ʃ
<|FAS|>rvmj	ɾ oː m iː
<|FAS|>xvɒnndh	x ɑː n a n d a
<|FAS|>sɒzʃ	s ɑː z i ʃ
<|FAS|>xzndɡɒn	x a z a n d e ɡ ɑː n
<|FAS|>msr	m e s ɾ
<|FAS|>tkjh	t a k j a
<|FAS|>xɒnvɒdh	x ɑː n a v ɑː d a
<|FAS|>ɣblɒ	ɢ a b l a n
<|FAS|>xvn‌ʃnɒsj	x u n ʃ i n ɑː s iː
<|FAS|>srmh	s a ɾ m a
<|FAS|>flɒxn	f a l ɑː x a n
<|FAS|>drfʃ	d a ɾ a f ʃ
<|FAS|>ɒlɒlh	ɑː l ɑː l a
<|FAS|>trsjdn	t a ɾ s i d a n
<|FAS|>ɒzjt	a z i j a t
<|FAS|>xsrɒn	x o s ɾ ɑː n
<|FAS|>jɡɒnh	j a ɡ ɑː n a
<|FAS|>tʔd͡ʒb	t a ʔ a d d͡ʒ u b
<|FAS|>bjʃh	b e ʃ a
<|FAS|>d͡ʒʃn	d͡ʒ a ʃ n
<|FAS|>xsth‌xɒnh	x a s t a x ɑː n a
<|FAS|>ɒdjnh	ɑː d iː n a
<|FAS|>bjvr	b e v a ɾ
<|FAS|>nɒzk	n ɑː z u k
<|FAS|>srx	s o ɾ x
<|FAS|>mrɡ	m a ɾ ɡ
<|FAS|>rɒm	ɾ ɑː m
<|FAS|>ɒzmvdn	ɑː z m uː d a n
<|FAS|>mnzl	m a n z i l
<|FAS|>ʃhvt	ʃ a h v a t
<|FAS|>bj	b e
<|FAS|>ɒrtʔɒʃ	e ɾ t e ʔ ɑː ʃ
<|FAS|>ɒntʃɒr	e n t e ʃ ɑː ɾ
<|FAS|>bzɒɣ	b o z ɑː ɢ
<|FAS|>ɣjmtj	ɢ a j m a t iː
<|FAS|>bjmɒrtr	b iː m ɑː ɾ t a ɾ
<|FAS|>ɣtr	ɢ a t a ɾ
<|FAS|>tɒd͡ʒjkstɒn	t ɑː d͡ʒ iː k i s t ɑː n
<|FAS|>dɒrvsɒz	d ɑː ɾ uː s ɑː z
<|FAS|>dnjdn	d a n iː d a n
<|FAS|>ʃɣɒl‌hɒ	ʃ o ɢ ɑː l ɑː
<|FAS|>kh	k e
<|FAS|>dɒnstn	d uː n e s t a n
<|FAS|>mjzɒn	m i z ɑ n
<|FAS|>ʃtrɡɒvپlŋ	ʃ o t o ɾ ɡ ɑː v p a l a n ɡ
<|FAS|>mvrt͡ʃh	m oː ɾ t͡ʃ a
<|FAS|>kɒsb	k ɑː s i b
<|FAS|>djdn	d i d a n
<|FAS|>ɡzʃtn	ɡ o z a ʃ t a n
<|FAS|>mrbɒ	m o r a b b ɑ
<|FAS|>rm	ɾ a m
<|FAS|>jɒr	j ɑː ɾ
<|FAS|>xʃvnt	x o ʃ uː n a t
<|FAS|>mɣdmɒtj	m o ɢ a d d a m ɑː t iː
<|FAS|>tmsjl	t a m s i l
<|FAS|>dɣt	d e ɢ ɢ a t
<|FAS|>پrndvʃ	p a ɾ a n d oː ʃ
<|FAS|>mjdɒn	m a j d ɑː n
<|FAS|>snvbr	s a n a v b a ɾ
<|FAS|>ɡlstɒn	ɡ o l e s t ɑː n
<|FAS|>ɒxvnd	ɑː x uː n d
<|FAS|>mjlɒd	m e l ɑː d
<|FAS|>frzndxvɒndh	f a ɾ z a n d x ɑː n d a
<|FAS|>ɒt͡ʃɒr	ɑː t͡ʃ ɑː ɾ
<|FAS|>sɒln	s ɑː l o n
<|FAS|>xvʃbxt	x o ʃ b a x t
<|FAS|>mxtlt	m o x t a l e t
<|FAS|>sfɒrʃ	s e f ɑː ɾ e ʃ
<|FAS|>msdr	m a s d a ɾ
<|FAS|>nzr	n a z a ɾ
<|FAS|>ʒrf‌tr	ʒ a ɾ f t a ɾ
<|FAS|>ʃɒd	ʃ ɑː d
<|FAS|>xfɡj	x a f i ɡ iː
<|FAS|>vʔdh	v a ʔ d a
<|FAS|>tdrjd͡ʒ	t a d ɾ i d͡ʒ
<|FAS|>ɣlɒvz	ɢ u l ɑː v u z
<|FAS|>mɣds	m o ɢ a d d a s
<|FAS|>nɒrɒht	n ɑː ɾ ɑː h a t
<|FAS|>ɣɒr	ɢ ɑː ɾ
<|FAS|>ɒsɒn	ɑː s ɑː n
<|FAS|>d͡ʒvhr	d͡ʒ a v h a ɾ
<|FAS|>ɒrɒjʃ	ɑː ɾ ɑː j i ʃ
<|FAS|>bhbvd	b e h b uː d
<|FAS|>srvr	s a ɾ v a ɾ
<|FAS|>ɒʃtbɒh	e ʃ t e b ɑː h
<|FAS|>frd	f a ɾ d
<|FAS|>ɡvɒʃtn	ɡ o v ɑː ʃ t a n
<|FAS|>vjrɒjʃ	v i ɾ ɑː j i ʃ
<|FAS|>vl	v e l
<|FAS|>klپ	k l a p
<|FAS|>ɡvjʃ	ɡ oː j i ʃ
<|FAS|>ɒnfd͡ʒɒr	e n f e d͡ʒ ɑː ɾ
<|FAS|>rvɒdjd	r a v ɑː d iː d
<|FAS|>ɒrɡ	o ɾ ɡ
<|FAS|>xzɒn	x a z ɑː n
<|FAS|>tfsjdn	t a f s i d a n
<|FAS|>ɡrdn	ɡ a ɾ d a n
<|FAS|>nvkr	n a v k a r
<|FAS|>ɒdm‌hɒ	ɑː d a m h ɑː
<|FAS|>t͡ʃvپ	t͡ʃ oː p
<|FAS|>پrj	p a ɾ iː
<|FAS|>klŋ	k o l o n ɡ
<|FAS|>sɒdh‌tr	s ɑː d e t a ɾ
<|FAS|>drbɒrh	d a ɾ b ɑː ɾ a j i
<|FAS|>پnhɒn	p e n h uː n
<|FAS|>xlɒf	x e l ɑː f
<|FAS|>ɣdr	ɢ a d a ɾ
<|FAS|>ɒstxvɒn	o s t o x ɑː n
<|FAS|>ʃvɣ	ʃ a v ɢ
<|FAS|>پnd͡ʒʃjr	p a n d͡ʒ ʃ e ɾ
<|FAS|>ɒtmjnɒn	e t m iː n ɑː n
<|FAS|>sɒz	s ɑː z
<|FAS|>nɒtvɒn	n ɑː t a v ɑː n
<|FAS|>nɒrnd͡ʒ	n ɑː ɾ a n d͡ʒ
<|FAS|>پzjrftn	p a z i ɾ u f t a n
<|FAS|>ɡɒz	ɡ ɑː z
<|URD|>rɑːiːٔeːd̪ہnd̪ɡɑːn	ɽ a: ɪ d ə ɦ ə n d ɡ a: n
<|URD|>d͡ʒd̪یd̪t̪rیn	d͡ʒ a d iː d t a r iː n
<|URD|>rɑːmuː	ɽ a: m ʊ
<|URD|>ɑːt̪uːɑːr	ɪ t ʋ a: ɽ
<|URD|>mnہ	m ʊ ɦ
<|URD|>xsɑːrہ	x ɪ s a: ɽ a: ɦ
<|URD|>mʃruːb	m a ʃ r uː b
<|URD|>ɑːrb	ə ɽ ə b
<|URD|>ɣیrmst̪hکm	ɣ ɪ r m ʊ s t ɦ a k a m
<|URD|>ɑːbھʃیک	ə bʰ ɪ ʂ eː k
<|URD|>rnɡuːlی	ɽ ə ŋ ɡ oː l iː
<|URD|>ɑːٓکɑːʃ	a: k a: ʃ
<|URD|>ہmsfr	ɦ ə m s ə f ə ɽ
<|URD|>hqɑːrt̪	ɦ ʊ q a: ɽ ə t
<|URD|>msiːٔlہ	m ə s l a:
<|URD|>ɑːsʈɑːiːٔsʈکs	ɪ s ʈ a: ɪ s ʈ k s
<|URD|>bɑːleː	b a: l eː
<|URD|>ɡrnɑː	ɡ ɪ ɽ n a:
<|URD|>flɑːhی	f l a: ɦ iː
<|URD|>t̪mھی◌̃	t ʊ m e:
<|URD|>sکuː	s k uː
<|URD|>sfr	s ə f ə ɽ
<|URD|>ruːیiːٔہ	ɽ ə ʋ ə i a:
<|URD|>luːt̪ھ	l oː tʰ
<|URD|>mیzɑːn	m iː z a: n
<|URD|>nɑːfz	n a: f ɪ z
<|URD|>pɑːr	p a: ɽ
<|URD|>ɑːuːd̪blɑːuːٔ	uː d b ɪ l a: oː
<|URD|>bɑːʃnd̪ہ	b a: ʃ ɪ n d a:
<|URD|>rɑːd͡ʒuː	ɽ a: d͡ʒ oː
<|URD|>d͡ʒɑːmʔہ	d͡ʒ a: m ɪ ʔ a:
<|URD|>pɑːlیsی	p a: l iː s iː
<|URD|>کɑːrɡzɑːrی	k a: r ɡ ʊ z a: r iː
<|URD|>smی	s ə m iː a
<|URD|>snɡھ	s ɪ ŋ ɡʰ
<|URD|>ɑːrd̪uː	ʊ ɽ d uː
<|URD|>rیmɑːrک	r eɪ m a: r k
<|URD|>prکɑːʃ	p ɽ ə k a: ʃ
<|URD|>sfruːɑː◌̃	s ɪ f ə ɽ ʋ a:
<|URD|>mlɑːzm	m ʊ l a: z ə m
<|URD|>ɑːxt̪یɑːrکrd̪ہ	ə x t iː j aː ɽ k ə ɽ d ə ɦ
<|URD|>کھɑːɡ	kʰ a: ɡ
<|URD|>d̪یuːɑːکr	d iː ʋ a: k ə ɽ
<|URD|>rbuːہ	ɽ ə b ʋ a: ɦ
<|URD|>mɑːک	m a: k
<|URD|>d̪ɑːrd̪r	d a: ɽ ɪ d ɽ
<|URD|>pہlɑː	p ə ɦ l a:
<|URD|>rɑːd͡ʒɑː	ɽ a: d͡ʒ a:
<|URD|>ɖھiːʈھ	ɖʰ iː ʈʰ
<|URD|>st̪ruːی◌̃	s t ɽ oː ʋ eː n
<|URD|>bھuːnɡیr	bʰ ʊ ŋ ɡ iː r
<|URD|>ɖیfns	ɖ iː f n ɪ s
<|URD|>d̪st̪brd̪ɑːr	d ʊ s t b ɛ r d a: r
<|URD|>d͡ʒɡr	d͡ʒ ə ɡ ə r
<|URD|>d͡ʒɑːnی	d͡ʒ a: n iː
<|URD|>puːlیt̪	p oː l iː t
<|URD|>ʃruː	ʃ ʊ ɽ uː a
<|URD|>ɖɡیs	ɖ ɪ ɡ iː s
<|URD|>uːrzʃ	ʋ ə ɽ z ɪ ʃ
<|URD|>fʈt͡ʃ	f t͡ʃ
<|URD|>ft̪nہ	f ə t n ə
<|URD|>ɡuːd̪ھrɑː	ɡ oː dʰ ɽ aː
<|URD|>sxt̪ی	s a x t iː
<|URD|>کuːہیr	k oː ɦ iː ɽ
<|URD|>prیm	p ɽ eː m
<|URD|>ɣیrzruːrی	ɣ eː ɽ z ə ɽ uː ɽ iː
<|URD|>ɖr	ɖ ə ɽ
<|URD|>bہɑːr	b ə ɦ a: ɽ
<|URD|>کmیʃn	k a m iː ʃ a n
<|URD|>کs	a k s
<|URD|>pnɑː	p ə n n a:
<|URD|>ʃɑːiːٔq	ʃ a: ɪ q
<|URD|>t̪کnیکی	t a k n iː k iː
<|URD|>ɑːیrɑːnɖیɑː	a iː r aː n d iː aː
<|URD|>xuːd̪کʃ	x ʊ d k ʊ ʃ
<|URD|>ruːpیɑː	ɽ uː p iː a:
<|URD|>ɑːfq	a: f ə q
<|URD|>d͡ʒɑːiːٔb	ə d͡ʒ a: ɪ b
<|URD|>t̪یsrی	t eː s r iː
<|URD|>ɑːrd̪n	a: r d ə n
<|URD|>ʒɑːlہ	ʒ a: l ə
<|URD|>pیʃɑːb	p eː ʃ a: b
<|URD|>lیbrmn	l iː b ə r m ə n
<|URD|>prt̪bھɑː	p ə r t ʊ bʰ a:
<|URD|>ɑːیmɑːnd̪ɑːr	iː m a: n d a: ɽ
<|URD|>puːrکr	p u: r k ə r
<|URD|>bst̪ی	b ə s t iː
<|URD|>mہluːک	m ə ɦ l oː k
<|URD|>lیɡ	l iː ɡ
<|URD|>miːٔی	m eː ɪ
<|URD|>hɑːlɑːnکہ	ɦ a: l a: k iː
<|URD|>d̪یکʃt̪	d iː k ʃ t
<|URD|>کʃt̪ی	k ə ʃ t iː
<|URD|>t̪uːt̪ی	ʈ ɔː ʈ iː
<|URD|>lɽکی	l ə ɽ k iː
<|URD|>کھɑːnی	kʰ a: n iː
<|URD|>ɑːt̪bɑːʔ	ɪ t ɪ b a: a:
<|URD|>buːt̪ھɑː	b oː tʰ a:
<|URD|>mɑːlیt̪	m a: l iː t
<|URD|>ɡz	ɡ ʊ z
<|URD|>d͡ʒuːs	d͡ʒ oʊ s
<|URD|>t̪ɑːl	t a: l
<|URD|>uːsnt̪	ʋ ʊ s n a t
<|URD|>کlکʈr	k ʊ l k ʈ ɛ ɽ
<|URD|>d͡ʒھuːʈ	d͡ʒ ʱ uː ʈ
<|URD|>d̪یnɑː	d eː n a:
<|URD|>rnɡɑːrیɖی	ɽ ə ŋ ɡ a: ɽ iː d iː
<|URD|>ʃ	ʃ
<|URD|>uːɑːmی	a ʋ aː m iː
<|URD|>d̪ʔɑːiːٔeː	d̪ʊ a: ɪ eː
<|URD|>lیکt͡ʃrr	l iː k t͡ʃ ə ɽ ɽ
<|URD|>کuːrʈ	k ɔː r ʈ
<|URD|>suːٔr	s uː ə ɽ
<|URD|>mیʈrs	m eː t ə r s
<|URD|>prsuː◌̃	p ə ɽ s o:
<|URD|>ɡlɑːl	ɡ ʊ l a: l
<|URD|>ɡrd͡ʒnɑː	ɡ ə ɽ ə d͡ʒ n a:
<|URD|>یuːnیuːrsʈی	j uː n iː ʋ a r s ʈ iː
<|URD|>ɑːxt̪t̪ɑːm۔pzیr	a: x t t a: m p ə z iː ɽ
<|URD|>mیʈɑːbuːlɑːiːٔz	m eː ʈ a: b oː l aː ɪ z
<|URD|>کɑːrɖ	k a: ɽ d
<|URD|>bnd̪	b ə n d
<|URD|>flک	f ə l ə k
<|URD|>t͡ʃھɑːɽ	t͡ʃʰ a: ɽ
<|URD|>ɡrd̪ی	ɡ ʊ r d iː
<|URD|>d̪ھuːl	dʰ uː l
<|URD|>ɑːیmɑːn	iː m a: n
<|URD|>t͡ʃuːʈ	t͡ʃ oː ʈ
<|URD|>uːsuːlی	ʋ ʊ s uː l iː
<|URD|>mɑːrیʃیs	m a: r iː ʃ iː s
<|URD|>mst̪hکm	m ʊ s t a ɦ k a m
<|URD|>d͡ʒrɑːٔt̪	d͡ʒ ʊ ɽ ɽ ə t
<|URD|>ɑːکɑːnʈs	ə k a: n ʈ s
<|URD|>d͡ʒrsuːmہ	d͡ʒ ʊ ɽ s uː m a:
<|URD|>bɑːbrہ	b a: b ɽ a:
<|URD|>pɽھnɑː	p ə ɽʰ n a:
<|URD|>ɖɑːbsn	ɖ a: b s ə n
<|URD|>nzrɑːnd̪ɑːz	n ʊ z ɽ a: n d a: z
<|URD|>ɑːht̪mɑːl	eː ɦ t eː m a: l
<|URD|>iːٔn	ʔ ɪ n
<|URD|>xuːn	x uː n
<|URD|>md͡ʒھ	m ʊ d͡ʒʰ
<|URD|>pst̪ɑːn	p ɪ s t a: n
<|URD|>lɑːmہ	a ə l aː m ə
<|URD|>ɑːٓیiːٔnɑː	a: iː ə n ə
<|URD|>t̪ɡnɑː	t ɪ ɡ n a:
<|URD|>zɑːt̪	z a: t
<|URD|>blیn	b ɛː l iː n
<|URD|>d̪یکھnɑː	d eː kʰ n a:
<|URD|>ɑːnd̪r	ɪ n d ə ɽ
<|URD|>d͡ʒھuːʈی	d͡ʒ ʱ uː ʈ iː
<|URD|>کɑːrxɑːnہ	k a: r x a: n ə
<|URD|>mnsuːr	m ə n s ʊ ɽ
<|URD|>snd͡ʒیd̪ہ	s ʊ n d͡ʒ iː d a
<|URD|>ɑːsrɑːiːٔیl	ɪ s ɽ a: iː l
<|URD|>puːrہ	p uː r a:
<|URD|>pھuːl	pʰ uː l
<|URD|>prd̪یb	p ə ɽ d iː b
<|URD|>pیʈ	p eː ʈ
<|URD|>کɑːuːیہ	k a: ʋ j ə
<|URD|>lɑːpruːɑːہی	l a: p ɽ ʋ a: ɦ iː
<|URD|>t̪iːٔی◌̃	t ɛː ɪ n
<|URD|>lsɑːnیɑːt̪	l ɪ s a: n ɪ j a: t
<|URD|>mیʈnɡ	m iː ʈ ɪ ŋ ɡ
<|URD|>sہuːlt̪	s ʊ ɦ ʊ l t
<|URD|>ɑːhsɑːn	ə ɦ ə s a: n
<|URD|>یuːɡɑːnɖɑː	j ʊ ɡ a: n ʈ a:
<|URD|>ɣrnɑːt̪ہ	ɣ ə ɽ n a: t a: ɦ
<|URD|>hsuːl	ɦ ʊ s uː l
<|URD|>ʃrیnɡr	ʃ ɽ iː n ə ɡ ə ɽ
<|URD|>fʈns	f ɪ t n ə s
<|URD|>frɑːr	f a r aː r
<|URD|>کɑːɽھɑː	k a: ɽʰ a:
<|URD|>muːd͡ʒuːd̪ہ	m oː d͡ʒ uː d a:
<|URD|>t̪hsیl	t ɦ ʊ s iː l
<|URD|>ʃʔr	ʃ eː ɽ
<|URD|>d̪uːrɑːn	d ʊ ɽ a: n
<|URD|>zlیl	z ə l iː l
<|URD|>uːہ	ʋ oː
<|URD|>کuːی۶	k oː ɪ a 6
<|URD|>blی	b ə l iː
<|URD|>xsuːsɑː	x ʊ s uː s ə n
<|URD|>کھd͡ʒlی	kʰ ʊ d͡ʒ l iː
<|URD|>ɑːsuːl	ʊ s uː l
<|URD|>ɑːt̪rnɑː	ʊ t ə ɽ n a:
<|URD|>کʃɑːd̪ہ	k ə ʃ aː d ə
<|URD|>suːɑːlیہ	s uː aː l iː ə
<|URD|>bɑːuːlی	b aː oː l iː
<|URD|>ɑːrst̪uː	ə ɽ ə s t uː
<|URD|>hsیn	ɦ ʊ s eɪ n
<|URD|>bɣیr	b ɪ ɣ ɛː r
<|URD|>یہuːd̪	j ə ɦ uː d
<|URD|>msuːrی	m ʊ s ʋ ʊ r iː
<|URD|>uːیrیɑː	ʋ iː r iː a:
<|URD|>کʈrpsnd̪	k ʈ ə ɽ p s ʊ n d
<|URD|>t͡ʃlɑːnɑː	t͡ʃ ɪ l l a: n a:
<|URD|>ɖکɑːr	ɖ ə k a: ɽ
<|URD|>slیb	s ə l iː b
<|URD|>ɑːsʈɑːl	ɪ s ʈ aː l
<|URD|>t͡ʃnɡɑːl	t͡ʃ ə ŋ ɡ a: l
<|URD|>ʃeː۶	ʃ eː t͡ʃʰ ʰ
<|URD|>ɑːuːd̪ھɑːuːٔ	ɔː dʰ a: ʊ
<|URD|>ɑːٓxrt̪	a: x ɪ ɽ ə t
<|URD|>t͡ʃt̪ɑː	t͡ʃ ʊ t a:
<|URD|>rɑːd͡ʒیʃ	ɽ a: d͡ʒ iː ʃ
<|URD|>pھɑːɽ	pʰ a: ɽ
<|URD|>uːsɑːl	ʋ ɪ s a: l
<|URD|>lکیd͡ʒ	l ə k iː d͡ʒ
<|URD|>bd͡ʒʈ	b ə d͡ʒ ʈ
<|URD|>t͡ʃuːt̪ھɑː	t͡ʃ ɔː tʰ a:
<|URD|>puːlیuː	p oː l iː oː
<|URD|>d͡ʒlsہ	d͡ʒ ə l s a ɦ
<|URD|>ɑːllہ	ə l l a: ɦ
<|URD|>bhیsیt̪	b ɦ ɪ s iː t
<|URD|>ɑːrd͡ʒt̪	ə ɽ d͡ʒ ɪ t
<|URD|>bɑːlxsuːs	b a: l x a s ʊ s
<|URD|>d͡ʒnuːrی	d͡ʒ a n uː r iː
<|URD|>bt̪ɑːیɑːکہ	b ɪ t a: j a: k ɛː
<|URD|>d̪l	d ɪ l
<|URD|>nہ	n a:
<|URD|>bیlɑːruːs	b eː l a: ɽ uː s
<|URD|>rیʃی	r eː ʃ iː
<|URD|>bɑːہuːblی	b a: ɦ ʊ b ə l iː
<|URD|>t͡ʃuːt̪ھɑːiːٔی	t͡ʃ ɔː tʰ a: iː
<|URD|>md̪یrɑː	m ə d iː ɽ a:
<|URD|>frmɑːiːٔʃ	f ə ɽ m a: ɪ ʃ
<|URD|>blکہ	b ə l k iː
<|URD|>ɑːnʈrmlɑːn	ɪ n ʈ ə ɽ m ə l a: n
<|URD|>t̪lbیہ	t ə l b iː ə
<|URD|>smکھ	s ə m m ʊ kʰ
<|URD|>mt̪uːfی	m ʊ t ʋ ɔː f iː
<|URD|>prt͡ʃہ	p ə ɽ t͡ʃ ə
<|URD|>کt̪ی	k ə t iː
<|URD|>ɑːیکsprیs	aɪ k s p ɽ iː s
<|URD|>nɑːxuːʃ	n a: x ʊ ʃ
<|URD|>ruːɑːnہ	ɽ ə ʋ a: n a:
<|URD|>bیmɑːr	b eː m a: ɽ
<|URD|>muːrt̪ی	m uː ɽ t iː
<|URD|>ʈھuːs	ʈʰ oː s
<|URD|>bɑːuːn	b a: ʊ n
<|URD|>d͡ʒɑːmn	d͡ʒ a: m ə n , d͡ʒ a: m ʊ n
<|URD|>sɑːt̪ھ	s a: tʰ
<|URD|>mکھ	m ʊ kʰ
<|URD|>ʃیuːɑːd͡ʒی	ʃ iː ʋ a: d͡ʒ iː
<|URD|>nʔrہ	n a: ɽ a: ɦ
<|URD|>d͡ʒb	a d͡ʒ a b
<|URD|>ɑːnfrɑːsʈrکt͡ʃr	ɪ n f r a: s t ɽ ʊ k t͡ʃ ʊ ɽ
<|URD|>ɡmɑːnɑː	ɡ ʊ m a: n a:
<|URD|>pʈی	p ʈ iː
<|URD|>t͡ʃɽیɑː	t͡ʃ ɪ ɽ ɪ j a:
<|URD|>bیɑːɡ	b j aː ɡ
<|URD|>d̪mʃq	d ə m ɪ ʃ q
<|URD|>liːٔeː	l ɛː
<|URD|>lیɑːps	l iː a: p s
<|URD|>t̪b	t ə b
<|URD|>bɑːlکl	b ɪ l k ʊ l
<|URD|>ɑːیʃیn	eː ʃ iː n
<|URD|>کpɑːsی	k ə p a: s iː
<|URD|>ruːzɡɑːr	r oː z ɡ a: r
<|URD|>pɑːکst̪ɑːn	p a: k ɪ s t a: n
<|URD|>bیd̪	a ʊ b eː d
<|URD|>t̪یnt̪	ʈ ɪ n t
<|URD|>ɣیrd̪st̪uːrی	ɣ ɛː r d ʊ s t ʊ ɽ iː
<|URD|>bیʈھ	b eː ʈʰ
<|URD|>t͡ʃیt̪ɑːpuːr	t͡ʃ iː t aː p ɔː r
<|URD|>t͡ʃpl	t͡ʃ ə p ə l
<|URD|>rɑːʃʈrpt̪ی	r a: ʃ t r p a t iː
<|URD|>ʈیکsɑːs	ʈ iː k s a: s
<|URD|>bt̪d̪rیd͡ʒ	b ə t d ɽ iː d͡ʒ
<|URD|>t̪lx	t ə l ə x
<|URD|>t̪ھuːکnɑː	tʰ uː k n a:
<|URD|>ɑːmn	ə m ə n
<|URD|>brt̪r	b ɪ ɽ t ɽ
<|URD|>ہuːnɑː	ɦ oː n a:
<|URD|>ɡft̪ɡuː	ɡ ʊ f t ɡ oʊ
<|URD|>ɑːlmی	a a: l ə m iː
<|URD|>یuːsf	j uː s ə f
<|URD|>کɑːlɑː	k a: l a:
<|URD|>xɑːsی	x a: s iː
<|URD|>shɑːft̪	s ɪ ɦ a: f ə t
<|URD|>bیuːی	b iː ʋ iː
<|URD|>mʔluːm	m aː l uː m
<|URD|>mlک	m ʊ l k
<|URD|>beː۔t͡ʃیn	b eː t͡ʃ eː n
<|URD|>کɑːlnɡ	k a: l ə ŋ ɡ
<|URD|>sɑːɽھeː	s aː r a
<|URD|>d̪uːpہr	d uː p ɛː ɽ
<|URD|>sیnکɽɑː	s ɛː ŋ k ɽ a:
<|URD|>sruːt̪	s ə ɽ ʋ ə t
<|URD|>ɡnbz	ɡ ʊ m b ə z
<|URD|>ɑːnd̪rɑː	ɪ n d r a:
<|URD|>mnsʈrɑː	m ə n s ʈ ɽ a:
<|URD|>ɑːٓfsیr	a: f s iː ɽ
<|URD|>ʈɑːiːٔیls	ʈ a: ɪ l s
<|URD|>ɡɑːɽی	ɡ a: ɽ iː
<|URD|>ɑːیuːnʈ	a: j uː n ʈ
<|URD|>ɑːlbt̪ہ	a l b ə t a:
<|URD|>یuːnʈs	j ʊ n ɪ t s
<|URD|>bہnɑː	b ɛ ɦ n a:
<|URD|>ɑːٓnکھ	a: kʰ
<|URD|>sیnɑː	s iː n a:
<|URD|>t͡ʃuːʈکی	t͡ʃʰ ʊ ʈ k iː
<|URD|>lmbɑː	l ə m b a:
<|URD|>snہ	s ɪ ŋ ɦ
<|URD|>t̪nd̪rst̪	t ə n d ʊ ɽ ʊ s t
<|URD|>ɑːٓɡɑːr	a: ɡ a: ɽ
<|URD|>ɑːmیt̪	a m iː t
<|URD|>sfɑːiːٔی	s ɪ f a: iː
<|URD|>xrیd̪nɑː	x ə ɽ iː d n a:
<|URD|>ɡlbrɡہ	ɡ ʊ l b ə ɽ ɡ ə
<|URD|>sیd̪	s eː d
<|URD|>ɑːlm	ə l ə m
<|URD|>ɑːیzɑːrsɑːnیuː◌̃	a: ɪ z a: ɽ s a: n iː ʊ n
<|URD|>bکs	b ə k s
<|URD|>ʃrکrɑː	ʃ ə ɽ k ə ɽ a:
<|URD|>brیہ	b ə ɽ j ə
<|URD|>ɑːmd̪ɑːd̪	ɪ m d a: d
<|URD|>ɑːnt̪xɑːb	ɪ n t ɪ x a: b
<|URD|>srznʃ	s ə ɽ z n ɪ ʃ
<|URD|>hrیt̪	ɦ ʊ r iː t
<|URD|>bɑːʃɑːہ	b a: ʃ a: ɦ
<|URD|>sکnɑː	s ə k n a:
<|URD|>bکm	b ʊ k m
<|URD|>t̪nd̪rst̪ی	t ə n d ʊ ɽ ʊ s t iː
<|URD|>bہt̪r	b ə ɦ ə t t ə ɽ
<|URD|>nہɑːیt̪	n ɪ ɦ a: j ə t
<|URD|>mt̪	m ə t
<|URD|>msʈrsnہɑː	m ɪ s ʈ ə r s n ə ɦ a:
<|URD|>nکslɑːiːٔʈ	n ɪ k s l a: iː t
<|URD|>d͡ʒuːr	d͡ʒ ʋ ə ɽ
<|URD|>hrd͡ʒ	ɦ ʊ r d͡ʒ
<|URD|>کluːmیʈr	k ɪ l oʊ m iː t ə ɽ
<|URD|>mhnt̪	m ɪ ɦ n ə t
<|URD|>ɑːٓd̪ھɑː	a: dʰ a:
<|URD|>ɣrz	ɣ ʊ r d z
<|URD|>zیrqیɑːd̪t̪	z i: r q iː a: d t
<|URD|>کیmیکl	k iː m iː k ə l
<|URD|>d̪d͡ʒlہ	d ə d͡ʒ l a:
<|URD|>sɑːiːٔیns	s a: ɪ n s
<|URD|>mɑːہ	m aː ɦ
<|URD|>d̪ɑːɣ	d a: ɣ
<|URD|>ɡھیrneː	ɡʰ iː r n eɪ
<|URD|>mqfl	m ʊ q f ʊ l
<|URD|>ɑːٓzmɑːnɑː	a: z m a: n a:
<|URD|>bیuːruː	b j ʊ ɽ oː
<|URD|>uːʃnuː	ʋ ɪ ʃ n uː
<|URD|>quːm	q ɔː m
<|URD|>pnکھɑː	p ə ŋ kʰ a:
<|URD|>کھuːکs	kʰ oː k s
<|URD|>ɑːnɡrیzی	ə ŋ ɡ ɽ eː z iː
<|URD|>bھuːt̪nی	bʰ uː t ɪ n iː
<|URD|>nکɑːl	n ɪ k a: l
<|URD|>ʃrt̪	ʃ ə ɽ t
<|URD|>smd͡ʒھd̪ɑːr	s ə m ə d͡ʒʰ d a: ɽ
<|URD|>bɑːrہɑː	b a: ɽ ɦ a:
<|URD|>nsrt̪	n ʊ s ɽ ə t
<|URD|>nیlɑː	n iː l a:
<|URD|>shیh	s ə ɦ iː
<|URD|>t̪uːhیd̪یt̪	t ɔː ɦ iː d ɪ j ə t
<|URD|>rɑːs	ɽ aː s
<|URD|>nہs	n ɛ ɦ s
<|URD|>ɡھɽیɑːl	ɡʰ ə ɽ ɪ j a: l
<|URD|>fɑːlhɑːl	f ɪ l ɦ a: l
<|URD|>کھʈɑːiːٔی	kʰ ə ʈ a: iː
<|URD|>d͡ʒsuːr	d͡ʒ ə s uː ɽ
<|URD|>bھکt̪ی	bʰ ə k t iː
<|URD|>rہnɑː	ɽ ə ɦ n a:
<|URD|>t͡ʃʈs	t͡ʃ ə ʈ s
<|URD|>brt͡ʃھیt̪	b ə ɽ t͡ʃʰ ɛː t
<|URD|>کھɑːt̪ɑː	kʰ a: t a:
<|URD|>t͡ʃہɑːrm	t͡ʃ ə ɦ a: ɽ ʊ m
<|URD|>d͡ʒd̪uːl	d͡ʒ ʊ d ʊ l
<|URD|>ɑːsʈیuːn	ɪ s t iː ʋ ə n
<|URD|>nmɑːiːٔnd̪ہ	n ʊ m a: ɪ n d ə ɦ
<|URD|>rکھɑː	ɽ ʊ kʰ a:
<|URD|>t̪nɑːz	t ə n a: z oː ʔ
<|URD|>mہɑːd͡ʒrt̪	m ʊ ɦ a: d͡ʒ ə ɽ ə t
<|URD|>lɑːʈھی	l a: ʈʰ iː
<|URD|>kɑː	k a:
<|URD|>uːd͡ʒuːd̪	ʋ ə d͡ʒ uː d
<|URD|>t̪lqیn	t ə l q iː n
<|URD|>xd̪ɑː	x ʊ d a:
<|URD|>rیکɑːrɖz	ɽ eɪ k a: ɽ ɖ z
<|URD|>nکt̪ہ	n ʊ k t a:
<|URD|>ɑːuːmیʃ	oː m iː ʃ
<|URD|>d̪ھuːsr	dʰ uː s ə r
<|URD|>lیnɑː	l eː n a:
<|URD|>hbʃ	ɦ ə b ə ʃ
<|URD|>ɑːɡɑːn	ə ɡ a: n
<|URD|>sیnیʈr	s iː n eː ʈ ə ɽ
<|URD|>suːɑːr	s ʋ a: ɽ
<|URD|>sruːnɑːm	s ə ɽ ʋ n a: m
<|URD|>mzɑːکrہ	m ʊ z a: k ə r a:
<|URD|>ʃbہɑːt̪	ʃ ə b ɦ a: t
<|URD|>qlm	q ə l ə m
<|URD|>کuːlکɑːt̪ɑː	k oː l k a: t a:
<|URD|>t͡ʃکnɑː	t͡ʃ ʊ k n a:
<|URD|>ʃɑːʔrی	ʃ a: j ɽ iː
<|URD|>nuːʈs	n oː ʈ s
<|URD|>sst̪ی	s ʊ s t iː
<|URD|>muːq	m ɔː q a:
<|URD|>ɑːlʔrfɑːiːٔ	ə l a ɽ f a: ɪ
<|URD|>snd͡ʒیd̪ɡی	s ʊ n d͡ʒ iː d ɡ iː
<|URD|>ruːzہ	ɽ oː z a:
<|URD|>t̪uːsیf	t ʋ o s iː f
<|URD|>d͡ʒɡɑːɽ	d͡ʒ ʊ ɡ a: ɽ
<|URD|>ɑːd̪ɑːsی	ʊ d a: s iː
<|URD|>ɑːst̪qbɑːl	ɪ s t ɪ q b a: l
<|URD|>pھlnɑː	pʰ ə l n a:
<|URD|>t̪mɑːm۔t̪r	t ʊ m a: m t ɽ
<|URD|>suːt͡ʃnɑː	s oː t͡ʃ n a:
<|URD|>ɖیuːlpmnʈ	ɖ iː oʊ l p m ə n ʈ
<|URD|>sیrیz	s iː ɽ iː z
<|URD|>srsیd̪	s ə ɽ s iː d
<|URD|>llɑːʈ	l ə l a: ʈ
<|URD|>fɑːlsiːٔی	f a: l s ə iː
<|URD|>ɑːیf	eː f
<|URD|>bɣiːr	b ə ɣ ɛː ɽ
<|URD|>ɑːnt̪xɑːbی	ɪ n t ɪ x a: b iː
<|URD|>t̪mھɑːrɑː	t ʊ m a: ɽ a:
<|URD|>qیd̪ی	q iː d iː
<|URD|>sɑːiːٔbrʈɑːuːrs	s a: ɪ b ə ɽ ʈ a: ʋ ə ɽ s
<|URD|>snɑːt̪n	s ə n a: t ə n
<|URD|>کmیuːnʈی	k a m j uː n ɪ ʈ iː
<|URD|>zیr۔qیɑːd̪t̪	z iː ɽ q iː a: d ə t
<|URD|>rnɡt̪	ɽ ə ŋ ɡ ə t
<|URD|>t̪یmuːr	t ɛː m uː ɽ
<|URD|>ʈیlی	ʈ iː l iː
<|URD|>nqɑːd̪	a ɪ n q a: d
<|URD|>ɡnd͡ʒɑːn	ɡ ʊ n d͡ʒ a: n
<|URD|>ɖɑːl	ɖ a: l
<|URD|>t͡ʃnd̪rbnd̪	t͡ʃ ə n d ə ɽ ə b ɪ n d ʊ
<|URD|>ʃکɑːیɑːt̪	ʃ iː k aː j aː t
<|URD|>ɑːt̪ls	ə t l ə s
<|URD|>sیrsہ	s eː ɽ s ə
<|URD|>mt̪ھrɑː	m ə tʰ ʊ ɽ a:
<|URD|>کھrd͡ʒuː	kʰ ə ɽ d͡ʒ uː
<|URD|>کuːʃʃ	k oː ʃ ɪ ʃ
<|URD|>ɡmbھیr	ɡ ə m bʰ iː ɽ
<|URD|>zmɑːnt̪	z ə m a: n ə t
<|URD|>sیnکɽuː◌̃	s eː n k ə ɽ oː n
<|URD|>nuːuːɑː◌̃	n ə u ʋ a:
<|URD|>ہrɑːnɑː	ɦ ə ɽ a: n a:
<|URD|>sɑːiːٔnsd̪ɑː◌̃	s a: ɪ n s d a: n
<|URD|>ɡھɑːuː	ɡʰ a: ʋ
<|URD|>zlɑː	z ʊ l a: a
<|URD|>zmہ۔d̪ɑːrɑːnہ	z ə m ɦ ɖ a: ɽ a: n a:
<|URD|>ɑːnکɖl	ɪ n k ə ɖ l
<|URD|>luːm	ʔ ʊ l uː m
<|URD|>d͡ʒɽuːɑː◌̃	d͡ʒ ʊ ɽ ʋ a:
<|URD|>d̪lt͡ʃsp	d ɪ l t͡ʃ ə s p
<|URD|>rnɖی	ɽ ə n ɖ iː
<|URD|>ɑːqɑːmt̪	ɪ q a: m ə t
<|URD|>ɡیnd̪	ɡ eː n d
<|URD|>mqbuːzہ	m ə q b uː z ə
<|URD|>ruːpeː	ɽ uː p eː
<|URD|>bɑːzɑːbt̪ہ	b a: z a: b ɪ t ɦ a:
<|URD|>d̪ھɑːrɑː	dʰ a: ɽ a:
<|URD|>bmbہ	b ə m b
<|URD|>ʈھیs	ʈʰ iː s
<|URD|>کʃmɑː	k ʂ ə m a:
<|URD|>ɖھɑːnک	ɖʰ a: n k
<|URD|>ɑːsکuːɑːɖ	a: s k uː a: d
<|URD|>xɑːt̪یuː◌̃	x a: t iː j oː n
<|URD|>ɑːzd̪uːɑːd͡ʒ	ɪ z d ɪ ʋ a: d͡ʒ
<|URD|>muːd͡ʒھی	m oʊ d͡ʒʰ iː
<|URD|>mیnɑː	m eː n a:
<|URD|>uːɑːqʔɑːt̪ی	ʋ a: q eː a: t iː
<|URD|>xɑːld̪	x a: l ɪ d
<|URD|>prیmiːٔr	p r eɪ m ɪə r
<|URD|>rɑːiːٔeːd̪ہی	ɽ aː ɪ ə d ɦ iː
<|URD|>ɡd͡ʒuːیl	ɡ ə d͡ʒ ʋ ə iː l
<|URD|>d̪biːٔی	d ʊ b ə iː
<|URD|>prʃnsɑː	p ɽ ə ʃ ə n s a:
<|URD|>ɑːnʃɑːʔ	ɪ n ʃ a: ʔ
<|URD|>nuːmuːہیuːn	n ʊ m ʊ ɦ iː ʊ n
<|URD|>t͡ʃuːt̪r	t͡ʃ uː t ə ɽ
<|URD|>کɑːr	k a: ɽ
<|URD|>ɑːfɣɑːnst̪ɑːn	ə f ɣ a: n ɪ s t a: n
<|URD|>prɑːɖکʈs	p ɽ a: ʈ k ʈ s
<|URD|>t̪mnɑː	t ə m ə n n a:
<|URD|>d̪rsɡɑːہ	d ə r s ɡ a: ɦ
<|URD|>bt̪	b ʊ t
<|URD|>کuːɖɑː	k ʊ d a:
<|URD|>mrhuːmہ	m ə ɽ ɦ uː m ə
<|URD|>ɣzہ	ɣ ə z ə
<|URD|>mt̪uːd͡ʒہ	m ʊ t ə ʋ ə d͡ʒ d͡ʒ ʊ ɦ
<|URD|>bd̪d̪ʔɑː	b ə d d ʊ a:
<|URD|>nbz	n ə b z
<|URD|>ɑːst̪snی	ɪ s t ɪ s n a: iː
<|URD|>ɑːreː	ə ɽ eː
<|URD|>ɑːsکیnɖls	ə s k iː n d ə l s
<|URD|>mnɑːn	m ʊ n a: n
<|URD|>brslz	b ɽ ə s ə l z
<|URD|>ɑːlھnd̪	ʔ ə l ɦ ɪ n d
<|URD|>کpt̪ɑːn	k ə p t a: n
<|URD|>ہuːmɡɑːrɖ	ɦ oː m ɡ aː r ɖ
<|URD|>کuːnsl	k oː n s ə l
<|URD|>d̪ہnd̪ہ	d ə ɦ n d ə
<|URD|>ɖruːns	ɖ ɽ oː n s
<|URD|>mہnɡی	m ə ɦ n ɡ iː
<|URD|>bɑːqɑːʔd̪ɡی	b a: q a: ʔ ɪ d ɡ iː
<|URD|>pʈeː	p a t eɪ
<|URD|>ɑːd̪l	a a: d ə l
<|URD|>rɑːmɑːiːٔn	ɽ a: m a: j ə n
<|URD|>ɑːٓs	a: s
<|URD|>ɡrɑːnʈs	ɡ r a: n t s
<|URD|>muːٔzn	m ʊ ə z z ɪ n
<|URD|>ʈɑːiːٔlʈ	ʈ a: ɪ l ʈ
<|URD|>d͡ʒnrl	d͡ʒ ə n ɽ ə l
<|URD|>zɑːiːٔd̪	z a: ɪ d
<|URD|>t̪nɡ	t ə ŋ ɡ
<|URD|>ɑːɽیuːɑː	ə ɽ eː ʋ a:
<|URD|>کɑːlsɑːnɡrɑː	k a: l s a: ŋ ɡ r a:
<|URD|>d͡ʒھnɖɑː	d͡ʒʰ ə n ɖ a:
<|URD|>huːیlی	ɦ ə ʋ eː l iː
<|URD|>mکھn	m ə kʰ ə n
<|URD|>کpuːt̪	k ə p oː t
<|URD|>mɑːrکʈs	m a: r k ɪ t s
<|URD|>mیnʈn	m eː n ʈ n
<|URD|>hd͡ʒr	ɦ ə d͡ʒ ɽ
<|URD|>snuːɑːr	s ʊ n ʋ a: r
<|URD|>zɑːiːٔqہ	z a: j q a:
<|URD|>mکɑːnpuːr	m ə k a: n p ɔː ɽ
<|URD|>xsrہ	x ə s ɽ a:
<|URD|>ɑːlfɑːz	a l f a: z
<|URD|>qɑːsmی	q aː s m iː
<|URD|>bھɑːluː	bʰ a: l uː
<|URD|>t͡ʃuːmnɑː	t͡ʃ uː m n a:
<|URD|>یsیٰ	iː s a:
<|URD|>t̪nɑːzr	t ə n a: z ə r
<|URD|>ɡlɑːnی	ɡ l a: n iː
<|URD|>d͡ʒrmnی	d͡ʒ ə ɽ m ə n iː
<|URD|>d̪ɑːm	d a: m
<|URD|>کʃd̪ھɑː	k ʂ ʊ dʰ a:
<|URD|>bd͡ʒlی	b ɪ d͡ʒ l iː
<|URD|>pɑːuːr	p a: ʋ ə ɽ
<|URD|>uːɑːhd̪	ʋ a: ɦ ɪ d
<|URD|>bɽھuːt̪rی	b a ɽ ʊ t ɽ iː
<|URD|>کھnک	kʰ ə n ə k
<|URD|>suːiːmuːr	s ʋ ə j ə m ʋ ə ɽ
<|URD|>ruːs	ɽ uː s
<|URD|>qیmt̪ی	q iː m ə t iː
<|URD|>d͡ʒbrی	d͡ʒ ʊ b r iː
<|URD|>rیکɑːrɖکrd̪ہ	r eː k a: r ʈ k ʊ r d ə ɦ
<|URD|>t͡ʃھuːʈɑː	t͡ʃʰ oː ʈ a:
<|URD|>xɑːrd͡ʒہ	x a: ɽ ɪ d͡ʒ a:
<|URD|>ɖuːd͡ʒی	ɖ oː d͡ʒ iː
<|URD|>uːɑːrsɑː	ʋ a: ɽ s a:
<|URD|>snnɑː	s ʊ n n a:
<|URD|>flst̪یn	f ɪ l ɪ s t iː n
<|URD|>mʈnɑː	m ɪ ʈ n a:
<|URD|>ɡnɡuːlی	ɡ ʊ ŋ ɡ ɔː l iː
<|URD|>md͡ʒrmɑːnہ	m ʊ d͡ʒ ɽ ɪ m a: n a:
<|URD|>کɑːrn	k a: ɽ ə n
<|URD|>ہmی◌̃	ɦ ə m e:
<|URD|>یn	iː n
<|URD|>d͡ʒuːہr	d͡ʒ ɔː ɦ ə ɽ
<|URD|>slɑːh	s ʊ l a: ɦ
<|URD|>ʃq	ɪ ʃ q
<|URD|>suːʈ	s uː ʈ
<|URD|>ʃrی	ʃ ɽ iː
<|URD|>ɑːxlɑːq	ə x l a: q
<|URD|>ɑːɡrbt̪ی	ə ɡ ə ɽ b ə t t iː
<|URD|>ʃuːɑːr	ʃ oː aː r a
<|URD|>ɑːnʃuːrns	ɪ n ʃ ʊ r ə n s
<|URD|>t͡ʃuːt̪ɽ	t͡ʃ uː t ə ɽ
<|URD|>bھuːɡ	bʰ ʊ ɡ
<|URD|>ککʃ	k ə k ʃ
<|URD|>rɑːuː	r aː ʋ
<|URD|>ɡnd̪ɑː	ɡ ʊ n d a:
<|URD|>nɑːrɑːz	n a: ɽ a: z
<|URD|>fہd̪	f ə ɦ d
<|URD|>mrnɑː	m ə ɽ n a:
<|URD|>ɑːhہ	ɪ ɦ
<|URD|>sld͡ʒuːqی	s ə l d͡ʒ uː q iː
<|URD|>t̪mɑːʃہ	t ʊ m a: ʃ a:
<|URD|>ɑːzt̪rɑːrی	ɪ z t ɪ ɽ a: ɽ iː
<|URD|>ɑːluːd̪ɑː	ə l ʋ ɪ d a:
<|URD|>t͡ʃھuːʈ	t͡ʃʰ uː ʈ
<|URD|>ɑːuːsuː	ɔː s o
<|URD|>lکʒrی	l ʊ k z ʊ r iː
<|URD|>znd̪ہ	z ɪ n d a:
<|URD|>t̪ʔɑːqb	t a a: q ʊ b
<|URD|>d̪uːsrɑː	d uː s ɽ a:
<|URD|>nɑːiːٔʈ	n aɪ t
<|URD|>mrd̪ɑːnہ	m ə ɽ d a: n a:
<|URD|>ɑːuːqɑːf	ɔː q a: f
<|URD|>t̪xlیہ	t ə x l iː ə
<|URD|>zbt̪	z a b t
<|URD|>t͡ʃھɑːn	t͡ʃʰ a: n
<|URD|>d̪uːst̪ɑːnہ	d oː s t a: n a:
<|URD|>کیmیɑːiːٔی	k iː m ɪ j a: iː
<|URD|>ɡɑːɽ	ɡ a: ɽ
<|URD|>suːہɑːl	s uː ɦ aː l
<|URD|>prd̪یʃ	p ɽ ə d iː ʃ
<|URD|>کnd͡ʒی	k ʊ n d͡ʒ iː
<|URD|>muːہnی	m oː ɦ n iː
<|URD|>ld̪ɑːx	l ə d a: x
<|URD|>d͡ʒی	d͡ʒ iː
<|URD|>pیrs	p ɛː ɽ ɪ s
<|URD|>t̪qrیbɑːً	t ə q ɽ iː b ə n
<|URD|>ɑːnsیt̪	ɪ n s iː t
<|URD|>ɑːrt̪ʔɑːʃ	ɪ ɽ t eː a: ʃ
<|URD|>sfیd̪	s ə f eː d
<|URD|>nbی	n ə b iː
<|URD|>mzɑːہrہ	m ʊ z a: ɦ ɪ ɽ a:
<|URD|>bکrɑː	b ə k ɽ a:
<|URD|>nzm	n ə z ə m
<|URD|>کہnɑː	k ə ɦ n a:
<|URD|>ɑːlnکɑːr	ə l ə ŋ k a: ɽ
<|URD|>rɑːہd̪ɑːrی	ɽ a: ɦ d a: ɽ iː
<|URD|>nst̪ʔlیq	n ə s t a: l iː q
<|URD|>nbɑːt̪یɑːt̪	n ə b a: t ɪ j a: t
<|URD|>fsl	f a s l
<|URD|>mʔbuːd̪	m a: ʔ b uː d
<|URD|>d̪nd̪nɑː	d ə n d ə n a:
<|URD|>d͡ʒuːnیr	d͡ʒ ʊ n iː ɽ
<|URD|>seː	s eː
<|URD|>کb	k a b
<|URD|>ruːp	ɽ uː p
<|URD|>t̪یrnɑː	t ɛː ɽ n a:
<|URD|>ɑːٓnd̪ھی	a: n dʰ iː
<|URD|>nɑːʈ	n a: ʈ
<|URD|>lln	l ʊ l ə n
<|URD|>کsmprsی	k ə s m ʊ p r ə s iː
<|URD|>ruːzn	ɽ ɔː z ə n
<|URD|>ɡɑːrɖیuːlɑː	ɡ aː ɽ ɖ iː oː l aː
<|URD|>mیɡھ	m eː ɡʰ
<|URD|>pɑːnt͡ʃ	p a: t͡ʃ
<|URD|>d̪ɑːmuːd̪r	d a: m uː d a r
<|URD|>bɑːl	b a: l
<|URD|>ɑːnqlɑːb	ɪ n q ɪ l a: b
<|URD|>d͡ʒpnɑː	d͡ʒ ə p n a:
<|URD|>d͡ʒrɑːsیm	d͡ʒ ə ɽ a: s iː m
<|URD|>mqd̪sہ	m ʊ q ə d d ə s a:
<|URD|>ɖnکrک	ɖ ə n k ə ɽ k
<|URD|>d͡ʒl	d͡ʒ ə l
<|URD|>ہuːs	ɦ ə ʋ ə s
<|URD|>ɣیrmhfuːz	ɣ ɛː ɽ m ɦ ʊ f ʊ z
<|URD|>qیɑːm	q iː a: m
<|URD|>ɣflt̪	ɣ ə f l ə t
<|URD|>lɑːiːٔیnz	l aɪ n z
<|URD|>mhmd̪uː	m ʊ ɦ ə m ə d ʋ oʊ
<|URD|>nuːbt̪	n ɔː b ə t
<|URD|>mrکnd̪ہ	m ʊ ɽ k ə n d ə
<|URD|>d͡ʒɑːiːٔzہ	d͡ʒ a: ɪ z a:
<|URD|>mfɑːہmt̪	m ʊ f a: ɦ ɪ m ə t
<|URD|>srکɑːr	s ə ɽ k a: ɽ
<|URD|>mʔɑːld͡ʒہ	m a a a: l ɪ d͡ʒ a:
<|URD|>buːɑːiːٔz	b oʊ z
<|URD|>ہیɖکuːɑːrʈr	ɦ iː ʈ k ʋ a: ɽ ʈ ə ɽ
<|URD|>mʔlnہ	m a ə l ə n ə ɦ
<|URD|>pیɑːz	p ɪ j a: z
<|URD|>ɡd̪ھ	ɡ ɪ d dʰ
<|URD|>mیnɖs	m eː n ɖ s
<|URD|>ہt͡ʃکnɑː	ɦ ɪ t͡ʃ ə k n a:
<|URD|>t̪rɑːbls	t ɽ a: b ʊ l s
<|URD|>bzɑːہr	b ə z a: ɦ ɪ ɽ
<|URD|>ɑːیnʈی	ʔ eː n ʈ iː
<|URD|>d͡ʒluːs	d͡ʒ ʊ l uː s
<|URD|>ʃہzɑːd̪ہ	ʃ ə ɦ z a: d a:
<|URD|>brmɑː	b ə ɽ m a:
<|URD|>ɑːpd̪hɑːn	ʊ p dʰ a: n
<|URD|>کuːɑːrی	k ʋ a: r iː
<|URD|>nɑːzm	n a: z ɪ m
<|URD|>d͡ʒd̪ɑː	d͡ʒ ʊ d a:
<|URD|>ɑːsکɑːm	ə s k a: m
<|URD|>t͡ʃھʈی	t͡ʃʰ ʊ ʈ iː
<|URD|>ɡnɡ	ɡ ʊ ŋ ɡ
<|URD|>mیکsیکuː	m eː k s iː k oː
<|URD|>bd̪ھɑː	b ʊ dʰ a:
<|URD|>ʃnt̪ɑːnuː	ʃ ə n t ə n uː
<|URD|>uːnɑː	ʋ ɪ n a:
<|URD|>zbrd̪st̪ی	z ʊ b ɽ d ʊ s t iː
<|URD|>smprd̪ɑːeː	s ə m p ɽ ə d a: eː
<|URD|>d̪ɑːʔʃ	d a: ʔ ɪ ʃ
<|URD|>bleː	b ʊ l eː
<|URD|>t̪uː	t uː
<|URD|>mft̪	m ʊ f t
<|URD|>ɑːʈɑːpʈuː	a t aː p t o
<|URD|>d̪ld͡ʒmʔی	d ə l d͡ʒ ʊ m a iː
<|URD|>fuːn	f o: n
<|URD|>prɑːɖکʈ	p ɽ aː ɖ a k ʈ
<|URD|>xrɑːʃ	x ə ɽ a: ʃ
<|URD|>nsq	n ɪ s q
<|URD|>ɑːst̪ʔmɑːl	ɪ s t eː m a: l
<|URD|>t͡ʃیmpیn	t͡ʃ iː m p iː n
<|URD|>ɑːmd̪ɑːd̪ی	ə m d a: d iː
<|URD|>ɑːٓsیb	a: s eː b
<|URD|>ɑːpst̪ھt̪	ʊ p ə s tʰ ɪ t
<|URD|>bیnɑːlɑːquːɑːmی	b eɪ n a: l a: q ʋ a: m iː
<|URD|>کیt̪یʃ	k eː t iː ʃ
<|URD|>suːprɑːsʈɑːr	s uː p ɽ a: s ʈ a: ɽ
<|URD|>mhruːm	m ə ɦ ɽ uː m
<|URD|>کیmp	k eː m p
<|URD|>nɑːfzɑːlʔml	n aː f iː z ʔ ə l a ə m ə l
<|URD|>ɑːnuːrɑːllہ	a: n ʋ ə r a: l l a: ɦ
<|URD|>ɡluː	ɡ ʊ l oː , ɡ ʊ l uː , ɡ ə l uː
<|URD|>ہt̪ھیlی	ɦ ə tʰ eː l iː
<|URD|>d͡ʒuːfrی	d͡ʒ o f r iː
<|URD|>کɑːmrs	k aː m ə ɽ s
<|URD|>ɑːrکnsɑːs	a: ɽ k ə n s a: s
<|URD|>mmt̪ɑː	m ʊ m t a:
<|URD|>t͡ʃھuːʈnɑː	t͡ʃʰ uː ʈ n a:
<|URD|>ɡɑːiːٔیɖns	ɡ a: iː d n s
<|URD|>pnیsr	p a n iː s ɛ r
<|URD|>bʃmuːl	b ə ʃ m ʊ l
<|URD|>puːʃیd̪ہ	p oː ʃ iː d ə
<|URD|>mʃکl	m ʊ ʃ k ɪ l
<|URD|>t̪ʔd̪ɑːd̪	t ə ʔ d a: d
<|URD|>frq	f ɽ q
<|URD|>msnuːʔɑːt̪	m ʊ s n u: a a: t
<|URD|>pɑːuːٔɖr	p a: ʊ ʈ ə ɽ
<|URD|>ʈھیک	ʈʰ iː k
<|URD|>mʔt̪md̪	m ʊ ʔ t ə m ɪ d
<|URD|>کہɑːuːt̪	k ə ɦ a: ʋ ə t
<|URD|>flpɑːiːٔn	f ɪ l ɪ p a: ɪ n
<|URD|>snd̪ھ	s ɪ n dʰ
<|URD|>xbrی◌̃	x ə b ɽ iː n
<|URD|>d͡ʒuːɽ	d͡ʒ oː ɽ
<|URD|>qmیz	q ə m iː z
<|URD|>d̪یuːbnd̪ی	d eː ʋ b ə n d iː
<|URD|>mɑːیہ	m aː j ɦ
<|URD|>ɑːbɑːbیl	ə b a: b iː l
<|URD|>کfr	k ə f ə r
<|URD|>uːʃɑːکھɑː	ʋ ʊ ʃ a: kʰ a:
<|URD|>t̪lɑːʃ	t ə l a: ʃ
<|URD|>کlb	k ʊ l b
<|URD|>t̪یzɑːb	t eː z aː b
<|URD|>t͡ʃɑːnslr	t͡ʃ a: n s ə l ə ɽ
<|URD|>ɑːٓluːd̪ɡی	a: l uː d ə ɡ iː
<|URD|>mɑːn	ʔ o m a: n
<|URD|>t̪bd̪یlی	t a b d iː l iː
<|URD|>zrیʔہ	z ə ɽ ɪ j ə
<|URD|>d͡ʒہnm	d͡ʒ ə ɦ ə n n ə m
<|URD|>mrɑːsm	m ʊ r aː s ɪ m
<|URD|>ɑːnɡlی	ʊ ŋ ɡ l iː
<|URD|>ہuːɑː	ɦ ə ʋ a:
<|URD|>qst̪	q ɪ s t
<|URD|>uːlt̪ھɑːʈی	ʋ ʊ l tʰ a: ʈ iː
<|URD|>qrmzی	q ɪ ɽ m ɪ z iː
<|URD|>bd̪	a ʊ b d
<|URD|>ɑːlmslmیn	ʊ l m ʊ s l iː m iː n
<|URD|>pکɑːr	p ʊ k a: ɽ
<|URD|>slm	s ʊ l m
<|URD|>ɣیrmuːsmی	ɣ ɛː ɽ m oː s m iː
<|URD|>t͡ʃیlnd͡ʒ	t͡ʃ eː l n d͡ʒ
<|URD|>mzhکہ	m ʊ z ɦ a: k ə
<|URD|>ʃɑːʔrہ	ʃ a: j ɽ a:
<|URD|>ہɑːnکnɑː	ɦ a: ŋ k n a:
<|URD|>ɑːspɑːʈ	ɪ s p a: ʈ
<|URD|>prsکuːn	p ə ɽ s k uː n
<|URD|>ɣruːr	ɣ ʊ ɽ uː ɽ
<|URD|>d͡ʒɡnuː	d͡ʒ ʊ ɡ n uː
<|URD|>bnɑːuːʈی	b ə n a: ʋ ə ʈ iː
<|URD|>lکʃmn	l ʊ k ʃ m ʊ n
<|URD|>ʈکʈs	ʈ ɪ k ʈ s
<|URD|>d͡ʒsuːnt̪	d͡ʒ ʊ s ʊ n t
<|URD|>rɑːt̪	ɽ a: t
<|URD|>hlqہ	ɦ ə l q ə
<|URD|>ɑːکɑːiːٔی	a: k a: iː
<|URD|>bɑːmʃqt̪	b a: m ʃ q a t
<|URD|>mیd̪ɑːn	m eː d a: n
<|URD|>mɑːhuːl	m a: ɦ ɔː l
<|URD|>uːfɑːq	ʋ ɪ f a: q
<|URD|>suːɑːrی	s ʋ a: ɽ iː
<|URD|>xt̪m	x ə t m
<|URD|>t͡ʃrbی	t͡ʃ ə ɽ b iː
<|URD|>mہrbn	m ə ɦ r b ə n
<|URD|>کھlɑːɽی	kʰ l a: ɽ iː
<|URD|>brmnɡھm	b ə ɽ m ɪ n ɡʰ ə m
<|URD|>bɑːiːٔیsکl	b a: iː s ɪ k ə l
<|URD|>کt̪ɑː	k ʊ t t a:
<|URD|>beːہuːʃ	b eː ɦ oː ʃ
<|URD|>کpɑːs	k ə p a: s
<|URD|>d̪یruːz	d iː ɽ oː z
<|URD|>ɑːd͡ʒnbی	ə d͡ʒ n ə b iː
<|URD|>d͡ʒlɑːnɑː	d͡ʒ ə l a: n a:
<|URD|>lfz	l ə f z
<|URD|>t̪mnt͡ʃh	t ə m ə n t͡ʃ a:
<|URD|>d̪ɑːd̪ɑː	d a: d a:
<|URD|>bd̪ɑːlhmیd̪	a b d ʊ l ɦ ə m iː d
<|URD|>ɑːst̪bl	ə s t ə b ə l
<|URD|>کہrɑː	k ʊ ɦ ɽ a:
<|URD|>ɡھɽی	ɡʰ ə ɽ iː
<|URD|>uːzیrd̪ɑːxlہ	ʋ ə z iː r d a: x l ə
<|URD|>mnɖɑː	m ʊ n ɖ a:
<|URD|>کھɽeː	kʰ ə ɽ eː
<|URD|>mnیd͡ʒr	m ə n iː d͡ʒ ə r
<|URD|>uːd͡ʒیہ	ʋ ə d͡ʒ iː ɦ
<|URD|>ہɑːiːٔیکuːrʈ	ɦ aː iː k ɔː ɽ ʈ
<|URD|>pd̪mɑː	p ə d m a:
<|URD|>mqrrہ	m ʊ q ɽ a: ɽ ə
<|URD|>mr	m ə ɽ
<|URD|>ɑːیʈɑː	eɪ ʈ a:
<|URD|>ɣzuːۂ	ɣ ə z ʋ ə
<|URD|>pʈɑːxɑː	p ə ʈ a: x a:
<|URD|>smn	s ʊ m ə n
<|URD|>rɑːd͡ʒst̪ھɑːn	ɽ a: d͡ʒ s tʰ a: n
<|ARB|>ʕmiːq	ʕ a m iː q
<|ARB|>mnbh	m u n a b b i h
<|ARB|>ħuːrs	ħ uː r u s
<|ARB|>mħuːl	m u ħ a w w i l
<|ARB|>blɣm	b a l ɣ a m
<|ARB|>mtsaːmħ	m u t a s aː m i ħ
<|ARB|>ktaːbة	k i t aː b a
<|ARB|>md͡ʒriː	m a d͡ʒ a r i j j
<|ARB|>sd͡ʒiːn	s a d͡ʒ iː n
<|ARB|>tðkaːr	t a ð k aː r
<|ARB|>xrzة	x u r z a
<|ARB|>trsˤd	t a r a sˤ sˤ a d a
<|ARB|>tˤnd͡ʒiːrة	tˤ a n d͡ʒ iː r a
<|ARB|>mħmd	m a ħ m a d
<|ARB|>ruːnq	r a w n a q
<|ARB|>ħiːuːaːn	ħ a j a w aː n
<|ARB|>ʕfiːf	ʕ a f iː f
<|ARB|>aٕqaːlة	ʔ i q aː l a
<|ARB|>kaːds	k aː d i s
<|ARB|>ʃħaːðة	ʃ i ħ aː ð a
<|ARB|>d͡ʒrð	d͡ʒ u r a ð
<|ARB|>saːr	s aː r r
<|ARB|>aٔqrʕ	ʔ a q r a ʕ
<|ARB|>aٕkliːl	ʔ i k l iː l
<|ARB|>ðruːة	ð u r w a
<|ARB|>astθmaːr	i s t i θ m aː r
<|ARB|>ħltiːθ	ħ i l t iː θ
<|ARB|>xlaːʕiː	x a l aː ʕ i j j
<|ARB|>tʕliːq	t a ʕ l iː q
<|ARB|>mraːdf	m u r aː d i f
<|ARB|>blɣaːriː	b u l ɣ aː r i j j
<|ARB|>aٔrstˤuːtˤaːliːs	ʔ a r i s tˤ uː tˤ aː l iː s
<|ARB|>qbd͡ʒ	q a b a d͡ʒ
<|ARB|>mħn	m i ħ a n
<|ARB|>uːtˤniː	w a tˤ a n i j j
<|ARB|>xsˤuːsˤ	x u sˤ uː sˤ
<|ARB|>mθnaːn	m a θ n aː n
<|ARB|>tqdm	t a q a d d a m a
<|ARB|>luːiːaːθaːn	l a w i j aː θ aː n
<|ARB|>aٔsˤtˤrk	ʔ a sˤ tˤ a r a k
<|ARB|>nfqة	n a f a q a
<|ARB|>mksuːr	m a k s uː r
<|ARB|>aٕnaːء	ʔ i n aː ʔ
<|ARB|>ʕrnsiːة	ʕ a r a n s i j j a
<|ARB|>tbaːtˤʔa	t a b aː tˤ a ʔ a
<|ARB|>maːʕuːn	m aː ʕ uː n
<|ARB|>mðiːʕ	m u ð iː ʕ
<|ARB|>qraːءة	q i r aː ʔ a
<|ARB|>ħsnaːء	ħ a s n aː ʔ
<|ARB|>ʃaːhluːd͡ʒ	ʃ aː h a l uː d͡ʒ
<|ARB|>uːsʕ	w a s i ʕ a
<|ARB|>muːskuː	m uː s k uː
<|ARB|>lkmة	l a k m a
<|ARB|>ʕdmiːة	ʕ a d a m i j j a
<|ARB|>d͡ʒnsiːة	d͡ʒ i n s i j j a
<|ARB|>kʕk	k a ʕ k
<|ARB|>ʕðˤm	ʕ a ðˤ m
<|ARB|>aٔxdr	ʔ a x d a r
<|ARB|>aٔmaːn	ʔ a m aː n
<|ARB|>ʕnaːb	ʕ u n n aː b
<|ARB|>laːsltˤuːiː	l aː s u l tˤ a w i j j
<|ARB|>brʃiːd	b a r ʃ iː d
<|ARB|>aٕʃbiːnة	ʔ i ʃ b iː n a
<|ARB|>aliːsʕ	a l j a s a ʕ
<|ARB|>saːء	s aː ʔ a
<|ARB|>kaːnuːn	k aː n uː n
<|ARB|>ʕmى	ʕ a m m aː
<|ARB|>naːdl	n aː d i l
<|ARB|>axtl	i x t a l l a
<|ARB|>ʕaːsˤf	ʕ aː sˤ i f
<|ARB|>uːquːd	w a q uː d
<|ARB|>ʕniːf	ʕ a n iː f
<|ARB|>zʕtr	z a ʕ t a r
<|ARB|>mruːħة	m i r w a ħ a
<|ARB|>srxs	s a r x a s
<|ARB|>mðˤhr	m a ðˤ h a r
<|ARB|>nbðة	n u b ð a
<|ARB|>mqduːns	m a q d uː n i s
<|ARB|>aٕhliːld͡ʒ	ʔ i h l iː l a d͡ʒ
<|ARB|>ħuːb	ħ uː b
<|ARB|>d͡ʒaːðbiːة	d͡ʒ aː ð i b i j j a
<|ARB|>mktb	m a k t a b
<|ARB|>slħ	s a l a ħ a
<|ARB|>aٔiːhqaːn	ʔ a j h a q aː n
<|ARB|>kuːiːkb	k u w a j k i b
<|ARB|>ʃbħ	ʃ a b a ħ
<|ARB|>brquːq	b a r q uː q
<|ARB|>daːʕʃ	d aː ʕ i ʃ
<|ARB|>uːraːtˤ	w i r aː tˤ
<|ARB|>ɣaːlbiːة	ɣ aː l i b i j j a
<|ARB|>hd͡ʒuːm	h u d͡ʒ uː m
<|ARB|>fsiːfsaːء	f u s a j f i s aː ʔ
<|ARB|>nxaːʕ	n u x aː ʕ
<|ARB|>d͡ʒzdaːn	d͡ʒ i z d aː n
<|ARB|>aٔðaːʕ	ʔ a ð aː ʕ a
<|ARB|>astiːqðˤ	i s t a j q a ðˤ a
<|ARB|>ʕrbiːziː	ʕ a r a b iː z i j j
<|ARB|>aٕsktlndiː	ʔ i s k u t l a n d i j j
<|ARB|>zuːm	z uː m
<|ARB|>ðiːٔbة	ð i ʔ b a
<|ARB|>tˤʕaːm	tˤ a ʕ aː m
<|ARB|>faːsd	f aː s i d
<|ARB|>alsˤrbiːة	a sˤ sˤ i r b i j j a
<|ARB|>lknة	l u k n a
<|ARB|>ðrة	ð a r r a
<|ARB|>ʕbaːءة	ʕ a b aː ʔ a
<|ARB|>mqaːsˤ	m a q aː sˤ sˤ
<|ARB|>tʕtˤى	t a ʕ a tˤ tˤ aː
<|ARB|>qtˤiːfة	q a tˤ iː f a
<|ARB|>rxxة	r i x a x a
<|ARB|>aٔsˤbħ	ʔ a sˤ b a ħ
<|ARB|>tsˤaːdm	t a sˤ aː d a m a
<|ARB|>qndhaːr	q u n d u h aː r
<|ARB|>aٔmuːiː	ʔ u m a w i j j
<|ARB|>aٔʕrn	ʔ a ʕ r a n a
<|ARB|>alʔaːn	a l ʔ aː n a
<|ARB|>rtˤaːnة	r a tˤ aː n a
<|ARB|>hds	h a d a s
<|ARB|>alħbʃة	a l ħ a b a ʃ a
<|ARB|>aٔtaːħ	ʔ a t aː ħ a
<|ARB|>sˤnaːrة	sˤ i n aː r a
<|ARB|>sˤlaːbة	sˤ a l aː b a
<|ARB|>kʃtbaːn	k u ʃ t u b aː n
<|ARB|>tdriːd͡ʒ	t a d r iː d͡ʒ
<|ARB|>aٔuːliːaːء	ʔ a w l i j aː ʔ
<|ARB|>mnaːʕة	m a n aː ʕ a
<|ARB|>td͡ʒrbة	t a d͡ʒ r i b a
<|ARB|>msaːfة	m a s aː f a
<|ARB|>ħniːf	ħ a n iː f
<|ARB|>aٔʕtaːb	ʔ a ʕ t aː b
<|ARB|>aٔrz	ʔ a r a z z a
<|ARB|>bʔas	b a ʔ s
<|ARB|>naːiːٔm	n aː ʔ i m
<|ARB|>ħaːsm	ħ aː s i m
<|ARB|>qliːة	q i l l i j j a
<|ARB|>aٔss	ʔ a s s a s a
<|ARB|>friːsة	f a r iː s a
<|ARB|>nsˤraːniː	n a sˤ r aː n i j j
<|ARB|>ʕiːdiːة	ʕ iː d i j j a
<|ARB|>mrsˤbaːn	m a r sˤ a b aː n
<|ARB|>nʕnaːʕ	n a ʕ n aː ʕ
<|ARB|>ʕd͡ʒrfة	ʕ a d͡ʒ r a f a
<|ARB|>qaːʕة	q aː ʕ a
<|ARB|>iːuːns	j uː n u s
<|ARB|>mʃrk	m u ʃ r i k
<|ARB|>aٔʕsˤr	ʔ a ʕ sˤ a r a
<|ARB|>qaːf	q aː f
<|ARB|>ʃðr	ʃ a ð r
<|ARB|>sˤdɣ	sˤ a d ɣ
<|ARB|>θqbة	θ u q b a
<|ARB|>sˤaːxة	sˤ aː x x a
<|ARB|>msˤbnة	m a sˤ b a n a
<|ARB|>mðkrة	m u ð a k k a r a
<|ARB|>rtiːlة	r u t a j l a
<|ARB|>aٕbliːz	ʔ i b l iː z
<|ARB|>frqaːtˤة	f i r q aː tˤ a
<|ARB|>aٓxr	ʔ aː x a r
<|ARB|>miːaːnmaːr	m i j aː n m aː r
<|ARB|>sˤrbiːaː	sˤ i r b i j aː
<|ARB|>uːriːd	w a r iː d
<|ARB|>mʕzf	m i ʕ z a f
<|ARB|>aٔbaːxs	ʔ a b aː x i s u
<|ARB|>fnd͡ʒnkʃt	f a n d͡ʒ a n k u ʃ t
<|ARB|>alsfn	a s s u f u n
<|ARB|>mnbr	m i n b a r
<|ARB|>aٔʃuːs	ʔ a ʃ w a s
<|ARB|>saːtˤ	s aː tˤ a
<|ARB|>aٔtuːm	ʔ a t uː m
<|ARB|>mkml	m u k a m m a l
<|ARB|>sˤfʕ	sˤ a f a ʕ a
<|ARB|>anthى	i n t a h aː
<|ARB|>naːnxuːaːة	n aː n a x w aː h
<|ARB|>mnuːr	m a n w a r
<|ARB|>ħsˤaːn	ħ i sˤ aː n
<|ARB|>mdaːm	m u d aː m
<|ARB|>riːٔaːsة	r i ʔ aː s a
<|ARB|>sˤrbiː	sˤ i r b i j j
<|ARB|>rɣiːfة	r a ɣ iː f a
<|ARB|>aٔsiːaːx	ʔ a s j aː x
<|ARB|>hdaːr	h a d d aː r
<|ARB|>mliːء	m a l iː ʔ
<|ARB|>dbld͡ʒة	d a b l a d͡ʒ a
<|ARB|>braːɣ	b r aː ɣ
<|ARB|>ħiːθ	ħ a j θ u
<|ARB|>dˤuːى	dˤ a w aː
<|ARB|>aٕħsaːn	ʔ i ħ s aː n
<|ARB|>maːd͡ʒd	m aː d͡ʒ i d
<|ARB|>alsuːdaːn	a s s uː d aː n
<|ARB|>mkaːlmة	m u k aː l a m a
<|ARB|>bnaːiːة	b i n aː j a
<|ARB|>aٕsnaːd	ʔ i s n aː d
<|ARB|>d͡ʒzmaːzq	d͡ʒ a z m aː z a q
<|ARB|>buːðiː	b uː ð i j j
<|ARB|>tsʕmaːiːٔة	t i s ʕ u m i ʔ a
<|ARB|>uːθiːqة	w a θ iː q a
<|ARB|>baːrz	b aː r a z a
<|ARB|>nzhة	n u z h a
<|ARB|>blaːðr	b a l aː ð i r
<|ARB|>xlnd͡ʒaːn	x a l a n d͡ʒ aː n
<|ARB|>ald͡ʒmʕة	a l d͡ʒ u m a ʕ a
<|ARB|>aٔbriːl	ʔ a b r iː l
<|ARB|>mrfuːʕ	m a r f uː ʕ
<|ARB|>tkmiːliː	t a k m iː l i j j
<|ARB|>frks	f i r k i s
<|ARB|>ʕbaːdة	ʕ i b aː d a
<|ARB|>luːz	l a w z
<|ARB|>tˤrq	tˤ a r a q a
<|ARB|>ʕaːiːٔlة	ʕ aː ʔ i l a
<|ARB|>siːٔm	s a ʔ i m a
<|ARB|>alsnɣaːl	a s s i n i ɣ aː l
<|ARB|>aٔuːqf	ʔ a w q a f a
<|ARB|>blʕuːm	b u l ʕ uː m
<|ARB|>mtmaːd	m u t a m aː d d
<|ARB|>aٔtrd͡ʒ	ʔ u t r u d͡ʒ d͡ʒ
<|ARB|>trbiːة	t a r b i j a
<|ARB|>mluːxiːaː	m u l uː x i j j aː
<|ARB|>tħss	t a ħ a s s a s a
<|ARB|>naːdˤd͡ʒ	n aː dˤ i d͡ʒ
<|ARB|>mdaːd	m i d aː d
<|ARB|>antbh	i n t a b a h a
<|ARB|>aٔnzl	ʔ a n z a l a
<|ARB|>mɣn	m u ɣ a n n i n
<|ARB|>aٕbaːdة	ʔ i b aː d a
<|ARB|>ʕqaːl	ʕ i q aː l
<|ARB|>aٔhdى	ʔ a h d aː
<|ARB|>dˤaːl	dˤ aː l l
<|ARB|>aٔbaːsxiːruːn	ʔ a b aː s x iː r uː n
<|ARB|>dmɣة	d a m ɣ a
<|ARB|>suːٔdd	s u ʔ d a d
<|ARB|>trmiːm	t a r m iː m
<|ARB|>mstʕrb	m u s t a ʕ r i b
<|ARB|>aٔʃiːb	ʔ a ʃ j a b
<|ARB|>sliːlى	s u l a j l aː
<|ARB|>trkmaːnstaːn	t u r k u m aː n i s t aː n
<|ARB|>tqliːdiː	t a q l iː d i j j
<|ARB|>aٔsˤɣى	ʔ a sˤ ɣ aː
<|ARB|>slaːħ	s i l aː ħ
<|ARB|>tˤbaːq	tˤ a b b aː q
<|ARB|>bnfsd͡ʒiː	b a n a f s a d͡ʒ i j j
<|ARB|>artʕʃ	i r t a ʕ a ʃ a
<|ARB|>fiːd͡ʒn	f a j d͡ʒ a n
<|ARB|>rqiːq	r a q iː q
<|ARB|>andml	i n d a m a l a
<|ARB|>mʃʕr	m a ʃ ʕ a r
<|ARB|>d͡ʒriːd	d͡ʒ a r iː d
<|ARB|>ɣaːft	ɣ aː f a t
<|ARB|>ʃuːniːz	ʃ uː n iː z
<|ARB|>bħaːħ	b u ħ aː ħ
<|ARB|>abtlaːl	i b t i l aː l
<|ARB|>braːʃuːt	b a r aː ʃ uː t
<|ARB|>uːfaːء	w a f aː ʔ
<|ARB|>nsˤaːb	n a sˤ sˤ aː b
<|ARB|>qraːsiːaː	q a r aː s i j aː
<|ARB|>bʕθة	b a ʕ θ a
<|ARB|>ansl	i n s a l l a
<|ARB|>sˤuːrة	sˤ uː r a
<|ARB|>qaːuːuːʃ	q aː w uː ʃ
<|ARB|>ʃiːʕة	ʃ iː ʕ a
<|ARB|>ʕiːaːdة	ʕ i j aː d a
<|ARB|>tˤaːiːٔr	tˤ aː ʔ i r
<|ARB|>alʔard͡ʒntiːn	a l ʔ a r d͡ʒ a n t iː n
<|ARB|>slbaːħ	s i l b aː ħ
<|ARB|>tuːðˤiːf	t a w ðˤ iː f
<|ARB|>aٔiːqn	ʔ a j q a n a
<|ARB|>msttˤiːlaːt	m u s t tˤ iː l aː t
<|ARB|>xmsة	x a m s a
<|ARB|>rfaːiːٔiːl	r u f aː ʔ iː l
<|ARB|>btˤruːx	b a tˤ r uː x
<|ARB|>mlaː	m u l l aː
<|ARB|>ltuːaːniːaː	l i t u w aː n i j aː
<|ARB|>baːb	b aː b
<|ARB|>astθnaːiːٔiː	i s t i θ n aː ʔ i j j
<|ARB|>dlb	d u l b
<|ARB|>ʕrbiːة	ʕ a r a b i j j a
<|ARB|>mʕaːuːnة	m u ʕ aː w a n a
<|ARB|>axtrq	i x t a r a q a
<|ARB|>rsaːtˤuːn	r a s aː tˤ uː n
<|ARB|>tqrr	t a q a r r a r a
<|ARB|>qdaːd	q a d aː d
<|ARB|>hdf	h a d a f
<|ARB|>aٕqaːmة	ʔ i q aː m a
<|ARB|>astfrɣ	i s t a f r a ɣ a
<|ARB|>aٔrdˤiː	ʔ a r dˤ i j j
<|ARB|>aʃtbaːk	i ʃ t i b aː k
<|ARB|>aٕmdˤaːء	ʔ i m dˤ aː ʔ
<|ARB|>aٔʃnaːn	ʔ u ʃ n aː n
<|ARB|>tlfaːf	t i l f aː f
<|ARB|>bðrqtˤuːnaː	b a ð a r q a tˤ uː n aː
<|ARB|>kmء	k a m ʔ
<|ARB|>quːqʕة	q a w q a ʕ a
<|ARB|>d͡ʒiːn	d͡ʒ iː n
<|ARB|>astfz	i s t a f a z z a
<|ARB|>naːdlة	n aː d i l a
<|ARB|>qaːd	q aː d a
<|ARB|>alqniːtˤrة	a l q u n a j tˤ i r a
<|ARB|>aٔkl	ʔ a k a l a
<|ARB|>ʃfaːf	ʃ a f f aː f
<|ARB|>d͡ʒaːrة	d͡ʒ aː r a
<|ARB|>ħd͡ʒr	ħ a d͡ʒ a r
<|ARB|>amtʕdˤ	i m t a ʕ a dˤ a
<|ARB|>sˤxd	sˤ a x a d a
<|ARB|>liːrة	l a j r a
<|ARB|>bnfsd͡ʒ	b a n a f s a d͡ʒ
<|ARB|>krfs	k a r a f s
<|ARB|>txdiːr	t a x d iː r
<|ARB|>sˤʕuːbة	sˤ u ʕ uː b a
<|ARB|>ʃlة	ʃ a l l a
<|ARB|>md͡ʒsmة	m u d͡ʒ a s s a m a
<|ARB|>kstbaːn	k u s t u b aː n
<|ARB|>dˤaːd͡ʒʕ	dˤ aː d͡ʒ a ʕ a
<|ARB|>aٔzʔam	ʔ a z ʔ a m a
<|ARB|>ʕlة	ʕ i l l a
<|ARB|>mkuːn	m u k a w w i n
<|ARB|>ʃkaːrة	ʃ i k aː r a
<|ARB|>mɣnaːtˤiːsiːة	m a ɣ n aː tˤ iː s i j j a
<|ARB|>fdˤuːl	f dˤ uː l
<|ARB|>mqʕdة	m a q ʕ a d a
<|ARB|>brʃaːm	b i r ʃ aː m
<|ARB|>ʕfriːt	ʕ a f r iː t
<|ARB|>mdˤrb	m i dˤ r a b
<|ARB|>θuːb	θ a w b
<|ARB|>xrnq	x i r n i q
<|ARB|>dˤiːuːn	dˤ a j w a n
<|ARB|>fuːr	f a w r
<|ARB|>duːaːsة	d a w w aː s a
<|ARB|>ʕaːiːٔʃة	ʕ aː ʔ i ʃ a
<|ARB|>d͡ʒnaːiːٔiː	d͡ʒ i n aː ʔ i j j
<|ARB|>ħsˤrm	ħ a sˤ r a m
<|ARB|>znbuːʕ	z a n b uː ʕ
<|ARB|>ftʃ	f a t t a ʃ a
<|ARB|>ɣlqة	ɣ a l q a
<|ARB|>alʔaʃhl	a l ʔ a ʃ h a l
<|ARB|>bdˤʕ	b i dˤ ʕ
<|ARB|>ʃaːuːrmaː	ʃ aː w a r m aː
<|ARB|>hnaːlk	h u n aː l i k a
<|ARB|>ɣdˤaːdˤة	ɣ a dˤ aː dˤ a
<|ARB|>rʃfة	r a ʃ f a
<|ARB|>rɣuːة	r a ɣ w a
<|ARB|>ʃaːkr	ʃ aː k i r
<|ARB|>tfaːd͡ʒʔa	t a f aː d͡ʒ a ʔ a
<|ARB|>sˤħsˤħ	sˤ a ħ sˤ a ħ
<|ARB|>artfʕ	i r t a f a ʕ a
<|ARB|>dnr	d a n n a r a
<|ARB|>xsˤiːة	x i sˤ j a
<|ARB|>brkriː	b a r k a r i j j
<|ARB|>baːraːɣuːaːiː	b aː r aː ɣ u w aː j
<|ARB|>qrmziː	q i r m i z i j j
<|ARB|>ɣriːbة	ɣ a r iː b a
<|ARB|>tʃuːiːq	t a ʃ w iː q
<|ARB|>td͡ʒaːuːzaːt	t a d͡ʒ aː w u z aː t
<|ARB|>zriːbة	z a r iː b a
<|ARB|>ɣriːɣuːriːuːs	ɣ i r iː ɣ uː r i j uː s
<|ARB|>sˤħaːf	sˤ a ħ ħ aː f
<|ARB|>aftrى	i f t a r aː
<|ARB|>ʃʕrى	ʃ a ʕ r aː
<|ARB|>siːkraːn	s a j k a r aː n
<|ARB|>biːʕة	b a j ʕ a
<|ARB|>mlbs	m a l b a s
<|ARB|>ftaːة	f a t aː h
<|ARB|>qrtˤaːs	q i r tˤ aː s
<|ARB|>aٔsmrة	ʔ a s m a r a
<|ARB|>nrd͡ʒiːl	n a r d͡ʒ iː l
<|ARB|>smʕiː	s a m ʕ i j j
<|ARB|>d͡ʒziːٔiː	d͡ʒ u z ʔ i j j
<|ARB|>atsʕ	i t t a s a ʕ a
<|ARB|>ɣrfة	ɣ u r f a
<|ARB|>qnaːʕ	q i n aː ʕ
<|ARB|>frd͡ʒuːn	f i r d͡ʒ a w n
<|ARB|>ðaːq	ð aː q a
<|ARB|>msˤbaːħ	m i sˤ b aː ħ
<|ARB|>skrd͡ʒة	s u k r u d͡ʒ a
<|ARB|>baːrzd	b aː r z a d
<|ARB|>ʃbʃb	ʃ i b ʃ i b
<|ARB|>anʕdى	i n ʕ a d aː
<|ARB|>aٔsaːruːn	ʔ a s aː r uː n
<|ARB|>qlmaː	q a l l a m aː
<|ARB|>ʕnq	ʕ a n a q
<|ARB|>aٔnsuːn	ʔ a n s uː n
<|ARB|>fʕl	f a ʕ a l a
<|ARB|>fʔar	f a ʔ r
<|ARB|>quːlnd͡ʒ	q a w l a n d͡ʒ
<|ARB|>baːsˤuːr	b aː sˤ uː r
<|ARB|>aٔsluːb	ʔ u s l uː b
<|ARB|>kuːdn	k a w d a n
<|ARB|>mʔadbة	m a ʔ d u b a
<|ARB|>kuːsaː	k uː s aː
<|ARB|>ʕdaːlة	ʕ a d aː l a
<|ARB|>astħdˤr	i s t a ħ dˤ a r a
<|ARB|>tˤmʔan	tˤ a m ʔ a n a
<|ARB|>mqaːrnة	m u q aː r a n a
<|ARB|>zxaːt	z a x x aː t
<|ARB|>aktsى	i k t a s aː
<|ARB|>mθld͡ʒaːt	m u θ a l l a d͡ʒ aː t
<|ARB|>rðaːð	r a ð aː ð
<|ARB|>d͡ʒmaːnة	d͡ʒ u m aː n a
<|ARB|>baːqlaːء	b aː q i l aː ʔ
<|ARB|>aٕiːθaːr	ʔ iː θ aː r
<|ARB|>aٔħaːtˤ	ʔ a ħ aː tˤ a
<|ARB|>btˤaːnة	b i tˤ aː n a
<|ARB|>aٕsˤbʕ	ʔ i sˤ b a ʕ
<|ARB|>muːٔssة	m u ʔ a s s a s a
<|ARB|>bqiːة	b a q i j j a
<|ARB|>sltˤuːiː	s u l tˤ a w i j j
<|ARB|>sʕiːd	s a ʕ iː d
<|ARB|>tqds	t a q a d d a s a
<|ARB|>aٔms	ʔ a m a s s a
<|ARB|>mtˤħnة	m a tˤ ħ a n a
<|ARB|>tquːdˤ	t a q a w w a dˤ a
<|ARB|>ʃrbuːʃ	ʃ a r b uː ʃ
<|ARB|>ħnðˤlة	ħ a n ðˤ a l a
<|ARB|>mtˤfʔaة	m i tˤ f a ʔ a
<|ARB|>faːnuːs	f aː n uː s
<|ARB|>d͡ʒniːnة	d͡ʒ u n a j n a
<|ARB|>aٕzʕaːd͡ʒ	ʔ i z ʕ aː d͡ʒ
<|ARB|>liːٔlaː	l i ʔ a l l aː
<|ARB|>ʕiːd	ʕ a j j a d a
<|ARB|>aٕnmuːðd͡ʒ	ʔ i n m uː ð a d͡ʒ
<|ARB|>aٔnfħة	ʔ a n f i ħ a
<|ARB|>fuːdˤuːiː	f a w dˤ a w i j j
<|ARB|>lsˤf	l a sˤ a f
<|ARB|>mdld͡ʒة	m i d l a d͡ʒ a
<|ARB|>d͡ʒnaːzة	d͡ʒ a n aː z a
<|ARB|>mʕtzlة	m u ʕ t a z i l a
<|ARB|>ħnd͡ʒrة	ħ a n d͡ʒ a r a
<|ARB|>md͡ʒaːuːr	m u d͡ʒ aː w i r
<|ARB|>ld͡ʒiːn	l u d͡ʒ a j n
<|ARB|>rd͡ʒlة	r u d͡ʒ l a
<|ARB|>msd	m a s a d a
<|ARB|>d͡ʒmʕ	d͡ʒ a m a ʕ a
<|ARB|>sfiːh	s a f iː h
<|ARB|>aٓbiːs	ʔ aː b iː s
<|ARB|>dstuːr	d u s t uː r
<|ARB|>zrʃk	z a r r a ʃ k
<|ARB|>sˤʕiːd	sˤ a ʕ iː d
<|ARB|>ʃmaːl	ʃ a m aː l
<|ARB|>ħdiːd	ħ a d iː d
<|ARB|>md͡ʒn	m i d͡ʒ a n n
<|ARB|>aٔtˤfaːl	ʔ a tˤ f aː l
<|ARB|>aٕfriːqiːة	ʔ i f r iː q i j a
<|ARB|>nmuːðd͡ʒiː	n a m uː ð a d͡ʒ i j j
<|ARB|>aٕħsˤaːiːٔiː	ʔ i ħ sˤ aː ʔ i j j
<|ARB|>maːsħ	m aː s i ħ
<|ARB|>td͡ʒrd	t a d͡ʒ a r r a d a
<|ARB|>ansˤrf	i n sˤ a r a f a
<|ARB|>aٔmriːkiː	ʔ a m r iː k i j j
<|ARB|>zħf	z a ħ a f a
<|ARB|>ʕlqة	ʕ a l a q a
<|ARB|>aٔndr	ʔ a n d a r
<|ARB|>siːnmaːiːٔiː	s i j n a m aː ʔ i j j
<|ARB|>aʕtmd	i ʕ t a m a d a
<|ARB|>qaːbiːl	q aː b iː l
<|ARB|>aٔiːl	ʔ a j j a l
<|ARB|>aٔʕlى	ʔ a ʕ l aː
<|ARB|>kbiːr	k a b iː r
<|ARB|>xtaːn	x i t aː n
<|ARB|>tdθr	t a d a θ θ a r a
<|ARB|>ħaːء	ħ aː ʔ
<|ARB|>fdaːħة	f a d aː ħ a
<|ARB|>ɣaːmq	ɣ aː m i q
<|ARB|>fħʃaːء	f a ħ ʃ aː ʔ
<|ARB|>d͡ʒniː	d͡ʒ i n n i j j
<|ARB|>tˤnbuːr	tˤ u n b uː r
<|ARB|>ʃlnbr	ʃ u l u n b a r
<|ARB|>muːrd	m a w r i d
<|ARB|>aٕbdaːʕiː	ʔ i b d aː ʕ i j j
<|ARB|>tiːɣaːr	t a j ɣ aː r
<|ARB|>ħaːmuːl	ħ aː m uː l
<|ARB|>dkaːn	d u k k aː n
<|ARB|>saːiːٔmة	s aː ʔ i m a
<|ARB|>mtʃkr	m u t a ʃ a k k i r
<|ARB|>lkm	l a k a m a
<|ARB|>sˤhriːd͡ʒ	sˤ a h r iː d͡ʒ
<|ARB|>mbaːrzة	m u b aː r a z a
<|ARB|>dˤuːء	dˤ a w ʔ
<|ARB|>xrbʃ	x a r b a ʃ a
<|ARB|>sˤħة	sˤ i ħ ħ a
<|ARB|>aٔzliː	ʔ a z a l i j j
<|ARB|>diːs	d iː s
<|ARB|>ħrbθ	ħ u r b u θ
<|ARB|>ʕd͡ʒlة	ʕ a d͡ʒ a l a
<|ARB|>aٔħmq	ʔ a ħ m a q
<|ARB|>bʕlbk	b a ʕ l a b a k k
<|ARB|>quːs	q a w i s a
<|ARB|>snds	s u n d u s
<|ARB|>uːd͡ʒdة	w a d͡ʒ d a
<|ARB|>ħraːriː	ħ a r aː r i j j
<|ARB|>nsى	n a s s aː
<|ARB|>mxaːdˤ	m a x aː dˤ
<|ARB|>xraːء	x i r aː ʔ
<|ARB|>mriːlة	m i r j a l a
<|ARB|>d͡ʒdd	d͡ʒ a d a d
<|ARB|>xfd͡ʒ	x a f a d͡ʒ
<|ARB|>dhliːz	d i h l iː z
<|ARB|>naːsk	n aː s i k
<|ARB|>mbrة	m a b a r r a
<|ARB|>mnqrdˤ	m u n q a r i dˤ
<|ARB|>muːiːzd͡ʒ	m a w iː z a d͡ʒ
<|ARB|>fluː	f a l u w w
<|ARB|>astsˤbr	i s t a sˤ b a r a
<|ARB|>aٔʕmى	ʔ a ʕ m aː
<|ARB|>faːluːdd͡ʒ	f aː l uː d a d͡ʒ
<|ARB|>mstˤħ	m u s a tˤ tˤ a ħ
<|ARB|>rdˤaːiːٔʕ	r a dˤ aː ʔ i ʕ
<|ARB|>alʔiskndriːة	a l ʔ i s k a n d a r i j j a
<|ARB|>athaːm	i t t i h aː m
<|ARB|>mmaːθlة	m u m aː θ a l a
<|ARB|>fraːsiːuːn	f a r aː s i j uː n
<|ARB|>nd͡ʒiː	n a d͡ʒ i j j
<|ARB|>bnaːn	b a n aː n
<|ARB|>aٔhliː	ʔ a h l i j j
<|ARB|>tuːaːqf	t a w aː q a f a
<|ARB|>qsuːة	q a s w a
<|ARB|>dfaːʕ	d i f aː ʕ
<|ARB|>uːd͡ʒb	w a d͡ʒ a b a
<|ARB|>aٔrxbiːl	ʔ a r x a b iː l
<|ARB|>lkn	l aː k i n
<|ARB|>aٔbaːs	ʔ u b aː s
<|ARB|>mħmuːm	m a ħ m uː m
<|ARB|>tˤbʃuːrة	tˤ a b ʃ uː r a
<|ARB|>aٔnaː	ʔ a n aː
<|ARB|>kuːz	k uː z
<|ARB|>btaːtaː	b a t aː t aː
<|ARB|>riːʃة	r iː ʃ a
<|ARB|>fraːtˤة	f u r aː tˤ a
<|ARB|>aٔbaːd͡ʒuːr	ʔ a b aː d͡ʒ uː r
<|ARB|>sˤraːxة	sˤ a r r aː x a
<|ARB|>mʕdaːt	m u ʕ a d d aː t
<|ARB|>faːء	f aː ʔ
<|ARB|>astiːٔmaːrة	i s t i ʔ m aː r a
<|ARB|>ankmʃ	i n k a m a ʃ a
<|ARB|>mqbrة	m a q b a r a
<|ARB|>ħmiːm	ħ a m iː m
<|ARB|>aٕskndraːniː	ʔ i s k a n d a r aː n i j j
<|ARB|>aħtqr	i ħ t a q a r a
<|ARB|>tlft	t a l a f f a t a
<|ARB|>mkة	m a k k a
<|ARB|>artaːʕ	i r t aː ʕ a
<|ARB|>tħriːr	t a ħ r iː r
<|ARB|>slbiː	s a l b i j j
<|ARB|>raːuːd	r aː w a d a
<|ARB|>baːðnd͡ʒaːn	b aː ð i n d͡ʒ aː n
<|ARB|>sknd͡ʒbiːn	s i k a n d͡ʒ a b iː n
<|ARB|>ɣaːrة	ɣ aː r a
<|ARB|>iːnaːiːr	j a n aː j i r
<|ARB|>lbn	l a b a n
<|ARB|>mʕml	m a ʕ m a l
<|ARB|>fuːtnd͡ʒ	f uː t a n a d͡ʒ
<|ARB|>muːz	m a w z
<|ARB|>ħaːsuːb	ħ aː s uː b
<|ARB|>saːbq	s aː b i q
<|ARB|>lħaːq	l a ħ aː q
<|ARB|>msmaːr	m i s m aː r
<|ARB|>tˤbiːbة	tˤ a b iː b a
<|ARB|>uːlkn	w a l aː k i n
<|ARB|>aٔsfniːk	ʔ a s f a n iː k
<|ARB|>bsmة	b a s m a
<|ARB|>qlqaːs	q u l q aː s
<|ARB|>qaːqlة	q aː q i l l a
<|ARB|>luːٔluːٔة	l u ʔ l u ʔ a
<|ARB|>nd͡ʒaːة	n a d͡ʒ aː h
<|ARB|>sˤqr	sˤ a q r
<|ARB|>tˤmaː	tˤ a m aː
<|ARB|>baːxuːm	b aː x uː m
<|ARB|>fsˤiːl	f a sˤ iː l
<|ARB|>aٔʃtrɣaːr	ʔ u ʃ t u r ɣ aː r
<|ARB|>mbkr	m u b a k k i r
<|ARB|>aٔflaːtˤuːn	ʔ a f l aː tˤ uː n
<|ARB|>sˤuːt	sˤ a w t
<|ARB|>sˤɣaːr	sˤ i ɣ aː r
<|ARB|>smiːð	s a m iː ð
<|ARB|>mksraːt	m u k a s s a r aː t
<|ARB|>hndbaːء	h i n d i b aː ʔ
<|ARB|>nħaːl	n a ħ ħ aː l
<|ARB|>aٔsaːsiː	ʔ a s aː s i j j
<|ARB|>xnq	x a n a q a
<|ARB|>brq	b a r a q a
<|ARB|>alxmiːs	a l x a m iː s
<|ARB|>klħ	k a l a ħ a
<|ARB|>xzaːn	x a z z aː n
<|ARB|>d͡ʒʕfr	d͡ʒ a ʕ f a r
<|ARB|>mrbuːtˤ	m a r b uː tˤ
<|ARB|>dxl	d a x a l
<|ARB|>bliːz	b a l iː z
<|ARB|>aٓiːslndaː	ʔ aː j i s l a n d aː
<|ARB|>zʔam	z a ʔ a m a
<|ARB|>d͡ʒiːm	d͡ʒ iː m
<|ARB|>mʃqة	m a ʃ a q q a
<|ARB|>siːf	s a j f
<|ARB|>faːdiː	f aː d iː
<|ARB|>lff	l a f f a f a
<|ARB|>d͡ʒħaː	d͡ʒ u ħ aː
<|ARB|>ʃhdaːnd͡ʒ	ʃ a h d aː n a d͡ʒ
<|ARB|>ʃrsuːf	ʃ u r s uː f
<|ARB|>aٕmaːlة	ʔ i m aː l a
<|ARB|>mʃnة	m i ʃ a n n a
<|ARB|>ʃtaːء	ʃ i t aː ʔ
<|ARB|>abtlى	i b t a l aː
<|ARB|>aٔiːqðˤ	ʔ a j q a ðˤ a
<|ARB|>tlfaːz	t i l f aː z
<|ARB|>aٔdħiːة	ʔ u d ħ i j a
<|ARB|>astl	i s t a l l a
<|ARB|>diːaːn	d a j j aː n
<|ARB|>ksiːħ	k a s iː ħ
<|ARB|>baːstaː	b aː s t aː
<|ARB|>duːnmة	d uː n m a
<|ARB|>kðiːnq	k u ð iː n a q
<|ARB|>aٔntmaː	ʔ a n t u m aː
<|ARB|>ʃuːbk	ʃ a w b a k
<|ARB|>ħd͡ʒn	ħ a d͡ʒ a n a
<|ARB|>lħðˤtðaːk	l a ħ ðˤ a t a ð aː k a
<|ARB|>tqriːr	t a q r iː r
<|ARB|>fiːl	f iː l
<|ARB|>msˤduːm	m a sˤ d uː m
<|ARB|>aٔliːة	ʔ a l j a
<|ARB|>ðmm	ð i m a m
<|ARB|>aliːrmuːk	a l j a r m uː k
<|ARB|>mkaːn	m a k aː n
<|ARB|>aٔlqى	ʔ a l q aː
<|ARB|>ttˤfl	t a tˤ a f f a l a
<|ARB|>naːsfة	n aː s i f a
<|ARB|>ʃiːrd͡ʒ	ʃ a j r a d͡ʒ
<|ARB|>lʕnة	l a ʕ n a
<|ARB|>faːsˤuːliːaː	f aː sˤ uː l i j aː
<|ARB|>ad͡ʒtmaːʕiː	i d͡ʒ t i m aː ʕ i j j
<|ARB|>bnd͡ʒnkʃt	b a n d͡ʒ a n k u ʃ t
<|ARB|>laːð	l aː ð a
<|ARB|>maːiːuː	m aː j uː
<|ARB|>mɣslة	m a ɣ s a l a
<|ARB|>astmnى	i s t a m n aː
<|ARB|>aٔʕqd	ʔ a ʕ q a d
<|ARB|>buːaːb	b a w w aː b
<|ARB|>aٔbiːdd͡ʒaːn	ʔ a b iː d d͡ʒ aː n
<|ARB|>mrʔaːة	m i r ʔ aː h
<|ARB|>d͡ʒuːhriː	d͡ʒ a w h a r i j j
<|ARB|>tsˤdiːr	t a sˤ d iː r
<|ARB|>dstuːriː	d u s t uː r i j j
<|ARB|>srndiːb	s a r a n d iː b
<|ARB|>xaːdm	x aː d i m
<|ARB|>mstqbliː	m u s t a q b a l i j j
<|ARB|>ʕaːnى	ʕ aː n aː
<|ARB|>klb	k a l b
<|ARB|>ʃħn	ʃ a ħ a n a
<|ARB|>ʃaːmx	ʃ aː m i x
<|ARB|>quːniːة	q uː n i j a
<|ARB|>zrqtˤuːnaː	z a r q a tˤ uː n aː
<|ARB|>mtkbr	m u t a k a b b i r
<|ARB|>hnds	h a n d a s a
<|ARB|>sˤiːdlة	sˤ a j d a l a
<|ARB|>aʕtzaːm	i ʕ t i z aː m
<|ARB|>d͡ʒʕfiːl	d͡ʒ a ʕ f iː l
<|ARB|>uːaːħة	w aː ħ a
<|ARB|>rmm	r a m m a m a
<|ARB|>mrʃd	m u r ʃ i d
<|ARB|>rdˤuːx	r u dˤ uː x
<|ARB|>aٕnqaːdˤ	ʔ i n q aː dˤ
<|ARB|>bbnuːdة	b a b n uː d a
<|ARB|>taːiːuːaːn	t aː j w aː n
<|ARB|>trnħ	t a r a n n a ħ a
<|ARB|>buːrtsuːdaːn	b uː r t s uː d aː n
<|ARB|>lhiː	l a h i j a
<|ARB|>mruː	m a r w
<|ARB|>ʕsˤb	ʕ a sˤ a b a
<|ARB|>sˤʔakة	sˤ a ʔ k a
<|ARB|>ħiːraːn	ħ a j r aː n
<|ARB|>qdm	q a d a m
<|ARB|>dˤbtˤ	dˤ a b a tˤ a
<|ARB|>bqrة	b a q a r a
<|ARB|>ruːdˤ	r a w w a dˤ a
<|ARB|>baːħθ	b aː ħ a θ a
<|ARB|>faːluːðq	f aː l uː ð a q
<|ARB|>aٔɣlb	ʔ a ɣ l a b
<|ARB|>tfaːħ	t u f f aː ħ
<|ARB|>tuːziːʕ	t a w z iː ʕ
<|ARB|>daːrflfl	d aː r f i l f i l
<|ARB|>fhm	f a h h a m a
<|ARB|>qbrة	q u b b a r a
<|ARB|>astnfd	i s t a n f a d a
<|ARB|>aٔndˤb	ʔ a n dˤ a b a
<|ARB|>sʕiː	s a ʕ j
<|ARB|>sld͡ʒm	s a l d͡ʒ a m
<|ARB|>aٔnuːaːʕ	ʔ a n w aː ʕ
<|ARB|>tsʕuːn	t a s ʕ a w n a
<|ARB|>mfaːd͡ʒʔaة	m u f aː d͡ʒ a ʔ a
<|ARB|>rħiːl	r a ħ iː l
<|ARB|>sˤrb	sˤ a r a b a
<|ARB|>ħaːfة	ħ aː f a
<|ARB|>aٔnuːaːtˤ	ʔ a n w aː tˤ
<|ARB|>sˤaːʕ	sˤ aː ʕ
<|ARB|>maːzriːuːn	m aː z a r i j uː n
<|ARB|>dhnd͡ʒ	d a h n a d͡ʒ
<|ARB|>mnð	m u n ð u
<|ARB|>fqs	f a q a s a
<|ARB|>ʕd͡ʒaːuːة	ʕ u d͡ʒ aː w a
<|ARB|>aٔd͡ʒrb	ʔ a d͡ʒ r a b
<|ARB|>nqtˤة	n u q tˤ a
<|ARB|>xrtˤaːl	x a r tˤ aː l
<|ARB|>kðiːn	k u ð iː n
<|ARB|>aٕtˤraːء	ʔ i tˤ r aː ʔ
<|ARB|>alqaːhrة	a l q aː h i r a
<|ARB|>bħr	b a ħ a r
<|ARB|>aħtdˤn	i ħ t a dˤ a n a
<|ARB|>tˤiːrة	tˤ a j r a
<|ARB|>aٔstˤuːriː	ʔ u s tˤ uː r i j j
<|ARB|>aٔuːħl	ʔ a w ħ a l a
<|ARB|>zuːfaː	z uː f aː
<|ARB|>saːħliː	s aː ħ i l i j j
<|ARB|>aٔstraːliː	ʔ u s t u r aː l i j j
<|ARB|>d͡ʒʕdˤiːdˤ	d͡ʒ a ʕ dˤ iː dˤ
<|ARB|>ħsˤl	ħ a sˤ a l
<|ARB|>ʕnqaːd	ʕ i n q aː d
<|ARB|>trniːm	t a r n iː m
<|ARB|>msiːħ	m a s iː ħ
<|ARB|>mtˤb	m a tˤ a b b
<|ARB|>mrd͡ʒaːn	m a r d͡ʒ aː n
<|ARB|>almɣrb	a l m a ɣ r i b
<|ARB|>mraːuːɣة	m u r aː w a ɣ a
<|ARB|>buːlaːd	b uː l aː d
<|ARB|>rdd	r a d d a d a
<|ARB|>mqlq	m u q l i q
<|ARB|>aʃthى	i ʃ t a h aː
<|ARB|>qrd	q a r d
<|ARB|>zaːiːٔr	z aː ʔ i r
<|ARB|>td͡ʒaːrة	t i d͡ʒ aː r a
<|ARB|>mʕd͡ʒzaːt	m u ʕ d͡ʒ i z aː t
<|ARB|>aٕdħiːة	ʔ i d ħ i j a
<|ARB|>uːsˤiːd	w a sˤ iː d
<|ARB|>aٔʃl	ʔ a ʃ a l l
<|ARB|>ħbaːrى	ħ u b aː r aː
<|ARB|>nħn	n a ħ n i
<|ARB|>ɣrb	ɣ a r a b
<|ARB|>tðkrة	t a ð k i r a
<|ARB|>buːaːliːʕ	b a w aː l iː ʕ
<|ARB|>iːaːsiːn	j aː s iː n
<|ARB|>miːʕaːd	m iː ʕ aː d
<|ARB|>ʃaːء	ʃ aː ʔ
<|ARB|>hruːlة	h a r w a l a
<|ARB|>rhbaːniːة	r a h b aː n i j j a
<|ARB|>tˤaːiːٔfة	tˤ aː ʔ i f a
<|ARB|>aٔnhk	ʔ a n h a k a
<|ARB|>qaːuːq	q aː w u q
<|ARB|>duːlaːb	d a w l aː b
<|ARB|>sˤrq	sˤ a r a q
<|ARB|>mðˤlة	m a ðˤ a l l a
<|ARB|>d͡ʒaːiːٔz	d͡ʒ aː ʔ i z
<|ARB|>kaːrة	k aː r a
<|ARB|>astmaːt	i s t a m aː t a
<|ARB|>aٔsf	ʔ a s a f f a
<|ARB|>ksrة	k a s r a
<|ARB|>ħnaːn	ħ a n aː n
<|ARB|>aٔθθ	ʔ a θ θ a θ a
<|ARB|>raːd͡ʒl	r aː d͡ʒ i l
<|ARB|>aʕtl	i ʕ t a l l a
<|ARB|>sˤaːbuːrة	sˤ aː b uː r a
<|ARB|>ɣdˤة	ɣ a dˤ dˤ a
<|ARB|>sriːaːn	s a r a j aː n
<|ARB|>ftxaːء	f a t x aː ʔ
<|ARB|>ħðˤiːrة	ħ a ðˤ iː r a
<|ARB|>astd͡ʒaːb	i s t a d͡ʒ aː b a
<|ARB|>faːkrة	f aː k i r a
<|ARB|>lhd͡ʒة	l a h d͡ʒ a
<|ARB|>nruːiːd͡ʒiːة	n u r w iː d͡ʒ i j j a
<|ARB|>sˤtʕ	sˤ a t a ʕ a
<|ARB|>ʃliːl	ʃ a l iː l
<|ARB|>smn	s a m i n a
<|ARB|>tuːd͡ʒh	t a w a d͡ʒ d͡ʒ a h a
<|ARB|>ʃlaːl	ʃ a l l aː l
<|ARB|>ðˤhr	ðˤ a h a r a
<|ARB|>aٕhdaːء	ʔ i h d aː ʔ
<|ARB|>bndq	b u n d u q
<|ARB|>sˤħl	sˤ a ħ i l a
<|ARB|>astuːqf	i s t a w q a f a
<|ARB|>qruːʃ	q u r uː ʃ
<|ARB|>kaːʕb	k aː ʕ i b
<|ARB|>aٔʕiːaː	ʔ a ʕ j aː
<|ARB|>d͡ʒxى	d͡ʒ a x x aː
<|ARB|>rʔaiː	r a ʔ j
<|ARB|>mbaːraːة	m u b aː r aː h
<|ARB|>nmlة	n a m l a
<|ARB|>ftħ	f a t a ħ a
<|ARB|>siːkuːluːd͡ʒiː	s a j k uː l uː d͡ʒ i j j
<|ARB|>uːrʃnuːfة	w a r ʃ a n uː f a
<|ARB|>aħtrq	i ħ t a r a q a
<|ARB|>saːħة	s aː ħ a
<|ARB|>almriːx	a l m i r r iː x
<|ARB|>ɣmuːd	ɣ u m uː d
<|ARB|>qaːuːuːn	q aː w uː n
<|ARB|>atsm	i t t a s a m a
<|ARB|>traːb	t u r aː b
<|ARB|>aٔbhd͡ʒ	ʔ a b h a d͡ʒ a
<|ARB|>bluːr	b i l l a w r
<|ARB|>aٔrɣaːn	ʔ a r ɣ aː n
<|ARB|>ʃnʕ	ʃ a n n a ʕ a
<|ARB|>aٔrθuːðksiː	ʔ u r θ uː ð u k s i j j
<|ARB|>d͡ʒbiːz	d͡ʒ a b iː z
<|ARB|>ðhb	ð a h a b
<|ARB|>uːqt	w a q a t
<|ARB|>ʃhaːdة	ʃ a h aː d a
<|ARB|>uːqʕ	w a q a ʕ a
<|ARB|>draːsiː	d i r aː s i j j
<|ARB|>ndm	n a d a m
<|UIG|>ait	ʔ ɑ ʔ i t
<|UIG|>ailɛ	ʔ ɑ ʔ i l ɛ
<|UIG|>abdal	ʔ ɑ b d ɑ l
<|UIG|>abdulɛhɛd	ʔ ɑ b d u l ʔ ɛ h ɛ t
<|UIG|>abdulfɛttah	ʔ ɑ b d u l p ɛ t t ɑ h
<|UIG|>ata	ʔ ɑ t ɑ
<|UIG|>atliqlar	ʔ ɑ t l i q l ɑ r
<|UIG|>atimaq	ʔ ɑ t i m ɑ q
<|UIG|>ad͡ʒiz	ʔ ɑ d͡ʒ i z
<|UIG|>aχirɛt	ʔ ɑ χ i r ɛ t
<|UIG|>adɛt	ʔ ɑ d ɛ t
<|UIG|>adɛttɛ	ʔ ɑ d ɛ t t ɛ
<|UIG|>arzu	ʔ ɑ r z u
<|UIG|>arsin	ʔ ɑ r s i n
<|UIG|>arisida	ʔ ɑ r i s i d ɑ
<|UIG|>azat	ʔ ɑ z ɑ t
<|UIG|>azap	ʔ ɑ z ɑ p
<|UIG|>azot	ʔ ɑ z o t
<|UIG|>asas	ʔ ɑ s ɑ s
<|UIG|>astatin	ʔ ɑ s t ɑ t i n
<|UIG|>asfalt	ʔ ɑ s p ɑ l t
<|UIG|>asmaq	ʔ ɑ s m ɑ q
<|UIG|>aʃqazan	ʔ ɑ ʃ q ɑ z ɑ n
<|UIG|>aʃjan	ʔ ɑ ʃ j ɑ n
<|UIG|>aʃpɛz	ʔ ɑ ʃ p ɛ z
<|UIG|>afʁan	ʔ ɑ p ʁ ɑ n
<|UIG|>aka	ʔ ɑ k ɑ
<|UIG|>alamɛt	ʔ ɑ l ɑ m ɛ t
<|UIG|>alaŋ	ʔ ɑ l ɑ ŋ
<|UIG|>altun	ʔ ɑ l t u n
<|UIG|>altɛ	ʔ ɑ l t ɛ
<|UIG|>alma	ʔ ɑ l m ɑ
<|UIG|>almas	ʔ ɑ l m ɑ s
<|UIG|>alp	ʔ ɑ l p
<|UIG|>amal	ʔ ɑ m ɑ l
<|UIG|>amanɛt	ʔ ɑ m ɑ n ɛ t
<|UIG|>ajaz	ʔ ɑ j ɑ z
<|UIG|>ajaʁlar	ʔ ɑ j ɑ ʁ l ɑ r
<|UIG|>ajaqlar	ʔ ɑ j ɑ q l ɑ r
<|UIG|>ajran	ʔ ɑ j r ɑ n
<|UIG|>ajʁir	ʔ ɑ j ʁ i r
<|UIG|>ajmaq	ʔ ɑ j m ɑ q
<|UIG|>aprel	ʔ ɑ p r e l
<|UIG|>apirin	ʔ ɑ p i r i n
<|UIG|>apijɛt	ʔ ɑ p i j ɛ t
<|UIG|>apelsin	ʔ ɑ p e l s i n
<|UIG|>apɛt	ʔ ɑ p ɛ t
<|UIG|>at͡ʃqut͡ʃ	ʔ ɑ t͡ʃ q u t͡ʃ
<|UIG|>at͡ʃmaq	ʔ ɑ t͡ʃ m ɑ q
<|UIG|>ahalɛ	ʔ ɑ h ɑ l ɛ
<|UIG|>awaz	ʔ ɑ w ɑ z
<|UIG|>awam	ʔ ɑ w ɑ m
<|UIG|>awiatsijɛ	ʔ ɑ w i ʔ ɑ t s i j ɛ
<|UIG|>ottuz	ʔ o t t u z
<|UIG|>otun	ʔ o t u n
<|UIG|>oχʃimaq	ʔ o χ ʃ i m ɑ q
<|UIG|>ortaq	ʔ o r t ɑ q
<|UIG|>oʁa	ʔ o ʁ ɑ
<|UIG|>oq	ʔ o q
<|UIG|>oqutqut͡ʃi	ʔ o q u t q u t͡ʃ i
<|UIG|>omum	ʔ o m u m
<|UIG|>omumij	ʔ o m u m i j
<|UIG|>omumijɛt	ʔ o m u m i j ɛ t
<|UIG|>onint͡ʃi	ʔ o n i n t͡ʃ i
<|UIG|>ibadɛtχana	ʔ i b ɑ d ɛ t χ ɑ n ɑ
<|UIG|>it	ʔ i t
<|UIG|>itaɛt	ʔ i t ɑ ʔ ɛ t
<|UIG|>id͡ʒat	ʔ i d͡ʒ ɑ t
<|UIG|>id͡ʒtimaij	ʔ i d͡ʒ t i m ɑ ʔ i j
<|UIG|>id͡ʒtimaijɛt	ʔ i d͡ʒ t i m ɑ ʔ i j ɛ t
<|UIG|>iχtijar	ʔ i χ t i j ɑ r
<|UIG|>iχlas	ʔ i χ l ɑ s
<|UIG|>is	ʔ i s
<|UIG|>istirahɛt	ʔ i s t i r ɑ h ɛ t
<|UIG|>istisna	ʔ i s t i s n ɑ
<|UIG|>istemal	ʔ i s t e m ɑ l
<|UIG|>istepa	ʔ i s t e p ɑ
<|UIG|>israp	ʔ i s r ɑ p
<|UIG|>islam	ʔ i s l ɑ m
<|UIG|>islahat	ʔ i s l ɑ h ɑ t
<|UIG|>isjant͡ʃi	ʔ i s j ɑ n t͡ʃ i
<|UIG|>iʃʁal	ʔ i ʃ ʁ ɑ l
<|UIG|>iʃq	ʔ i ʃ q
<|UIG|>iʃqilip	ʔ i ʃ q i l i p
<|UIG|>iʃitmɛk	ʔ i ʃ i t m ɛ k
<|UIG|>iʃt͡ʃi	ʔ i ʃ t͡ʃ i
<|UIG|>iʃɛk	ʔ i ʃ ɛ k
<|UIG|>iqlim	ʔ i q l i m
<|UIG|>ilah	ʔ i l ɑ h
<|UIG|>im	ʔ i m
<|UIG|>imamɛt	ʔ i m ɑ m ɛ t
<|UIG|>imkan	ʔ i m k ɑ n
<|UIG|>imkanijɛt	ʔ i m k ɑ n i j ɛ t
<|UIG|>insanijɛt	ʔ i n s ɑ n i j ɛ t
<|UIG|>inʃa	ʔ i n ʃ ɑ
<|UIG|>inkar	ʔ i n k ɑ r
<|UIG|>ini	ʔ i n i
<|UIG|>inɛk	ʔ i n ɛ k
<|UIG|>ijul	ʔ i j u l
<|UIG|>ijun	ʔ i j u n
<|UIG|>ippɛt	ʔ i p p ɛ t
<|UIG|>iɡɛ	ʔ i ɡ ɛ
<|UIG|>iɡɛr	ʔ i ɡ ɛ r
<|UIG|>øz	ʔ ø z
<|UIG|>østɛŋ	ʔ ø s t ɛ ŋ
<|UIG|>øktɛbr	ʔ ø k t ɛ b r
<|UIG|>øpkɛ	ʔ ø p k ɛ
<|UIG|>øt͡ʃ	ʔ ø t͡ʃ
<|UIG|>utuq	ʔ u t u q
<|UIG|>uruʃ	ʔ u r u ʃ
<|UIG|>ul	ʔ u l
<|UIG|>ular	ʔ u l ɑ r
<|UIG|>uluʁ	ʔ u l u ʁ
<|UIG|>uniwersitet	ʔ u n i w e r s i t e t
<|UIG|>unwan	ʔ u n w ɑ n
<|UIG|>uj	ʔ u j
<|UIG|>ujʁurt͡ʃɛ	ʔ u j ʁ u r t͡ʃ ɛ
<|UIG|>ujqu	ʔ u j q u
<|UIG|>uwa	ʔ u w ɑ
<|UIG|>uwaq	ʔ u w ɑ q
<|UIG|>yzyk	ʔ y z y k
<|UIG|>yzym	ʔ y z y m
<|UIG|>ylpɛt	ʔ y l p ɛ t
<|UIG|>yt͡ʃ	ʔ y t͡ʃ
<|UIG|>etirap	ʔ e t i r ɑ p
<|UIG|>etiwar	ʔ e t i w ɑ r
<|UIG|>erbij	ʔ e r b i j
<|UIG|>erimɛk	ʔ e r i m ɛ k
<|UIG|>ekin	ʔ e k i n
<|UIG|>ejiq	ʔ e j i q
<|UIG|>ehtilam	ʔ e h t i l ɑ m
<|UIG|>ɛbɛd	ʔ ɛ b ɛ t
<|UIG|>ɛtir	ʔ ɛ t i r
<|UIG|>ɛd͡ʒdad	ʔ ɛ d͡ʒ d ɑ t
<|UIG|>ɛd͡ʒɛb	ʔ ɛ d͡ʒ ɛ p
<|UIG|>ɛd͡ʒɛm	ʔ ɛ d͡ʒ ɛ m
<|UIG|>ɛχlaq	ʔ ɛ χ l ɑ q
<|UIG|>ɛχmɛt	ʔ ɛ χ m ɛ t
<|UIG|>ɛdɛp	ʔ ɛ d ɛ p
<|UIG|>ɛrdɛm	ʔ ɛ r d ɛ m
<|UIG|>ɛrz	ʔ ɛ r z
<|UIG|>ɛrpɛ	ʔ ɛ r p ɛ
<|UIG|>ɛrwah	ʔ ɛ r w ɑ h
<|UIG|>ɛrɛb	ʔ ɛ r ɛ p
<|UIG|>ɛrɛbt͡ʃɛ	ʔ ɛ r ɛ b t͡ʃ ɛ
<|UIG|>ɛza	ʔ ɛ z ɑ
<|UIG|>ɛski	ʔ ɛ s k i
<|UIG|>ɛsli	ʔ ɛ s l i
<|UIG|>ɛslihɛ	ʔ ɛ s l i h ɛ
<|UIG|>ɛsir	ʔ ɛ s i r
<|UIG|>ɛsɛr	ʔ ɛ s ɛ r
<|UIG|>ɛqriba	ʔ ɛ q r i b ɑ
<|UIG|>ɛks	ʔ ɛ k s
<|UIG|>ɛl	ʔ ɛ l
<|UIG|>ɛla	ʔ ɛ l ɑ
<|UIG|>ɛlwɛttɛ	ʔ ɛ l w ɛ t t ɛ
<|UIG|>ɛmma	ʔ ɛ m m ɑ
<|UIG|>ɛjb	ʔ ɛ j p
<|UIG|>ɛjnɛn	ʔ ɛ j n ɛ n
<|UIG|>ɛjip	ʔ ɛ j i p
<|UIG|>ɛpsaniwij	ʔ ɛ p s ɑ n i w i j
<|UIG|>ɛpsus	ʔ ɛ p s u s
<|UIG|>ɛpsun	ʔ ɛ p s u n
<|UIG|>ɛpjyn	ʔ ɛ p j y n
<|UIG|>ɛhl	ʔ ɛ h l
<|UIG|>ɛhmijɛt	ʔ ɛ h m i j ɛ t
<|UIG|>ɛhɛd	ʔ ɛ h ɛ t
<|UIG|>ɛwqap	ʔ ɛ w q ɑ p
<|UIG|>batari	b ɑ t ɑ r i
<|UIG|>batil	b ɑ t i l
<|UIG|>bad͡ʒ	b ɑ d͡ʒ
<|UIG|>badam	b ɑ d ɑ m
<|UIG|>barij	b ɑ r i j
<|UIG|>bazar	b ɑ z ɑ r
<|UIG|>baqij	b ɑ q i j
<|UIG|>bana	b ɑ n ɑ
<|UIG|>bandaʒ	b ɑ n d ɑ ʒ
<|UIG|>bajanat	b ɑ j ɑ n ɑ t
<|UIG|>bajraq	b ɑ j r ɑ q
<|UIG|>boluo	b o l u o
<|UIG|>bolup	b o l u p
<|UIG|>bojsundurmaq	b o j s u n d u r m ɑ q
<|UIG|>bojun	b o j u n
<|UIG|>biton	b i t o n
<|UIG|>bidɛt	b i d ʔ ɛ t
<|UIG|>bismut	b i s m u t
<|UIG|>bilɛn	b i l ɛ n
<|UIG|>biŋɡur	b i ŋ ɡ u r
<|UIG|>bøʃyk	b ø ʃ y k
<|UIG|>bølmɛk	b ø l m ɛ k
<|UIG|>bøhran	b ø h r ɑ n
<|UIG|>bu	b u
<|UIG|>but	b u t
<|UIG|>butpɛrɛs	b u t p ɛ r ɛ s
<|UIG|>budd͡ʒet	b u d d͡ʒ e t
<|UIG|>buradɛr	b u r ɑ d ɛ r
<|UIG|>burut	b u r u t
<|UIG|>buʁ	b u ʁ
<|UIG|>buqa	b u q ɑ
<|UIG|>bujruq	b u j r u q
<|UIG|>beʁir	b e ʁ i r
<|UIG|>belok	b e l o k
<|UIG|>beliqt͡ʃi	b e l i q t͡ʃ i
<|UIG|>benzin	b e n z i n
<|UIG|>bɛχtijar	b ɛ χ t i j ɑ r
<|UIG|>bɛχʃ	b ɛ χ ʃ
<|UIG|>bɛdɛl	b ɛ d ɛ l
<|UIG|>bɛdɛn	b ɛ d ɛ n
<|UIG|>bɛrmɛk	b ɛ r m ɛ k
<|UIG|>bɛʃ	b ɛ ʃ
<|UIG|>bɛlʁɛm	b ɛ l ʁ ɛ m
<|UIG|>bɛlki	b ɛ l k i
<|UIG|>bɛnsijuɛn	b ɛ n s i j u ɛ n
<|UIG|>bɛnsit͡ʃu	b ɛ n s i t͡ʃ u
<|UIG|>bɛjaz	b ɛ j ɑ z
<|UIG|>taraza	t ɑ r ɑ z ɑ
<|UIG|>tazi	t ɑ z i
<|UIG|>tasadipij	t ɑ s ɑ d i p i j
<|UIG|>taqɛt	t ɑ q ɛ t
<|UIG|>taksi	t ɑ k s i
<|UIG|>tallij	t ɑ l l i j
<|UIG|>tam	t ɑ m
<|UIG|>tama	t ɑ m ɑ
<|UIG|>tamlar	t ɑ m l ɑ r
<|UIG|>taj	t ɑ j
<|UIG|>tawar	t ɑ w ɑ r
<|UIG|>tawuz	t ɑ w u z
<|UIG|>toruq	t o r u q
<|UIG|>toʃqan	t o ʃ q ɑ n
<|UIG|>toq	t o q
<|UIG|>toqsan	t o q s ɑ n
<|UIG|>toqquz	t o q q u z
<|UIG|>toluq	t o l u q
<|UIG|>tonna	t o n n ɑ
<|UIG|>top	t o p
<|UIG|>toplimaq	t o p l i m ɑ q
<|UIG|>topt͡ʃi	t o p t͡ʃ i
<|UIG|>tibabɛt	t i b ɑ b ɛ t
<|UIG|>tid͡ʒarɛt	t i d͡ʒ ɑ r ɛ t
<|UIG|>tirnaq	t i r n ɑ q
<|UIG|>tirik	t i r i k
<|UIG|>tiz	t i z
<|UIG|>tikɛn	t i k ɛ n
<|UIG|>tilawɛt	t i l ɑ w ɛ t
<|UIG|>tillar	t i l l ɑ r
<|UIG|>tilɛk	t i l ɛ k
<|UIG|>timsaχ	t i m s ɑ χ
<|UIG|>tijatir	t i j ɑ t i r
<|UIG|>tøʃ	t ø ʃ
<|UIG|>tømyr	t ø m y r
<|UIG|>tøhmɛt	t ø h m ɛ t
<|UIG|>tut	t u t
<|UIG|>tuχum	t u χ u m
<|UIG|>tuz	t u z
<|UIG|>tuzaq	t u z ɑ q
<|UIG|>tul	t u l
<|UIG|>tytyn	t y t y n
<|UIG|>tyr	t y r
<|UIG|>tymɛn	t y m ɛ n
<|UIG|>tetik	t e t i k
<|UIG|>teχnetsij	t e χ n e t s i j
<|UIG|>terbij	t e r b i j
<|UIG|>tekɛ	t e k ɛ
<|UIG|>tɛbdil	t ɛ b d i l
<|UIG|>tɛbrik	t ɛ b r i k
<|UIG|>tɛbliʁ	t ɛ b l i ʁ
<|UIG|>tɛbɛssym	t ɛ b ɛ s s y m
<|UIG|>tɛtil	t ɛ t i l
<|UIG|>tɛd͡ʒribiχana	t ɛ d͡ʒ r i b i χ ɑ n ɑ
<|UIG|>tɛd͡ʒribɛ	t ɛ d͡ʒ r i b ɛ
<|UIG|>tɛχmin	t ɛ χ m i n
<|UIG|>tɛχminɛn	t ɛ χ m i n ɛ n
<|UIG|>tɛdbir	t ɛ d b i r
<|UIG|>tɛr	t ɛ r
<|UIG|>tɛrbijiwi	t ɛ r b i j i w i
<|UIG|>tɛrd͡ʒiman	t ɛ r d͡ʒ i m ɑ n
<|UIG|>tɛrrɛhhum	t ɛ r r ɛ h h u m
<|UIG|>tɛrip	t ɛ r i p
<|UIG|>tɛs	t ɛ s
<|UIG|>tɛslim	t ɛ s l i m
<|UIG|>tɛsɛlli	t ɛ s ɛ l l i
<|UIG|>tɛsɛwwur	t ɛ s ɛ w w u r
<|UIG|>tɛʃwiʃ	t ɛ ʃ w i ʃ
<|UIG|>tɛʃwiqat	t ɛ ʃ w i q ɑ t
<|UIG|>tɛqsim	t ɛ q s i m
<|UIG|>tɛkit	t ɛ k i t
<|UIG|>tɛkɛllup	t ɛ k ɛ l l u p
<|UIG|>tɛlimij	t ɛ l i m i j
<|UIG|>tɛlɛp	t ɛ l ɛ p
<|UIG|>tɛlɛppuz	t ɛ l ɛ p p u z
<|UIG|>tɛnɛzzul	t ɛ n ɛ z z u l
<|UIG|>tɛnɛppus	t ɛ n ɛ p p u s
<|UIG|>tɛpriqɛ	t ɛ p r i q ɛ
<|UIG|>tɛŋri	t ɛ ŋ r i
<|UIG|>tɛhrir	t ɛ h r i r
<|UIG|>tɛwsijɛ	t ɛ w s i j ɛ
<|UIG|>d͡ʒaduɡɛr	d͡ʒ ɑ d u ɡ ɛ r
<|UIG|>d͡ʒaza	d͡ʒ ɑ z ɑ
<|UIG|>d͡ʒallat	d͡ʒ ɑ l l ɑ t
<|UIG|>d͡ʒamaɛt	d͡ʒ ɑ m ɑ ʔ ɛ t
<|UIG|>d͡ʒahan	d͡ʒ ɑ h ɑ n
<|UIG|>d͡ʒahil	d͡ʒ ɑ h i l
<|UIG|>d͡ʒawab	d͡ʒ ɑ w ɑ p
<|UIG|>d͡ʒinajɛtt͡ʃi	d͡ʒ i n ɑ j ɛ t t͡ʃ i
<|UIG|>d͡ʒuʁrapijɛ	d͡ʒ u ʁ r ɑ p i j ɛ
<|UIG|>d͡ʒɛrjan	d͡ʒ ɛ r j ɑ n
<|UIG|>d͡ʒɛzibɛ	d͡ʒ ɛ z i b ɛ
<|UIG|>d͡ʒɛsur	d͡ʒ ɛ s u r
<|UIG|>d͡ʒɛsɛt	d͡ʒ ɛ s ɛ t
<|UIG|>d͡ʒɛhɛt	d͡ʒ ɛ h ɛ t
<|UIG|>d͡ʒɛwz	d͡ʒ ɛ w z
<|UIG|>χatirɛ	χ ɑ t i r ɛ
<|UIG|>χoʃ	χ o ʃ
<|UIG|>χit	χ i t
<|UIG|>χizmɛtt͡ʃi	χ i z m ɛ t t͡ʃ i
<|UIG|>χusus	χ u s u s
<|UIG|>χususij	χ u s u s i j
<|UIG|>χemir	χ e m i r
<|UIG|>χet͡ʃir	χ e t͡ʃ i r
<|UIG|>χɛtmɛ	χ ɛ t m ɛ
<|UIG|>χɛtip	χ ɛ t i p
<|UIG|>χɛjrijɛt	χ ɛ j r i j ɛ t
<|UIG|>daimi	d ɑ ʔ i m i
<|UIG|>dada	d ɑ d ɑ
<|UIG|>dastan	d ɑ s t ɑ n
<|UIG|>danɛ	d ɑ n ɛ
<|UIG|>dawa	d ɑ w ɑ
<|UIG|>dostanɛ	d o s t ɑ n ɛ
<|UIG|>diqqɛt	d i q q ɛ t
<|UIG|>dimaq	d i m ɑ q
<|UIG|>din	d i n
<|UIG|>diwan	d i w ɑ n
<|UIG|>dua	d u ʔ ɑ
<|UIG|>dutar	d u t ɑ r
<|UIG|>duttar	d u t t ɑ r
<|UIG|>dunjawi	d u n j ɑ w i
<|UIG|>dyʃmɛn	d y ʃ m ɛ n
<|UIG|>dekabr	d e k ɑ b r
<|UIG|>demokratijɛ	d e m o k r ɑ t i j ɛ
<|UIG|>demɛk	d e m ɛ k
<|UIG|>deŋizt͡ʃi	d e ŋ i z t͡ʃ i
<|UIG|>dɛrt	d ɛ r t
<|UIG|>dɛrid͡ʒɛ	d ɛ r i d͡ʒ ɛ
<|UIG|>dɛrhal	d ɛ r h ɑ l
<|UIG|>dɛrwaza	d ɛ r w ɑ z ɑ
<|UIG|>dɛqiqɛ	d ɛ q i q ɛ
<|UIG|>dɛpɛtɛn	d ɛ p ʔ ɛ t ɛ n
<|UIG|>dɛptɛr	d ɛ p t ɛ r
<|UIG|>dɛwɛt	d ɛ w ɛ t
<|UIG|>rajoni	r ɑ j o n i
<|UIG|>roh	r o h
<|UIG|>rohanij	r o h ɑ n i j
<|UIG|>rizalɛt	r i z ɑ l ɛ t
<|UIG|>riʁbɛt	r i ʁ b ɛ t
<|UIG|>riqabɛt	r i q ɑ b ɛ t
<|UIG|>ruχsɛt	r u χ s ɛ t
<|UIG|>ruku	r u k u
<|UIG|>referandum	r e p e r ɑ n d u m
<|UIG|>rɛis	r ɛ ʔ i s
<|UIG|>rɛzil	r ɛ z i l
<|UIG|>rɛsmij	r ɛ s m i j
<|UIG|>zalalɛt	z ɑ l ɑ l ɛ t
<|UIG|>zamin	z ɑ m i n
<|UIG|>zahirɛn	z ɑ h i r ɛ n
<|UIG|>zohrɛ	z o h r ɛ
<|UIG|>zikir	z i k i r
<|UIG|>zina	z i n ɑ
<|UIG|>zinnɛt	z i n n ɛ t
<|UIG|>zijarɛt	z i j ɑ r ɛ t
<|UIG|>zøryr	z ø r y r
<|UIG|>zulum	z u l u m
<|UIG|>zɛbur	z ɛ b u r
<|UIG|>zɛrrɛ	z ɛ r r ɛ
<|UIG|>zɛjnɛp	z ɛ j n ɛ p
<|UIG|>saadɛt	s ɑ ʔ ɑ d ɛ t
<|UIG|>saχawɛt	s ɑ χ ɑ w ɛ t
<|UIG|>sadaqɛt	s ɑ d ɑ q ɛ t
<|UIG|>saraj	s ɑ r ɑ j
<|UIG|>saq	s ɑ q
<|UIG|>saqt͡ʃi	s ɑ q t͡ʃ i
<|UIG|>sajɛ	s ɑ j ɛ
<|UIG|>sap	s ɑ p
<|UIG|>sahabɛ	s ɑ h ɑ b ɛ
<|UIG|>sahib	s ɑ h i p
<|UIG|>sawap	s ɑ w ɑ p
<|UIG|>soal	s o ʔ ɑ l
<|UIG|>sodiɡɛr	s o d i ɡ ɛ r
<|UIG|>sirkɛ	s i r k ɛ
<|UIG|>sink	s i n k
<|UIG|>sinipdaʃ	s i n i p d ɑ ʃ
<|UIG|>sijir	s i j i r
<|UIG|>siŋil	s i ŋ i l
<|UIG|>seχij	s e χ i j
<|UIG|>semizot	s e m i z ʔ o t
<|UIG|>sehirɡɛr	s e h i r ɡ ɛ r
<|UIG|>sɛdiqɛ	s ɛ d i q ɛ
<|UIG|>sɛrχuʃ	s ɛ r χ u ʃ
<|UIG|>sɛksɛnput	s ɛ k s ɛ n p u t
<|UIG|>sɛkkiz	s ɛ k k i z
<|UIG|>sɛkkizint͡ʃi	s ɛ k k i z i n t͡ʃ i
<|UIG|>sɛnɛtkar	s ɛ n ʔ ɛ t k ɑ r
<|UIG|>sɛpɛr	s ɛ p ɛ r
<|UIG|>sɛhijɛ	s ɛ h i j ɛ
<|UIG|>ʃarapɛt	ʃ ɑ r ɑ p ɛ t
<|UIG|>ʃapaɛt	ʃ ɑ p ɑ ʔ ɛ t
<|UIG|>ʃahadɛt	ʃ ɑ h ɑ d ɛ t
<|UIG|>ʃahmat	ʃ ɑ h m ɑ t
<|UIG|>ʃahit	ʃ ɑ h i t
<|UIG|>ʃirkɛt	ʃ i r k ɛ t
<|UIG|>ʃimalij	ʃ i m ɑ l i j
<|UIG|>ʃind͡ʒaŋ	ʃ i n d͡ʒ ɑ ŋ
<|UIG|>ʃjaŋɡaŋ	ʃ j ɑ ŋ ɡ ɑ ŋ
<|UIG|>ʃekɛr	ʃ e k ɛ r
<|UIG|>ʃɛχsijɛt	ʃ ɛ χ s i j ɛ t
<|UIG|>ʃɛrt	ʃ ɛ r t
<|UIG|>ʃɛrq	ʃ ɛ r q
<|UIG|>ʃɛrɛp	ʃ ɛ r ɛ p
<|UIG|>ʃɛjχ	ʃ ɛ j χ
<|UIG|>ʃɛpkɛ	ʃ ɛ p k ɛ
<|UIG|>ʃɛhɛr	ʃ ɛ h ɛ r
<|UIG|>ʃɛwkɛt	ʃ ɛ w k ɛ t
<|UIG|>ʁajip	ʁ ɑ j i p
<|UIG|>ʁajɛt	ʁ ɑ j ɛ t
<|UIG|>ʁurbɛt	ʁ u r b ɛ t
<|UIG|>ʁurur	ʁ u r u r
<|UIG|>ʁɛrb	ʁ ɛ r p
<|UIG|>ʁɛrbij	ʁ ɛ r b i j
<|UIG|>ʁɛrp	ʁ ɛ r p
<|UIG|>ʁɛzɛp	ʁ ɛ z ɛ p
<|UIG|>ʁɛlibɛ	ʁ ɛ l i b ɛ
<|UIG|>ʁɛlwir	ʁ ɛ l w i r
<|UIG|>ʁɛjrɛt	ʁ ɛ j r ɛ t
<|UIG|>ʁɛjur	ʁ ɛ j u r
<|UIG|>faʃist	p ɑ ʃ i s t
<|UIG|>qaidɛ	q ɑ ʔ i d ɛ
<|UIG|>qabilijɛt	q ɑ b i l i j ɛ t
<|UIG|>qat	q ɑ t
<|UIG|>qar	q ɑ r
<|UIG|>qarar	q ɑ r ɑ r
<|UIG|>qararɡah	q ɑ r ɑ r ɡ ɑ h
<|UIG|>qarʃi	q ɑ r ʃ i
<|UIG|>qarin	q ɑ r i n
<|UIG|>qazaʁistan	q ɑ z ɑ ʁ i s t ɑ n
<|UIG|>qazanmaq	q ɑ z ɑ n m ɑ q
<|UIG|>qassap	q ɑ s s ɑ p
<|UIG|>qaʁa	q ɑ ʁ ɑ
<|UIG|>qalqan	q ɑ l q ɑ n
<|UIG|>qalun	q ɑ l u n
<|UIG|>qanaɛt	q ɑ n ɑ ʔ ɛ t
<|UIG|>qanunsiz	q ɑ n u n s i z
<|UIG|>qajʁu	q ɑ j ʁ u
<|UIG|>qat͡ʃa	q ɑ t͡ʃ ɑ
<|UIG|>qahirɛ	q ɑ h i r ɛ
<|UIG|>qorqaq	q o r q ɑ q
<|UIG|>qorqunt͡ʃ	q o r q u n t͡ʃ
<|UIG|>qoza	q o z ɑ
<|UIG|>qoziqulaq	q o z i q u l ɑ q
<|UIG|>qont͡ʃ	q o n t͡ʃ
<|UIG|>qojun	q o j u n
<|UIG|>qoŋʁuz	q o ŋ ʁ u z
<|UIG|>qowm	q o w m
<|UIG|>qowurʁa	q o w u r ʁ ɑ
<|UIG|>qirʁin	q i r ʁ i n
<|UIG|>qiriq	q i r i q
<|UIG|>qizilʁaz	q i z i l ʁ ɑ z
<|UIG|>qissɛ	q i s s ɛ
<|UIG|>qiʃlaq	q i ʃ l ɑ q
<|UIG|>qiliq	q i l i q
<|UIG|>qijas	q i j ɑ s
<|UIG|>qijma	q i j m ɑ
<|UIG|>qit͡ʃiq	q i t͡ʃ i q
<|UIG|>qutluq	q u t l u q
<|UIG|>quzʁun	q u z ʁ u n
<|UIG|>qusmaq	q u s m ɑ q
<|UIG|>qumt͡ʃaq	q u m t͡ʃ ɑ q
<|UIG|>qujruq	q u j r u q
<|UIG|>qut͡ʃaq	q u t͡ʃ ɑ q
<|UIG|>quwant͡ʃ	q u w ɑ n t͡ʃ
<|UIG|>qelin	q e l i n
<|UIG|>qejin	q e j i n
<|UIG|>qɛtijɛt	q ɛ t ʔ i j ɛ t
<|UIG|>qɛdɛh	q ɛ d ɛ h
<|UIG|>qɛrɛnfil	q ɛ r ɛ n p i l
<|UIG|>qɛsir	q ɛ s i r
<|UIG|>qɛlb	q ɛ l p
<|UIG|>qɛlbɛn	q ɛ l b ɛ n
<|UIG|>qɛlɛm	q ɛ l ɛ m
<|UIG|>qɛndil	q ɛ n d i l
<|UIG|>qɛpɛz	q ɛ p ɛ z
<|UIG|>kabil	k ɑ b i l
<|UIG|>katolik	k ɑ t o l i k
<|UIG|>kateɡorijɛ	k ɑ t e ɡ o r i j ɛ
<|UIG|>kadmij	k ɑ d m i j
<|UIG|>kakawu	k ɑ k ɑ w u
<|UIG|>kaltsij	k ɑ l t s i j
<|UIG|>kalla	k ɑ l l ɑ
<|UIG|>kalij	k ɑ l i j
<|UIG|>kamalɛt	k ɑ m ɑ l ɛ t
<|UIG|>kawt͡ʃuk	k ɑ w t͡ʃ u k
<|UIG|>krimnij	k r i m n i j
<|UIG|>kripton	k r i p t o n
<|UIG|>kor	k o r
<|UIG|>korluq	k o r l u q
<|UIG|>konsul	k o n s u l
<|UIG|>kit	k i t
<|UIG|>kir	k i r
<|UIG|>kirpik	k i r p i k
<|UIG|>kirpit͡ʃ	k i r p i t͡ʃ
<|UIG|>kino	k i n o
<|UIG|>kipɛk	k i p ɛ k
<|UIG|>køz	k ø z
<|UIG|>køks	k ø k s
<|UIG|>køl	k ø l
<|UIG|>kømɛk	k ø m ɛ k
<|UIG|>køjnɛk	k ø j n ɛ k
<|UIG|>køpyk	k ø p y k
<|UIG|>køt͡ʃ	k ø t͡ʃ
<|UIG|>kutupχana	k u t u p χ ɑ n ɑ
<|UIG|>kylpɛt	k y l p ɛ t
<|UIG|>kymyʃ	k y m y ʃ
<|UIG|>kyn	k y n
<|UIG|>kyp	k y p
<|UIG|>kelɛr	k e l ɛ r
<|UIG|>kepil	k e p i l
<|UIG|>ket͡ʃa	k e t͡ʃ ɑ
<|UIG|>kɛʃniz	k ɛ ʃ n i z
<|UIG|>kɛʃp	k ɛ ʃ p
<|UIG|>kɛklik	k ɛ k l i k
<|UIG|>kɛlmɛk	k ɛ l m ɛ k
<|UIG|>kɛnt	k ɛ n t
<|UIG|>kɛndir	k ɛ n d i r
<|UIG|>kɛjpijat	k ɛ j p i j ɑ t
<|UIG|>kɛt͡ʃyryŋ	k ɛ t͡ʃ y r y ŋ
<|UIG|>kɛwsɛr	k ɛ w s ɛ r
<|UIG|>lak	l ɑ k
<|UIG|>lajiq	l ɑ j i q
<|UIG|>lajihɛ	l ɑ j i h ɛ
<|UIG|>lawa	l ɑ w ɑ
<|UIG|>lawrentsij	l ɑ w r e n t s i j
<|UIG|>libas	l i b ɑ s
<|UIG|>limonat	l i m o n ɑ t
<|UIG|>liŋd͡ʒɛn	l i ŋ d͡ʒ ɛ n
<|UIG|>ljutetsij	l j u t e t s i j
<|UIG|>luʁɛt	l u ʁ ɛ t
<|UIG|>lytyp	l y t y p
<|UIG|>lɛzzɛt	l ɛ z z ɛ t
<|UIG|>lɛqɛm	l ɛ q ɛ m
<|UIG|>lɛnɛt	l ɛ n ɛ t
<|UIG|>lɛp	l ɛ p
<|UIG|>lɛŋɡɛr	l ɛ ŋ ɡ ɛ r
<|UIG|>maarip	m ɑ ʔ ɑ r i p
<|UIG|>matka	m ɑ t k ɑ
<|UIG|>mad͡ʒal	m ɑ d͡ʒ ɑ l
<|UIG|>maddij	m ɑ d d i j
<|UIG|>maral	m ɑ r ɑ l
<|UIG|>mart	m ɑ r t
<|UIG|>mard͡ʒan	m ɑ r d͡ʒ ɑ n
<|UIG|>marɡanetis	m ɑ r ɡ ɑ n e t i s
<|UIG|>maqul	m ɑ q u l
<|UIG|>malijɛ	m ɑ l i j ɛ
<|UIG|>mamont	m ɑ m o n t
<|UIG|>manewir	m ɑ n e w i r
<|UIG|>majmun	m ɑ j m u n
<|UIG|>mawzu	m ɑ w z u
<|UIG|>morfin	m o r p i n
<|UIG|>molibden	m o l i b d e n
<|UIG|>mis	m i s
<|UIG|>millɛt	m i l l ɛ t
<|UIG|>miljard	m i l j ɑ r t
<|UIG|>mimar	m i m ɑ r
<|UIG|>minɡuo	m i n ɡ u o
<|UIG|>mineral	m i n e r ɑ l
<|UIG|>miŋ	m i ŋ
<|UIG|>møŋ	m ø ŋ
<|UIG|>muamilɛ	m u ʔ ɑ m i l ɛ
<|UIG|>muɛzzɛm	m u ʔ ɛ z z ɛ m
<|UIG|>muɛssɛsɛ	m u ʔ ɛ s s ɛ s ɛ
<|UIG|>muɛllim	m u ʔ ɛ l l i m
<|UIG|>muɛllip	m u ʔ ɛ l l i p
<|UIG|>mubarɛk	m u b ɑ r ɛ k
<|UIG|>mubaliʁɛ	m u b ɑ l i ʁ ɛ
<|UIG|>mutlɛq	m u t l ɛ q
<|UIG|>mutɛwɛlli	m u t ɛ w ɛ l l i
<|UIG|>muχalip	m u χ ɑ l i p
<|UIG|>muχtar	m u χ t ɑ r
<|UIG|>mudaχilɛ	m u d ɑ χ i l ɛ
<|UIG|>muddɛt	m u d d ɛ t
<|UIG|>murasim	m u r ɑ s i m
<|UIG|>murɛbbi	m u r ɛ b b i
<|UIG|>murɛkkɛp	m u r ɛ k k ɛ p
<|UIG|>muzakirɛ	m u z ɑ k i r ɛ
<|UIG|>mustɛhkɛm	m u s t ɛ h k ɛ m
<|UIG|>muskul	m u s k u l
<|UIG|>mushɛp	m u ʃ ɛ p
<|UIG|>muqam	m u q ɑ m
<|UIG|>mulazimɛt	m u l ɑ z i m ɛ t
<|UIG|>munbɛt	m u n b ɛ t
<|UIG|>mupti	m u p t i
<|UIG|>mupɛttiʃ	m u p ɛ t t i ʃ
<|UIG|>mupɛssɛl	m u p ɛ s s ɛ l
<|UIG|>muhad͡ʒir	m u h ɑ d͡ʒ i r
<|UIG|>muhasirɛ	m u h ɑ s i r ɛ
<|UIG|>muhit	m u h i t
<|UIG|>muwɛppɛqijɛt	m u w ɛ p p ɛ q i j ɛ t
<|UIG|>myʃkyl	m y ʃ k y l
<|UIG|>myʃyk	m y ʃ y k
<|UIG|>metan	m e t ɑ n
<|UIG|>metro	m e t r o
<|UIG|>mehnɛt	m e h n ɛ t
<|UIG|>mɛbud	m ɛ b u t
<|UIG|>mɛtbuat	m ɛ t b u ʔ ɑ t
<|UIG|>mɛd͡ʒlis	m ɛ d͡ʒ l i s
<|UIG|>mɛχluq	m ɛ χ l u q
<|UIG|>mɛχmur	m ɛ χ m u r
<|UIG|>mɛdrisɛ	m ɛ d r i s ɛ
<|UIG|>mɛrkɛz	m ɛ r k ɛ z
<|UIG|>mɛrhum	m ɛ r h u m
<|UIG|>mɛzmun	m ɛ z m u n
<|UIG|>mɛzhɛp	m ɛ z h ɛ p
<|UIG|>mɛsχirɛ	m ɛ s χ i r ɛ
<|UIG|>mɛslɛk	m ɛ s l ɛ k
<|UIG|>mɛsih	m ɛ s i h
<|UIG|>mɛsɛlɛn	m ɛ s ɛ l ɛ n
<|UIG|>mɛʃrɛp	m ɛ ʃ r ɛ p
<|UIG|>mɛʃʁulat	m ɛ ʃ ʁ u l ɑ t
<|UIG|>mɛʃwɛrɛt	m ɛ ʃ w ɛ r ɛ t
<|UIG|>mɛʁlubijɛt	m ɛ ʁ l u b i j ɛ t
<|UIG|>mɛqɛt	m ɛ q ʔ ɛ t
<|UIG|>mɛqsɛt	m ɛ q s ɛ t
<|UIG|>mɛktup	m ɛ k t u p
<|UIG|>mɛmnun	m ɛ m n u n
<|UIG|>mɛmur	m ɛ m u r
<|UIG|>mɛnqulat	m ɛ n q u l ɑ t
<|UIG|>mɛnpɛɛt	m ɛ n p ɛ ʔ ɛ t
<|UIG|>mɛjdan	m ɛ j d ɑ n
<|UIG|>mɛhbus	m ɛ h b u s
<|UIG|>mɛhsul	m ɛ h s u l
<|UIG|>mɛhkɛm	m ɛ h k ɛ m
<|UIG|>mɛwsum	m ɛ w s u m
<|UIG|>mɛwsym	m ɛ w s y m
<|UIG|>nailad͡ʒ	n ɑ ʔ i l ɑ d͡ʒ
<|UIG|>naip	n ɑ ʔ i p
<|UIG|>nausta	n ɑ ʔ u s t ɑ
<|UIG|>natrij	n ɑ t r i j
<|UIG|>naχʃa	n ɑ χ ʃ ɑ
<|UIG|>nadan	n ɑ d ɑ n
<|UIG|>nazarɛt	n ɑ z ɑ r ɛ t
<|UIG|>namaz	n ɑ m ɑ z
<|UIG|>namaqul	n ɑ m ɑ q u l
<|UIG|>namɛ	n ɑ m ɛ
<|UIG|>namɛlum	n ɑ m ɛ l u m
<|UIG|>nan	n ɑ n
<|UIG|>napak	n ɑ p ɑ k
<|UIG|>nobelij	n o b e l i j
<|UIG|>normal	n o r m ɑ l
<|UIG|>nid͡ʒat	n i d͡ʒ ɑ t
<|UIG|>nid͡ʒasɛt	n i d͡ʒ ɑ s ɛ t
<|UIG|>nisbɛt	n i s b ɛ t
<|UIG|>nispij	n i s p i j
<|UIG|>nikel	n i k e l
<|UIG|>niobij	n i o b i j
<|UIG|>niɡar	n i ɡ ɑ r
<|UIG|>nølint͡ʃi	n ø l i n t͡ʃ i
<|UIG|>nøwɛt	n ø w ɛ t
<|UIG|>nur	n u r
<|UIG|>nemist͡ʃɛ	n e m i s t͡ʃ ɛ
<|UIG|>nejtron	n e j t r o n
<|UIG|>nɛbi	n ɛ b i
<|UIG|>nɛsir	n ɛ s i r
<|UIG|>nɛsil	n ɛ s i l
<|UIG|>nɛʃr	n ɛ ʃ r
<|UIG|>nɛqlijat	n ɛ q l i j ɑ t
<|UIG|>nɛj	n ɛ j
<|UIG|>nɛprɛt	n ɛ p r ɛ t
<|UIG|>nɛps	n ɛ p s
<|UIG|>nɛpɛs	n ɛ p ɛ s
<|UIG|>nɛpɛqɛ	n ɛ p ɛ q ɛ
<|UIG|>jaχʃi	j ɑ χ ʃ i
<|UIG|>jaχʃimusiz	j ɑ χ ʃ i m u s i z
<|UIG|>jadikar	j ɑ d i k ɑ r
<|UIG|>jar	j ɑ r
<|UIG|>jara	j ɑ r ɑ
<|UIG|>jazmaq	j ɑ z m ɑ q
<|UIG|>jastuq	j ɑ s t u q
<|UIG|>jaq	j ɑ q
<|UIG|>jaqmaq	j ɑ q m ɑ q
<|UIG|>jaqut	j ɑ q u t
<|UIG|>jalʁan	j ɑ l ʁ ɑ n
<|UIG|>janmaq	j ɑ n m ɑ q
<|UIG|>janwar	j ɑ n w ɑ r
<|UIG|>jaŋaq	j ɑ ŋ ɑ q
<|UIG|>jaŋju	j ɑ ŋ j u
<|UIG|>jaɡao	j ɑ ɡ ɑ o
<|UIG|>jawuz	j ɑ w u z
<|UIG|>jitim	j i t i m
<|UIG|>jiraqliq	j i r ɑ q l i q
<|UIG|>jilik	j i l i k
<|UIG|>jiŋnɛ	j i ŋ n ɛ
<|UIG|>jutqunt͡ʃaq	j u t q u n t͡ʃ ɑ q
<|UIG|>jultuz	j u l t u z
<|UIG|>jummaq	j u m m ɑ q
<|UIG|>jupqa	j u p q ɑ
<|UIG|>juŋ	j u ŋ
<|UIG|>jytmɛk	j y t m ɛ k
<|UIG|>jyz	j y z
<|UIG|>jysyp	j y s y p
<|UIG|>jetɛrsiz	j e t ɛ r s i z
<|UIG|>jeqilʁu	j e q i l ʁ u
<|UIG|>jepiʃmaq	j e p i ʃ m ɑ q
<|UIG|>jeŋiliq	j e ŋ i l i q
<|UIG|>jewropij	j e w r o p i j
<|UIG|>jɛkyn	j ɛ k y n
<|UIG|>jɛl	j ɛ l
<|UIG|>jɛlkɛn	j ɛ l k ɛ n
<|UIG|>jɛni	j ɛ n i
<|UIG|>jɛhudi	j ɛ h u d i
<|UIG|>pad͡ʒir	p ɑ d͡ʒ i r
<|UIG|>parasɛt	p ɑ r ɑ s ɛ t
<|UIG|>parakɛndɛ	p ɑ r ɑ k ɛ n d ɛ
<|UIG|>parlaq	p ɑ r l ɑ q
<|UIG|>part͡ʃilimaq	p ɑ r t͡ʃ i l i m ɑ q
<|UIG|>pasiq	p ɑ s i q
<|UIG|>paqa	p ɑ q ɑ
<|UIG|>pakiz	p ɑ k i z
<|UIG|>pal	p ɑ l
<|UIG|>panij	p ɑ n i j
<|UIG|>pajtɛχt	p ɑ j t ɛ χ t
<|UIG|>pajda	p ɑ j d ɑ
<|UIG|>pahiʃɛ	p ɑ h i ʃ ɛ
<|UIG|>professor	p r o p e s s o r
<|UIG|>porazeodim	p o r ɑ z e o d i m
<|UIG|>pit	p i t
<|UIG|>pilan	p i l ɑ n
<|UIG|>pinɡiwin	p i n ɡ i w i n
<|UIG|>pinhan	p i n h ɑ n
<|UIG|>putbol	p u t b o l
<|UIG|>puʃajman	p u ʃ ɑ j m ɑ n
<|UIG|>pul	p u l
<|UIG|>peqir	p e q i r
<|UIG|>pɛχri	p ɛ χ r i
<|UIG|>pɛrz	p ɛ r z
<|UIG|>pɛri	p ɛ r i
<|UIG|>pɛriʃtɛ	p ɛ r i ʃ t ɛ
<|UIG|>pɛrjat	p ɛ r j ɑ t
<|UIG|>pɛrhiz	p ɛ r h i z
<|UIG|>pɛrɛzij	p ɛ r ɛ z i j
<|UIG|>pɛsih	p ɛ s i h
<|UIG|>pɛqɛt	p ɛ q ɛ t
<|UIG|>pɛn	p ɛ n
<|UIG|>pɛnd͡ʒab	p ɛ n d͡ʒ ɑ p
<|UIG|>t͡ʃarɛk	t͡ʃ ɑ r ɛ k
<|UIG|>t͡ʃoka	t͡ʃ o k ɑ
<|UIG|>t͡ʃolpan	t͡ʃ o l p ɑ n
<|UIG|>t͡ʃiraq	t͡ʃ i r ɑ q
<|UIG|>t͡ʃiqmaq	t͡ʃ i q m ɑ q
<|UIG|>t͡ʃikɛtkɛ	t͡ʃ i k ɛ t k ɛ
<|UIG|>t͡ʃet͡ʃɛk	t͡ʃ e t͡ʃ ɛ k
<|UIG|>t͡ʃɛkmɛk	t͡ʃ ɛ k m ɛ k
<|UIG|>ʒandarma	ʒ ɑ n d ɑ r m ɑ
<|UIG|>ʒanir	ʒ ɑ n i r
<|UIG|>ʒurnal	ʒ u r n ɑ l
<|UIG|>ɡabardin	ɡ ɑ b ɑ r d i n
<|UIG|>ɡadolinij	ɡ ɑ d o l i n i j
<|UIG|>ɡaŋpɛn	ɡ ɑ ŋ p ɛ n
<|UIG|>ɡoja	ɡ o j ɑ
<|UIG|>ɡiranit	ɡ i r ɑ n i t
<|UIG|>ɡirip	ɡ i r i p
<|UIG|>ɡijah	ɡ i j ɑ h
<|UIG|>ɡuaŋʃi	ɡ u ɑ ŋ ʃ i
<|UIG|>ɡuruh	ɡ u r u h
<|UIG|>ɡyllɛr	ɡ y l l ɛ r
<|UIG|>ɡɛdɛn	ɡ ɛ d ɛ n
<|UIG|>had͡ʒi	h ɑ d͡ʒ i
<|UIG|>hadisɛ	h ɑ d i s ɛ
<|UIG|>hazirqi	h ɑ z i r q i
<|UIG|>haja	h ɑ j ɑ
<|UIG|>hawa	h ɑ w ɑ
<|UIG|>hawz	h ɑ w z
<|UIG|>hijlɛ	h i j l ɛ
<|UIG|>hød͡ʒd͡ʒɛt	h ø d͡ʒ d͡ʒ ɛ t
<|UIG|>høkym	h ø k y m
<|UIG|>hessij	h e s s i j
<|UIG|>hekajɛ	h e k ɑ j ɛ
<|UIG|>hɛb	h ɛ p
<|UIG|>hɛbɛʃ	h ɛ b ɛ ʃ
<|UIG|>hɛd͡ʒim	h ɛ d͡ʒ i m
<|UIG|>hɛrbij	h ɛ r b i j
<|UIG|>hɛqir	h ɛ q i r
<|UIG|>hɛqiqɛtɛn	h ɛ q i q ɛ t ɛ n
<|UIG|>hɛptɛ	h ɛ p t ɛ
<|UIG|>hɛwɛskar	h ɛ w ɛ s k ɑ r
<|UIG|>waraq	w ɑ r ɑ q
<|UIG|>waris	w ɑ r i s
<|UIG|>waz	w ɑ z
<|UIG|>wapa	w ɑ p ɑ
<|UIG|>welinemɛt	w e l i n e m ɛ t
<|UIG|>wɛsijɛt	w ɛ s i j ɛ t
<|UIG|>wɛqɛ	w ɛ q ɛ
<|UIG|>wɛlsipit	w ɛ l s i p i t
<|UIG|>wɛhʃɛt	w ɛ h ʃ ɛ t
