kɑːkkɑːɗɑːា	k ɑ ʔ k a ʔ ɗ aː
kɑːŋɔː	k ɑː ŋ
kɑːŋɔː់	k ɑ ŋ
kɑːŋkɑːែɓɑː	k ɑ ŋ k a e p
kɑːɲcɔːះ	k ɑ ɲ c ĕ ə h
kɑːnɗɑːឹŋɔː	k ɑ n ɗ ə ŋ
kɑːnɗɑːូɓɑː	k ɑ n ɗ o u p
kɑːnɗɔː	k a n
kɑːtɑː់	k ɑ t
kɑːnlɔːែŋɔː	k ɑ n l a e ŋ
kɑːnsɑːោmɔː	k ɑ n s a o m
kɑːɓɑː៉ាlɔː់	k a ʔ p a l
kɑːmpɔːុcɔːា	k a m p u c i ə
kɑːmpɔːោcɔːិkɑː	k ɑ m p oː c ɨ k
kɑːmmɔː	k a m
kɑːmmɔːntɑː	k a m m ɑ n t a ʔ
kɑːmmɔːាtʰɔːិkɑːាrɔː	k a m m aː tʰ i k aː
kɑːrɔːnɑːី	k a ʔ r a ʔ n ə j
kɑːlɔːhɑː	k a ʔ l a ʔ h a ʔ
kɑːsɑːិkɑːrɔː	k a ʔ s e k ɑː
kɑːsɑːិɗtʰɑːាnɔː	k a ʔ s ə t tʰ aː n
kɑːាkɑː់	k a ʔ
kɑːាnɑːាɗɑːា	k aː n aː ɗ aː
kɑːាtɑː	k aː t
kɑːាtɑː់	k a t
kɑːាpɔːិ	k aː p i ʔ
kɑːាpjɔː	k aː p
kɑːាmɔːីɲɔː៉ុŋɔː	k aː m iː ɲ o ŋ
kɑːាrɔː	k aː
kɑːាrɔːŋɔːាrɔː	k aː ŋ i ə
kɑːាrɔːɓɑːɗɑːិʋɔːttɑːnɔː៍	k aː p a ʔ ɗ e ʋ ŏ ə t
kɑːាrɔːpɔːាrɔː	k aː p i ə
kɑːាrɔːិjɔːាlɔː័jɔː	k aː r i j aː l a j
kɑːាrɔː៉េmɔː	k aː r eː m
kɑːាʋɔː	k aː w
kɑːាsɑːែtɑː	k aː s a e t
kɑːាsɑː៊ីnɑːូ	k aː s iː n o u
kɑːាhʋɔːេ	k aː f eː
kɑːាំ	k a m
kɑːាំpʰlɔːើŋɔː	k a m p l əː ŋ
kɑːិccɑː	k ə c
kɑːិrɔːិjɔːាsɑːptɔː	k e r i j aː s a p
kɑːុŋɔː	k o ŋ
kɑːុnɔː	k o n
kɑːុmpʰɔːៈ	k o m pʰ ĕ ə ʔ
kɑːូkɑːាkɑːូlɑːា	k o u k aː k o u l aː
kɑːូnɔːsrɔːី	k o u n s r ə j
kɑːូɓɑːាlɔː	k o u ɓ aː l
kɑːូmɔː័rɔː	k o u m ɔ ə
kɑːូlɑːាlɑːាំpɔːួrɔː	k o u l aː l a m p u ə
kɑːើtɑː	k a ə t
kɑːៀhsɑː៊ីsɑː៊ីstʰɑːាnɔː	k i ə z iː s iː s tʰ aː n
kɑːែŋɔː	k a e ŋ
kɑːែtɔːំrɔːŋɔː់	k a e t u m r ŭ ə ŋ
kɑːែʋɔː	k a e w
kɑːែsɑː	k a e h
kɑːៃlɑːាtɑː់	k a j l a t
kɑːោrɔːីlɔː	k a o r iː l
kɑːោះ	k ɑ h
kɑːំɲɔːmɔː	k ɑ m ɲ ɑː m
kɑːំnɑːtɑː់	k ɑ m n ɑ t
kɑːំnɑːាɲɔː់	k ɑ m n a ɲ
kɑːំnɑːាrɔː	k ɑ m n aː
kɑːំɓlɔːោkɑː	k ɑ m pʰ l a o k
kɑːំpʰɑːើmɔː	k ɑ m pʰ a ə m
kɑːំpɔːsɑː់	k ɑ m p ŭ ə h
kɑːំrɔːាlɔː	k ɑ m r aː l
kŋɔːោkɑː	k ŋ a o k
kɗɑːោŋɔː	k ɗ a o ŋ
knɔːុŋɔː	kʰ n o ŋ
kɓɑːាlɔː	k ɓ aː l
kɓɑːួnɔː	k ɓ u ə n
kmɔːេŋɔːsrɔːី	kʰ m eː ŋ s r ə j
krɔː	k r ɑː
krɔːcɑːើlɔː	k r ɑ c a ə l
krɔːɲɔːrɔː	k r ɑ ɲ ɑː
krɔːɲɔːាំ	k r ɑ ɲ a m
krɔːɗɑːាsɑː	k r ɑ ɗ aː h
krɔːmɔː	k r ɑ m
krɔːlɔːៀnɔː	k r ɑ l i ə n
krɔːʋɔːិlɔː	k r ɑ ʋ ə l
krɔːsɑːាnɔː	k r ɑ s aː n
krɔːhɑːmɔː	k r ɑ h ɑː m
krɔːlɑːាhɑːោmɔː	k r ɑː l aː h a o m
krɔːាɓɑː	k r aː p
krɔːុkɑːៗ	k r o k k r o k
krɔːុmɔː	k r o m
krɔːូmɔː	k r o u m
krɔːៀmɔː	k r i ə m
ksɑːtrɔː	kʰ s a t
ksɑːtrɔːិjɔː៍	kʰ s a t
kʔɑːាtɑː់	k ʔ a t
kʔɑːែɓɑː	k ʔ a e p
kʰɑːnɔːិcɔː	kʰ ɑ n ɨ c
kʰɑːាtɑː់	kʰ a t
kʰɑːាំ	kʰ a m
kʰɑːិtɑː	kʰ ə t
kʰɑːូʋɔːɓɑː៊	kʰ ə w ɓ ɔː
kʰɑːៀʋɔː	kʰ i ə w
kʰɑːេttɑː	kʰ a e t
kʰɑːែ	kʰ a e
kʰɑːែkɑː	kʰ a e k
kʰcɔːាjɔː	kʰ c i ə j
kʰcɔːិlɔː	kʰ c ɨ l
kʰɲɔːmɔː	k ɲ ɑː m
kʰɲɔːុំ	k ɲ o m
kʰtɔːិះ	kʰ t i h
kʰtɔːើjɔː	kʰ t əː j
kʰnɔːាjɔː	kʰ n aː j
kʰnɔːុrɔː	kʰ n o l
kʰpɔːsɑː់	k p ŭ ə h
kʰmɔːៅ	kʰ m a w
kʰlɔːះ	kʰ l a h
kʰsɑːៀʋɔː	kʰ s i ə w
kʰsɑːោjɔː	kʰ s a o j
kɔːŋɔː់	k ŭ ə ŋ
kɔːnɑː	k ŭ ə n
kɔːnɑːnɔːី	k ĕ ə ʔ n a ʔ n iː
kɔːnɑːិtɑːʋɔːិtjɔːា	k ĕ ə ʔ n e t a ʔ ʋ ɨ t j i ə
kɔːntʰɔːrɔːsɑː	k ŏ ə n tʰ ĕ ə ʔ r ŭ ə h
kɔːmpɔːីrɔː	k u m p iː
kɔːrɔːុ	k ĕ ə ʔ r u ʔ
kɔːhɑːnɑːsɑːាlɔː	k ĕ ə ʔ h a ʔ n a ʔ s aː l
kɔːឺ	k ɨː
kɔːុjɔːɓɑːា	k u j ɓ aː
kɔːុjɔːʋɔː៉ែtɑː	k u j ʋ a e t
kɔːុhɑːា	k u h i ə
kɔːូtʰɑː	k uː t
kɔːូlɔːែnɔː	k uː l ɛː n
kɔːេ	k eː
kɔːែ	k ɛː
kɔːោ	k oː
kɔːោkʰɔːាtɑːɗtʰɑːាnɔː	k oː kʰ i ə t a t tʰ aː n
kɔːំnɔːិtɑː	k u m n ɨ t
krɔːntʰɑːី	k r ŭ ə n tʰ ə j
krɔːɓɑːkrɔːŋɔː	k r u p k r ɔː ŋ
krɔːាɓɑː់	k r ŏ ə p
krɔːិstɑː	k r ɨ h
krɔːឿŋɔː	k r ɨ ə ŋ
krɔːំ	k r u m
kʰɔːrɔː	kʰ ɔː
kʰɔːrɔːnɑːី	kʰ ɔ n ə j
kʰɔːុnɔː	kʰ u n
kʰlɔːាnɔː	kʰ l i ə n
ŋɔːŋɔːឹtɑː	ŋ ɔ ŋ ɨ t
ŋɔːាrɔː	ŋ i ə
cɑːkrɔː	c a ʔ
cɑːtɑː	c ɑː t
cɑːtɑːុkɑːោnɑː	c a ʔ t o k a o n
cɑːtɑː់	c ɑ t
cɑːtʋɔː័ŋsɑː	c a t tʰ ʋ a ŋ
cɑːɓɑː់	c ɑ p
cɑːmŋɔːាjɔː	c ɑ m ŋ aː j
cɑːmmɔː	c ɑ m
cɑːrɔːាcɑːrɔːnɑː៍	c ɑː r aː c ɑː
cɑːlɔːnɔːា	c a ʔ l a ʔ n aː
cɑːាɲɔː់	c a ɲ
cɑːាំ	c a m
cɑːិɲcɑːៀnɔː	c ə ɲ c i ə n
cɑːិttɑː	c ə t
cɑːុŋɔː	c o ŋ
cɑːុះ	c o h
cɑːូlɔː	c o u l
cɑːេɲɔː	c ə ɲ
cɑːេtɑːnɔːា	c eː t n aː
cɑːេrɔː	c eː
cɑːំkɑːាrɔː	c ɑ m k aː
cɑːំnɑːŋɔː	c ɑ m n ɑː ŋ
cɑːំnɑːាំ	c ɑ m n a m
cɑːំnɑːូlɔː	c ɑ m n o u l
cɑːំnɑːោtɔː	c ɑ m n a o t
cɑːំɓɑːាំŋɔː	c ɑ m ɓ a ŋ
cɑːំpɔːុះ	c ɑ m p u h
cɑː័ntɔː	c ɑ n
crɔːʋɔːាkɑː់	c r ɑ ʋ ĕ ə ʔ
crɔːាsɑː	c r aː h
crɔːើnɔː	c r a ə n
cʰɑːែ	cʰ a e
cʰɑːោmɔː	cʰ a o m
cʰŋɔːាɲɔː់	cʰ ŋ a ɲ
cʰnɔːាំ	cʰ n a m
cʰnɔːាំŋɔː	cʰ n a ŋ
cʰnɔːេrɔː	cʰ n eː
cʰʔɑːឹŋɔː	cʰ ʔ ə ŋ
cɔːɲcɔːាំŋɔː	c ŭ ə ɲ c ĕ ə ŋ
cɔːɲcɔːីŋɔː	c ŭ ə ɲ c iː ŋ
cɔːnmɔːា	c ŭ ə n m i ə
cɔːmŋɔːឺ	c u m ŋ ɨː
cɔːា	c i ə
cɔːាtɑːិ	c i ə t
cɔːី	c iː
cɔːីʋɔːាnɑːូ	c iː ʋ aː n o u
cɔːូtɑː	c uː t
cɔːោះ	c ŭ ə h
cɔːំŋɔːឺ	c u m ŋ ɨː
cɔːំnɔːីrɔː	c u m n iː
cɔːំnɔːូnɔː	c u m n uː n
cɔːំnɔːួjɔː	c u m n u ə j
cɔːំnɔːែŋɔː	c u m n ɛː ŋ
cɔːំrɔːះ	c u m r ĕ ə h
cɔːំlɔːោះ	c u m l ŭ ə h
cɔːំhɑːɓɑː់	c u m h u p
cɔːំhɑːឺ	c u m h ɨː
cɔː័rɔː	c ɔ ə
crɔːkɑː់	c r ŭ ə ʔ
crɔːុŋɔː	c r u ŋ
crɔːៅ	c r ɨ w
cʋɔːា	cʰ ʋ i ə
cʋɔːីsɑː	cʰ ʋ iː h
cʰɔːូkɑː	cʰ uː k
cʰnɔːាɓɑː់	cʰ n ŏ ə p
cʰnɔːះ	cʰ n ĕ ə h
cʰmɔːោlɔː	cʰ m oː l
cʰlɔːើŋɔː	cʰ l əː ŋ
ɲɔːɲɔːួrɔː	ɲ ɔ ɲ u ə
ɲɔːាំŋɔː	ɲ ĕ ə ŋ
ɲɔːឹkɑː	ɲ ɨ k
ɲɔː័rɔː	ɲ ɔ ə
ɲcɔːីʋɔː័nɔː	s a ŋ c iː ʋ ŏ ə n
ɗɑːkɑː	ɗ ɑː ʔ
ɗɑːŋɔː	ɗ ɑː ŋ
ɗɑːŋhɑːើmɔː	ɗ ɑ ŋ h a ə m
ɗɑːា	ɗ aː
ɗɑːាkɑː់	ɗ a ʔ
ɗɑːាំ	ɗ a m
ɗɑːាំŋɔːɗɑːុŋɔː	ɗ a ŋ ɗ o ŋ
ɗɑːុllɔːាrɔː	ɗ o l l aː
ɗɑːុsɑː	ɗ o h
ɗɑːូŋɔː	ɗ o u ŋ
ɗɑːួlɔː	ɗ u ə l
ɗɑːើmɔː	ɗ a ə m
ɗɑːើmɔːcʰɔːើ	ɗ a ə m cʰ əː
ɗɑːើmɓɑːី	ɗ a ə m ɓ ə j
ɗɑːៀɓɑː	ɗ i ə p
ɗɑːេɲɔː	ɗ ə ɲ
ɗɑːែrɔː	ɗ a e
ɗɑːែlɔː	ɗ a e l
ɗɑːោjɔː	ɗ a o j
tʰɑːាnɔː	tʰ aː n
nɑːា	n aː
nɑːេɗɑːឺrɔːlɑːnɔː់tʰɑː៍	n eː ɗ ə ɨ l ɑ n
nɑːែnɔːាំ	n a e n ŏ ə m
tɑːŋɔː់	t ɑ ŋ
tɑːŋɔː់hsɑːាnɔːី	t ɑ ŋ z aː n iː
tɑːɓɑː់	t ɑ p
tɑːmlɔːៃ	t ɑ m l a j
tɑːាcɔːីkɔːីstʰɑːាnɔː	t aː c iː k iː s tʰ aː n
tɑːាlɔːprɔːឹksɑː	t aː l a ʔ p r ɨ k
tɑːាsɑːkɑː់	t a s ɑ ʔ
tɑːិះ	t e h
tɑːីrɔːʋɔːិtʰɑːី	t ə j r ĕ ə ʔ ʋ i tʰ ə j
tɑːឹkɑːkɑːែ	t ə k k a e
tɑːឹkɑːtɑːាŋɔː	t ə k t aː ŋ
tɑːុkkɑːtɑːា	t o k k a ʔ t aː
tɑːុlɔːា	t o l aː
tɑːុlɔːាkɑːាrɔː	t o l aː k aː
tɑːុljɔː	t o l j ĕ ə ʔ
tɑːូkjɔːូ	t o u k j uː
tɑːូcɑː	t o u c
tɑːើ	t a ə
tɑːៀɓɑː	t i ə p
tɑːេlɑːេkrɔːាmɔː	t eː l eː k r aː m
tɑːេlɑːេhʋɔːូnɔː	t eː l eː f o u n
tɑːែmɔːɓrɔːិ៍	t a e m
tɑːោnɔː	t a o n
tɑːៅ	t a w
tɑːំnɑːាlɔː	t ɑ m n aː l
tɑːំnɑːែŋɔː	t ɑ m n a e ŋ
tɑːំrɔːŋɔː់	t ɑ m r ŭ ə ŋ
trɔːkɑːូlɔː	t r ɑ k o u l
trɔːɓɑːkɑː	t r ɑ ɓ ɑː ʔ
trɔːsɑːេះ	t r ɑ s e h
trɔːាkɑː់tɔː័rɔː	t r a ʔ t ɔ ə
trɔːាʋɔː	t r aː w
trɔːី	t r ə j
trɔːីsɑːptɔː	t r ə j s a p
trɔːុំ	t r o m
trɔːូʋɔː	t r ə w
trɔːួtɑː	t r u ə t
tʰɑːnɔːៈ	tʰ a ʔ n a ʔ
tʰɑːា	tʰ aː
tʰɑːាsɑː	tʰ aː h
tʰɑːើɓɑː	tʰ a ə p
tʰnɔːាkɑː់	tʰ n a ʔ
tʰnɔːាំcɔːkɑː់	tʰ n a m c ŭ ə ʔ
tʰmɔːី	tʰ m ə j
tɔːŋʋɔːើ	t ŭ ə ŋ ʋ əː
tɔːnɗɔːkʰɔːាɗɑː	t ŏ ə n ɗ ĕ ə ʔ kʰ i ə t
tɔːtɔːឹmɔː	t ɔ t ɨ m
tɔːtɔːួlɔː	t ɔ t u ə l
tɔːntɑː	t ŭ ə n
tɔːnsɑːាjɔː	t ŭ ə n s aː j
tɔːmŋɔːnɔː់	t u m ŋ ŭ ə n
tɔːmrɔːŋɔː់	t u m r ŭ ə ŋ
tɔːssɑːnɔːាtɔːាnɔː	t ŭ ə h s a ʔ n aː t i ə n
tɔːlhɑːៈ	t ŏ ə l h a ʔ
tɔːាɲɔː	t i ə ɲ
tɔːាtʰɑːា	t i ə tʰ aː
tɔːាhɑːាnɔː	t i ə h i ə n
tɔːាំŋɔː	t ĕ ə ŋ
tɔːិnnɔːnɔː័jɔː	t ɨ n n ĕ ə ʔ n ɨ j
tɔːី	t iː
tɔːឹkɑː	t ɨ k
tɔːុkɑː	t u k
tɔːុkkʰɑː	t u k
tɔːុrɔːេnɔː	t u r eː n
tɔːូtɑː	t uː t
tɔːៀtɑː	t i ə t
tɔːេ	t e i
tɔːេsɑːcɑːrɔː	t eː s a ʔ c ɑː
tɔːៅ	t ɨ w
tɔːំnɔːŋɔː	t u m n ɔː ŋ
tɔːំrɔːŋɔː់	t u m r ŭ ə ŋ
tɔːំlɔːាɓɑː់	t u m l ŏ ə p
trɔːpjɔː	t r ŏ ə p
trɔːឹsɗɑːី	t r ɨ h s ɗ ə j
trɔːុŋɔː	t r u ŋ
tʰɔːnɔː	tʰ ŭ ə n
tʰɔːnɔːtʰɔːាnɔː	tʰ ŭ ə n tʰ i ə n
tʰɔːmɔːnɔːី	tʰ ĕ ə ʔ m ĕ ə ʔ n iː
tʰɔːmɔː៌	tʰ ŏ ə
tʰɔːុŋɔː	tʰ u ŋ
tʰɔːុttɑːcɔːnɔː	tʰ u t t a ʔ c ŭ ə n
tʰɔːំ	tʰ o m
tʰnɔːូ	tʰ n uː
tʰmɔːេɲɔː	tʰ m ɨ ɲ
tʰʋɔːើ	tʰ ʋ əː
nɔːjɔːោɓɑːាjɔː	n ə j j oː ɓ aː j
nɔːhɑːាrɔːុ	n ĕ ə ʔ h aː r u ʔ
nɔːាkɑː់	n ĕ ə ʔ
nɔːាkɔː	n i ə ʔ
nɔːាŋɔː	n i ə ŋ
nɔːាmɔː	n i ə m
nɔːាʋɔːា	n i ə ʋ i ə
nɔːិkɔːmɔː	n i k u m
nɔːិŋɔː	n ɨ ŋ
nɔːិpʋɔːាnɔː	n ɨ p p i ə n
nɔːិʋɔːttɑːnɔː៍	n i ʋ ŏ ə t
nɔːិsɑːីtɔːnɔː	n i s ə j t ĕ ə ʔ n ĕ ə ʔ
nɔːិssɑːិtɑː	n ɨ h s ə t
nɔːូʋɔː	n ə w
nɔːែɓɑː	n ɛː p
nɔːៃ	n ɨ j
nɔːៅ	n ɨ w
nɔːំɓɑː៉ុŋɔː	n u m p o ŋ
nɔːំɓɑː៉័ŋɔː	n u m p a ŋ
ɓɑːŋɔː	ɓ ɑː ŋ
ɓɑːŋkɑː	ɓ ɑ ŋ k ɑː
ɓɑːŋkɑːŋɔː	ɓ ɑ ŋ k ɑː ŋ
ɓɑːŋkɑːើtɑː	ɓ ɑ ŋ k a ə t
ɓɑːŋʔɑːែmɔː	ɓ ɑ ŋ ʔ a e m
ɓɑːccɑːុɓɓɑːnnɔː	p a c c o ɓ ɑ n
ɓɑːccɑː័jɔː	p a c c a j
ɓɑːɲcɑːɓɑː់	ɓ ɑ ɲ c ɑ p
ɓɑːɲcɑːូlɔː	ɓ ɑ ɲ c o u l
ɓɑːɲhɑːា	ɓ a ɲ h aː
ɓɑːnɑː	ɓ ɑː n
ɓɑːtʰɑː	ɓ ɑ t
ɓɑːntɔːុkɑː	ɓ ɑ n t u k
ɓɑːnlɔːា	ɓ ɑ n l aː
ɓɑːnlɔːែ	ɓ ɑ n l ɛː
ɓɑːrɔːtɔːេsɑː	ɓ ɑː r ĕ ə ʔ t eː h
ɓɑːrɔːិlɔːាpʰɔː	p a ʔ r e l i ə p
ɓɑːscɑːិmɔː	ɓ a h c ə m
ɓɑːាɗɑːិhɑːាrjɔː	p aː ɗ e h aː
ɓɑːាtɑː	ɓ aː t
ɓɑːាnɔː	ɓ aː n
ɓɑːាrɔːmɔːី	ɓ aː r ĕ ə ʔ m ə j
ɓɑːាrɔːី	ɓ aː r ə j
ɓɑːាlɔːី	ɓ aː l ə j
ɓɑːុkɑː	ɓ o k
ɓɑːុkkɔːlɔː	ɓ o k k ŭ ə l
ɓɑːុrɔːsɑː	ɓ o r ɑ h
ɓɑːូpɔː៌ា	ɓ o u p i ə
ɓɑːូlɔːីʋɔːី	ɓ o u l iː ʋ iː
ɓɑːេnɑːាំŋɔː	ɓ eː n a ŋ
ɓɑːៃtɑːŋɔː	ɓ a j t ɑː ŋ
ɓɑː៉ា	p aː
ɓɑː៉ាkɔːីstʰɑːាnɔː	p aː k iː s tʰ aː n
ɓɑː៉ាnɑːាmɔː៉ា	p aː n aː m aː
ɓɑː៉ាrɔːីsɑː	p aː r iː h
ɓɑː៉ាsɑːspɔː័rɔː	p aː h s p ɔ ə
ɓɑː៉ុntɑːែ	p o n t a e
ɓɑː៉ុnmɔːាnɔː	p o n m aː n
ɓɑː៉េkɑːាំŋɔː	p eː k a ŋ
ɓɑː៉ោŋɔː	p a o ŋ
ɓɑː៉ៅ	p a w
ɓɑː៊ីɗɑːុŋɔː	ɓ iː ɗ o ŋ
ɓɑː៊ីjɔːែrɔː	ɓ iː j ɛː
ɓɑː៊ីsɑː៊ីklɔːេtɑː	ɓ iː s iː k l eː t
ɓɑː៊្rɔːីtɑːtʰɑːេnɔː	p r iː t tʰ eː n
ɓrɔːcɔːា	p r ɑ c i ə
ɓrɔːcɔːាtʰɔːិɓɑːtɑːេjjɔː	p r ɑ c i ə tʰ i p a ʔ t a j
ɓrɔːcɔːុំ	p r ɑ c u m
ɓrɔːɗɑːា	p r ɑ ɗ aː
ɓrɔːtɔːេsɑː	p r ɑ t eː h
ɓrɔːpɔːntʰɔː	p r ɑ p ŭ ə n
ɓrɔːpɔː័ntʰɔː	p r ɑ p ŏ ə n
ɓrɔːlɔːោmɔː	p r ɑ l a o m
ɓrɔːhɑːាrɔː	p r ɑ h aː
ɓrɔːʔɑːɓɑː់	p r ɑ ʔ ɑ p
ɓrɔːាŋkɔːnɑː៍	p r aː ŋ
ɓrɔːាcɲɔːា	p r aː c ɲ aː
ɓrɔːាmɔːោtjɔː	p r aː m a o t
ɓrɔːាំ	p r a m
ɓrɔːិtɑː	p r ə t
ɓrɔːុsɑː	p r o h
ɓrɔːួlɔː	p r u ə l
ɓrɔːេsɑːិtɑː	p r eː s ə t
ɓrɔːៃ	p r a j
ɓlɔːា	pʰ l aː
ɓlɔːាstɔːិkɑː	pʰ l aː s t ɨ k
pʰɑːŋɔː	pʰ ɑː ŋ
pʰɑːlɔː	pʰ ɑ l
pʰɑːាsɑː	pʰ aː h
pʰɑːឹkɑː	pʰ ə k
pʰɑːើŋɔː	pʰ a ə ŋ
pʰɑːោmɔː	pʰ a o m
pʰkɑːាjɔː	pʰ k aː j
pʰcɑːŋɔː់	pʰ c ɑ ŋ
pʰɗɑːlɔː់	p ɗ ɑ l
pʰtɔːះ	pʰ t ĕ ə h
pʰnɔːួsɑː	pʰ n u ə h
pʰlɔːាsɑː់	pʰ l a h
pʰlɔːេkɑː	pʰ l eː k
pʰsɑːិtɑː	pʰ s ə t
pʰsɑːេŋɔːៗ	pʰ s eː ŋ pʰ s eː ŋ
pʰʔɑːែmɔː	p ʔ a e m
pɔːnɑː៌	p ɔ ə
pɔːnjɔːlɔː់	p ŭ ə n j ŭ ə l
pɔːnlɔːាkɑː	p ŭ ə n l i ə ʔ
pɔːpɔːួkɑː	p ɔ p u ə ʔ
pɔːpʰlɔːើ	p o p l əː
pɔːាkɑː់	p ĕ ə ʔ
pɔːាlɔː	p i ə l
pɔːិkʰɔːាtɑː	p i kʰ i ə t
pɔːិtɑː	p ɨ t
pɔːិtʰɔːាnɔː	p i tʰ i ə n
pɔːិnɔː័jɔː	p i n ɨ j
pɔːិntɔːុ	p ɨ n t u ʔ
pɔːិpʰɔːpɔː	p i pʰ u p
pɔːី	p iː
pɔːីrɔː	p iː
pɔːីrɔːោះ	p iː r ŭ ə h
pɔːុŋɔː	p u ŋ
pɔːួkɑː	p u ə ʔ
pɔːេɲɔː	p ɨ ɲ
pɔːេlɔː	p eː l
pɔːែŋɔː	p ɛː ŋ
pɔːែrɔːmɔːី	p ɛː m iː
pɔːោtɑː	p oː t
pɔː័tɑː៌mɔːាnɔː	p ɔ ə ɗ ɑː m i ə n
pɔː័rɔːtɔːុjɔːhkɔːាlɔː់	p ɔ ə t u j ɡ a l
pjɔːាkɑːាrɔːី	pʰ j i ə k aː r ə j
pjɔːាŋkɔː	pʰ j i ə ŋ
prɔːnɔːŋɔː់	p r ɔ n ŭ ə ŋ
prɔːhmɔːɲɲɔː	p r u m m a ɲ
prɔːឹkɑː	p r ɨ k
prɔːែ	p r ɛː
prɔːោnɔː	p r oː n
prɔːះ	p r ĕ ə h
pʰɔːpɔː	pʰ u p
pʰɔːាkɔː	pʰ i ə ʔ
pʰɔːាpɔː	pʰ i ə p
pʰɔːាrɔː	pʰ i ə
pʰɔːាsɑːា	pʰ i ə s aː
pʰɔːូmɔːា	pʰ uː m i ə
pʰɔːើ	pʰ əː
pʰɔːឿnɔː	pʰ ɨ ə n
pʰɔːេsɑːccɔːាkɔːាrɔː	pʰ e i s a c c i ə k i ə
pʰɔːោcɔːnɔːាkɔːាrɔː	pʰ oː c ĕ ə ʔ n i ə k i ə
pʰɔːោccɔːsɑːាlɔːី	pʰ oː c s aː l ə j
pʰcɔːុំ	pʰ c u m
pʰrɔːូnɔː	p r uː n
pʰlɔːោះ	pʰ l ŭ ə h
mɔːkɑːrɔːា	m ĕ ə ʔ k a ʔ r aː
mɔːŋkʰɔːុtɑː	m ŭ ə ŋ kʰ u t
mɔːccʰɔːិmɔː	m a c cʰ ɨ m
mɔːtɑːិ	m ĕ ə ʔ t e ʔ
mɔːttɑː	m a t t a
mɔːnɔː	m ɔː n
mɔːntrɔːី	m ŭ ə n t r ə j
mɔːmɔːែ	m ɔ m ɛː
mɔːjɔːូrɔː	m ĕ ə ʔ j uː
mɔːhɑːាʋɔːិtjɔːាlɔː័jɔː	m ĕ ə ʔ h aː ʋ ɨ t tʰ j i ə l a j
mɔːាtɑː់	m ŏ ə t
mɔːិnɔː	m ɨ n
mɔːីkrɔːូʋɔː៉េʋɔː	m iː k r uː ʋ eː w
mɔːីnɔː	m iː n
mɔːីnɔːា	m iː n aː
mɔːីjɔː៉ាnɔː់mɔː៉ា	m iː j a n m aː
mɔːុkʰɑː	m u k
mɔːុnɔː	m u n
mɔːុmɔː	m u m
mɔːុំ	m u m
mɔːូtrɔː	m o u t
mɔːួkɑː	m u ə ʔ
mɔːួjɔː	m u ə j
mɔːើlɔː	m əː l
mɔːេsɑːɓɑːាlɔːី	m e i s a ʔ ɓ aː l iː
mɔːេsɑːា	m e i s aː
mɔːែkɑː	m ɛː k
mɔːោrɔːៈ	m oː r ĕ ə ʔ
mɔːំsɑːៈ	m ĕ ə ŋ s a ʔ
mɔː៉ាsɑːkɑː៍	m a h
mɔː៉ាssɑːា	m aː s s aː
mɔː៉ាlɑːាjɔːូ	m aː l aː j uː
mɔː៉ឺnɔː	m ə ɨ n
mɔː៉ូrɔːីsɑː	m o u r iː h
mɔː៉េtrɔːូ	m eː t r o u
mɔː៉ែtrɔː	m a e t
mɔː៉ោŋɔː	m a o ŋ
mcɑːាsɑː់	m c a h
mcɔːុlɔː	m c u l
mrɔːាmɔː	m r i ə m
mrɔːេcɑː	m r ɨ c
jɔːlɔː់	j ŭ ə l
jɔːsɑː	j u ə h
jɔːាnɔːɗtʰɑːាnɔː	j i ə n a ʔ tʰ aː n
jɔːុkɔːlɔːៈ	j u k ĕ ə ʔ l ĕ ə ʔ
jɔːុttɑːិ	j u t t e ʔ
jɔːុtʰkɑːា	j u t k aː
jɔːើŋɔː	j əː ŋ
jɔːោmɔːrɔːាcɔː	j oː m ĕ ə ʔ r i ə c
jɔːោlɔː	j oː l
jɔː៉ាŋɔː	j aː ŋ
rɔːkɑː	r ɔː ʔ
rɔːŋkɔːាcɔːីpɔː	r u ə ŋ k i ə c iː p
rɔːcɑːnɔːា	r a ʔ c a ʔ n aː
rɔːɗtʰɑː	r ŏ ə t
rɔːtɑː់	r ŭ ə t
rɔːtɔːccʰɑːេtɔːី	r ĕ ə ʔ t ĕ ə ʔ cʰ eː t iː
rɔːɓɑːsɑː់	r ɔ ɓ ɑ h
rɔːɓɑːsɑː់kʰɲɔːុំ	r ɔː ɓ ɑ h k ɲ o m
rɔːɓɑːាtɔː	r ɔ ɓ aː t
rɔːɓɑːាlɔː	r ɔ ɓ aː l
rɔːɓɑːៀɓɑː	r ɔ ɓ i ə p
rɔːsɑː់	r ŭ ə h
rɔːsmɔːី	r ĕ ə ʔ s m ə j
rɔːាksɑː័sɑː	r i ə kʰ s a h
rɔːាcɔːា	r i ə c i ə
rɔːាtrɔːី	r i ə t r ə j
rɔːាɓɑː	r i ə p
rɔːាmɔːɲɲɔː	r i ə m ɲ ɲ ɔː
rɔːុjɔː	r u j
rɔːួmɔː	r u ə m
rɔːេnɑːɓɑːtʰɑː	r eː n a ʔ ɓ ɑː t
rɔːៃ	r ɨ j
rɔːោŋɔː	r oː ŋ
rɔːោjɔː	r oː j
rɔːំlɔːោpʰɔː	r u m l oː p
rɔː៉ាɗɔːីjɔːោ	r aː ɗ iː j oː
lɔːkɑː់	l ŭ ə ʔ
lɔːɲcʰɑːkɑːrɔː	l a ɲ cʰ a ʔ k ɑː
lɔːាnɔː	l i ə n
lɔːាɓɑː់	l ŏ ə p
lɔːាʋɔː	l i ə w
lɔːី	l iː
lɔːីŋɔː	l iː ŋ
lɔːីɓɑːŋɔː់	l iː ɓ ɑ ŋ
lɔːីɓɑːេrɔːីjɔː៉ា	l iː ɓ eː r iː j aː
lɔːុtɑː	l u t
lɔːើkɑː	l əː k
lɔːេkʰɑː	l eː k
lɔːេɓɑː	l eː p
lɔːៃ	l ɨ j
lɔːោkɑː	l oː k
lɔːំʔɑː	l u m ʔ ɑː
lŋɔːŋɔː់	l ŋ ŭ ə ŋ
lɓɑːែŋɔː	l ɓ a e ŋ
lmɔːូnɔː	l m uː n
lʋɔːា	l ʋ i ə
ʋɔːkɑː	ʋ ɔː ʔ
ʋɔːkkɔː	ʋ ĕ ə ʔ
ʋɔːccɑː	ʋ ɑ c c a ʔ
ʋɔːnɑːិccɔːា	ʋ ĕ ə ʔ n ɨ c c i ə
ʋɔːɓɓɑːtʰɔːmɔː៌	ʋ ŏ ə p p a ʔ tʰ ŏ ə
ʋɔːា	ʋ i ə
ʋɔːាkjɔː	ʋ i ə ʔ j a ʔ
ʋɔːាkmɔːិnɔː	ʋ i ə ʔ m ɨ n
ʋɔːាlɔː	ʋ i ə l
ʋɔːាំŋɔː	ʋ ĕ ə ŋ
ʋɔːិkɑːាrɔː	ʋ i k aː
ʋɔːិcɑːាrɔːkɑːៈ	ʋ i c aː r a ʔ k a ʔ
ʋɔːិccʰɑːិkɑːា	ʋ ɨ c cʰ e k aː
ʋɔːិtʰɑːី	ʋ i tʰ ə j
ʋɔːិtʰɔːី	ʋ i tʰ iː
ʋɔːិrɔːាmɔː	ʋ i r i ə m
ʋɔːិhɑːាrɔː	ʋ i h i ə
ʋɔːីtɑːាmɔːីnɔː	ʋ iː t aː m iː n
ʋɔːីjɔːោlɑːុŋɔː	ʋ iː j o u l o ŋ
ʋɔːៀŋɔːcɑː័ntɔːnɔː៍	ʋ i ə ŋ c a n
ʋɔːេlɔːា	ʋ e i l i ə
ʋɔːែŋɔː	ʋ ɛː ŋ
ʋɔː៉ាlɔːីsɑː៍	ʋ aː l iː
ʋɔː៉ុlɔː	ʋ o l
sɑːkɑː់	s ɑ ʔ
sɑːŋkɑːាtɑː់	s ɑ ŋ k a t
sɑːŋkɑːេtɑː	s ɑ ŋ k eː t
sɑːŋkrɔːោះ	s ɑ ŋ k r ŭ ə h
sɑːŋkʰɔːឹmɔː	s ɑ ŋ kʰ ɨ m
sɑːcɔːnɔː	s a ʔ c ŭ ə n
sɑːtɑːិ	s a ʔ t e ʔ
sɑːntɔːnɔːា	s ɑ n t ĕ ə ʔ n i ə
sɑːntʰɔːិ	s ɑ n tʰ i ʔ
sɑːnnɔːិsɑːីtɔː	s ɑ n n i s ə t
sɑːɓtɑːិ	s ɑ p
sɑːpʋɔː	s ɑ p
sɑːmɗɑːេcɑː	s ɑ m ɗ a c
sɑːmɓɑːttɑːិ	s ɑ m ɓ a t
sɑːmmɔːtɑːិ	s ɑ m m a t
sɑːmrɔːាcɔː	s ɑ m r aː c
sɑːmrɔːាɓɑː់	s ɑ m r a p
sɑːmrɔːាmɔː	s ɑ m r aː m
sɑːmrɔːេcɑː	s ɑ m r ɨ c
sɑːmlɔːេŋɔː	s ɑ m l e i ŋ
sɑːrɔː	s ɑː
sɑːrɔːីrɔːៈ	s a ʔ r ə j r a ʔ
sɑːljɔː	s ɑ l j ĕ ə ʔ
sɑːʋɔː	s a ʔ ʋ a ʔ
sɑːhɑːpʰɔːាpɔː	s a ʔ h a ʔ pʰ i ə p
sɑːាkɑːាɗɑːូ	s aː k aː ɗ o u
sɑːាkɔːrɔː	s aː k ɔː
sɑːាnɔːmɔː៉ាrɔːីnɑːូ	s aː n m aː r iː n o u
sɑːាɓɑː៊ូ	s aː ɓ uː
sɑːាjɔːnhɑː	s aː j a n h ɑː
sɑːាlɔːា	s aː l aː
sɑːាsɑːnɔːា	s aː s n aː
sɑːាំŋɔː	s a ŋ
sɑːិttʰɔːិ	s ə t tʰ i ʔ
sɑːិlɓɑːៈ	s ə l l ə p a ʔ
sɑːីhɑːា	s ə j h aː
sɑːីhɑːៈ	s ə j h a ʔ
sɑːឺrɔː៉ាំŋɔː	s ə ɨ r a ŋ
sɑːុkʰɑː	s o k
sɑːុʋɔːttʰɑːិ	s o ʋ a t tʰ e ʔ
sɑːូɗɔːីjɔː៉ូmɔː	s o u ɗ iː j o u m
sɑːូtrɔː	s o u t
sɑːូʋɔːៀtɑː	s o u ʋ i ə t
sɑːួkɔː៌	s u ə
sɑːួrɔː	s u ə
sɑːើnɔː	s a ə n
sɑːៀmɔː	s i ə m
sɑːៀrɔː៉ាlɑːេʔɑːូnɔː	s i ə r aː l eː ʔ o u n
sɑːេɗtʰɑːkɑːិccɑː	s eː t tʰ a ʔ k ə c
sɑːេrɔːី	s eː r ə j
sɑːេrɔːីpʰɔːាpɔː	s eː r ə j pʰ i ə p
sɑːេʔɑː៊ូlɔː	s eː ʔ uː l
sɑːែnɔː	s a e n
sɑːំɗɑːី	s ɑ m ɗ ə j
sɑːំnɑːាkɑː	s ɑ m n aː ʔ
sɑːំnɑːាkɑː់	s ɑ m n a ʔ
sɑːំnɑːួrɔː	s ɑ m n u ə
sɑːំɓɑːុtrɔː	s ɑ m ɓ o t
sɑːំpɔːៅ	s ɑ m p ɨ w
sɑːំjɔːោkɔː	s a ŋ j oː k
sɑːំrɔːាkɑː	s ɑ m r aː ʔ
sɑːំrɔːឹttʰɔː	s ɑ m r ə t
sɑːំrɔːេkɑː	s ɑ m r eː k
sɑː៊ីɗɑːា	s iː ɗ aː
sɑː៊ីɓɑː	s iː p
sɑː៊ីmɔːɓɑːាʋɔː៉េ	s iː m ɓ aː ʋ eː
sɑː៊ូɗɑːŋɔː់	s uː ɗ ɑ ŋ
sɑː៊េɓɑː៊ី	s e i ɓ iː
sɑː័kɑː	s a ʔ
sɑː័ŋkɔːsɑːី	s a ŋ k a ʔ s ə j
sɑː័ptɔː	s a p
skɑːួjɔː	s k u ə j
sŋɔːួtɑː	s ŋ u ə t
sŋɔːោ	s ŋ a o
sɗɑːោះ	s ɗ ɑ h
stɑːŋɔː់	s t ɑ ŋ
stʰɑːិtɑːិ	s tʰ e t e ʔ
snɔːេhɑːា	s n a e h aː
smɔːŋɔː	s m ɑː ŋ
smɔːាnɔː់	s m a n
smɔːើ	s m a ə
smɔːៅ	s m a w
srɔːkɑːា	s r ɑ k aː
srɔːmɔːោcɑː	s r ɑ m a o c
srɔːlɑːាɲɔː់	s r ɑ l a ɲ
srɔːុkɑː	s r o k
srɔːុtɑː	s r o t
srɔːួlɔː	s r u ə l
slɔːាɓɑːprɔːា	s l aː p p r i ə
slɔːូʋɔːេnɔːី	s l o u ʋ e i n iː
sʋɔːាkɔːmɔːnɔː៍	s ʋ aː k u m
sʔɑːɓɑː់	s ʔ ɑ p
hɑːិnɗɔːី	h ə n ɗ iː
hɑːិrɔːɲɲɔːʋɔːttʰɑːុ	h e r a ɲ ɲ ĕ ə ʔ ʋ ŏ ə t tʰ o ʔ
hɑːុŋɔːkɑːុŋɔː	h o ŋ k o ŋ
hɑːូlɑːŋɔː់	h o u l ɑ ŋ
hɑːើjɔː	h a ə j
hɑːេtɑːុ	h a e t
hɑːេmɔːntɑː	h eː m ɑ n t a ʔ
hɑːែlɔː	h a e l
hɑːោrɔːាsɑːាstrɔː	h a o r aː s aː h
hɑː៊ុɓɑː	h u p
hkɔːាnɑːា	ɡ aː n aː
hnɔːាំŋɔː	n a ŋ
hmɔː	m ɑː
hʋɔːាំŋɔːlɑːŋɔː់	f a ŋ l ɑ ŋ
hʋrɔːŋkɑː	f r ɑ ŋ
hsɑːេrɔːុjɔːsɑːាlɑːឹmɔː	z eː r u j s aː l ə m
hsɑːំɓɑː៊ី	z ɑ m ɓ iː
lɑːtɑː	l ɑː t
lɑːាtɑːាំŋɔː	l aː t a ŋ
lɑːាnɔː	l aː n
lɑːាʋɔː	l aː w
lɑːុkɑːlɑːាkɑː់	l o k l a ʔ
lɑːូrɔːី	l o u r iː
ʔɑːkkɔːcɔːៈ	ʔ ɑ ʔ k ĕ ə ʔ c ĕ ə ʔ
ʔɑːkkɔːិ	ʔ a ʔ k i ʔ
ʔɑːkkɔːិsɑːnɔːី	ʔ a ʔ k i s a ʔ n iː
ʔɑːkkɔːី	ʔ a ʔ k i ʔ
ʔɑːkjɔːsɑːnɔːី	ʔ a ʔ k i s ɑː n iː
ʔɑːŋɔː់klɔːេsɑː	ʔ ɑ ŋ kʰ l e i h
ʔɑːŋkɑːtɑː់	ʔ ɑ ŋ k ɑ t
ʔɑːŋkɑːាlɔː់	ʔ ɑ ŋ k a l
ʔɑːŋkɔː	ʔ ɑ ŋ
ʔɑːŋkɔːrɔː	ʔ ɑ ŋ k ɔː
ʔɑːŋkɔːាrɔː	ʔ ɑ ŋ k i ə
ʔɑːŋsɑːា	ʔ ɑ ŋ s aː
ʔɑːɗtʰɑːkɑːrɔː	ʔ a t tʰ a ʔ k ɑː
ʔɑːtɑː់	ʔ ɑ t
ʔɑːttɑːpɔːlɔːិkɑː	ʔ a t t a ʔ p ŏ ə l l ɨ k
ʔɑːttʰɑːិpʰɔːាpɔː	ʔ a t tʰ e pʰ i ə p
ʔɑːnɔːិccɑː	ʔ a ʔ n ɨ c c a ʔ
ʔɑːnɔːុɲɲɔːាtɑː	ʔ a ʔ n u ɲ ɲ aː t
ʔɑːnɔːុssɑːាʋɔːrɔːីjɔː៍	ʔ a ʔ n u h s aː ʋ a ʔ r iː
ʔɑːntɑːៈ	ʔ ɑ n t a ʔ
ʔɑːpjɔːjɔː	ʔ a p j ĕ ə ʔ j ĕ ə ʔ
ʔɑːmpʰɔː័sɑː	ʔ ɑ m pʰ ŏ ə h
ʔɑːmrɔːsɑː់	ʔ ɑ m r ɑ h
ʔɑːjɔː	ʔ a ʔ j a ʔ
ʔɑːjjɔːkɑːា	ʔ a j j ĕ ə ʔ k aː
ʔɑːrɔː	ʔ ɑː
ʔɑːrɔːkɔːុnɑː	ʔ ɑ k u n
ʔɑːʋɔːkɑːាsɑː	ʔ a ʔ ʋ ĕ ə ʔ k aː h
ʔɑːsɑːŋhɑːាrɔːិmɔː	ʔ a ʔ s ɑ ŋ h aː r ɨ m
ʔɑːsɑːុrɔːា	ʔ a ʔ s o r aː
ʔɑːsɑːុrɔːី	ʔ a ʔ s o r ə j
ʔɑːាkɑːtɔːិkɑː	ʔ aː ʔ t ɨ k
ʔɑːាkɑːrɔː	ʔ aː k ɑː
ʔɑːាkɑːាsɑː	ʔ aː k aː h
ʔɑːាknɔːេjɔː៍	ʔ aː kʰ n eː
ʔɑːាcɑːmɔː៍	ʔ a c
ʔɑːាpɔːុkɑː	ʔ aː p u k
ʔɑːាmɔːេnɔːី	ʔ aː m e i n iː
ʔɑːាjɔːlɑːែnɔː	ʔ aː j l a e n
ʔɑːាjɔː័tɑː	ʔ aː j a t
ʔɑːាrɔːkkʰɑː	ʔ aː r a ʔ
ʔɑːាrɔːksɑː	ʔ aː r a ʔ
ʔɑːាrɔːmmɔːnɑː៍	ʔ aː r ɑ m
ʔɑːាrɔː៉ាɓɑː់	ʔ aː r a p
ʔɑːាʋɔː	ʔ aː w
ʔɑːាsɑː៊ី	ʔ aː z iː
ʔɑːាsɑː៊ែɓɑːៃhsɑːŋɔː់	ʔ aː s ɛː ɓ a j z ɑ ŋ
ʔɑːាhʋɔːhkɔːាnɔːីstʰɑːាnɔː	ʔ aː f ɡ aː n iː s tʰ aː n
ʔɑːាhʋrɔːិkɑː	ʔ aː f r ɨ k
ʔɑːី	ʔ ə j
ʔɑːូɓɑː៉ាlɔː័rɔː	ʔ o u p aː l ɔ ə
ʔɑːូrɔː	ʔ o u
ʔɑːូsɑːេʔɑːាnɔːី	ʔ o u s eː ʔ aː n iː
ʔɑːៀrɔːlɑːŋɔː់	ʔ i ə l ɑ ŋ
ʔɑːេlɔːីkɑːុɓɑːtɔːែrɔː	ʔ eː l iː k o p t ɛː
ʔɑːេstɑːូnɔːី	ʔ eː s t o u n iː
ʔɑːេsɓɑː៉ាɲɔː	ʔ eː s p aː ɲ
ʔɑːំnɑːាcɑː	ʔ ɑ m n aː c
ʔɑːំnɑːោjɔː	ʔ ɑ m n a o j
ʔɑː៊ីɗrɔːូkɑːាɓɑːូ	ʔ iː t r o u k aː ɓ o u
ʔɑː៊ីrɔː៉ŋɔː់	ʔ iː r ɑ ŋ
ʔɑː៊ីrɔː៉ាkɑː់	ʔ iː r a ʔ
ʔɑː៊ុjɔːkrɔːែnɔː	ʔ u j k r a e n
ʔɑː៊ូɓɑːេkɔːីstʰɑːាnɔː	ʔ uː ɓ eː k iː s tʰ aː n
ʔnɔːkɑː	n ĕ ə ʔ
ʔʋɔːី	ʔ a ʔ ʋ ə j
ឥnɗɔːូnɔːេsɑː៊ី	ʔ ə n ɗ uː n e i s iː
ឥtɑː	ʔ ə t
ឥntrɔːិjɔː	ʔ ə n t r iː
ឥrɔːា	ʔ i r aː
ឥslɔːាmɔː	ʔ i h s l aː m
ឧɗɑːុŋkɔː	ʔ u ɗ o ŋ
ឧttɑːrɔː	ʔ u t ɗ ɑː
ឧtjɔːាnɔː	ʔ u t tʰ j i ə n
ឧɓɑːccʰɔːា	ʔ u p a c cʰ i ə
ឧɓɑːccʰɔːាjɔː៍	ʔ u p a c cʰ i ə
ឧɓɑːtʋɔːីɓɑː	ʔ u p a t tʰ ʋ iː p
ឧɓɑːrɔːាcɔː	ʔ u p a ʔ r aː c
ឧɓɓɑːាtɔːtʰɔːmɔː៌	ʔ u p ɓ aː t ĕ ə ʔ tʰ ŏ ə
ឧsɑːpʰɔːា	ʔ o s a ʔ pʰ i ə
ឪpɔːុkɑː	ʔ ə w p u k
ឯkɑːrɔːាcɔː	ʔ a e k a ʔ r i ə c
ឯkɑːrɔːាcjɔː	ʔ a e k a ʔ r i ə c
ឯkɑːsɑːាrɔː	ʔ a e k a ʔ s aː
ឯkɑːាtʰɔːិkɑːmmɔː	ʔ a e k aː tʰ i k a m
ឯŋɔː	ʔ a e ŋ
ឱstʰɑː	ʔ a o h
ឲ្jɔː	ʔ a o j
ឳpɔːុkɑː	ʔ ə w p u k
