dɛmɔkrɑtɪʈ͡ʂnɔ	d ɪ m ɔ k r ɛ t ɪ t͡ʃ n ɔ
sɑmɔbutnʲij	s ɛ m ɔ b u tʲ nʲ i i
sɑtɑnɑ	s ɛ t ɛ n ɑ
ɑfɦɑnsʲkɪj	ɛ f ɦ ɑ nʲ sʲ k ɪ i
lʲit	lʲ i t
ɑvtɔbusnɑ	ɛ u t ɔ b u s n ɛ
ʂʈ͡ʂɔkɔu	ʃ t͡ʃ ɔ k ɔ j u
ɔlɛnɪnɑ	ɔ ɫ ɪ n ɪ n ɛ
kɔsmɔdrɔm	k ɔ s m ɔ d r ɔ m
pɔstupku	p ɔ s t u p k u
ɔznɑjɔmlɛnnʲɑ	ɔ z n ɛ j ɔ m ɫ ɪ nʲ ɛ
druɦɪj	d r u ɦ ɪ i
sviʈ͡ʂɑ	sʲ ʋ i t͡ʃ ɛ
kɑpitɑl	k ɛ p i t ɑ ɫ
im'ɑ	i m j ɛ
nɑsɔlɔdɪtɪsʲɑ	n ɛ s ɔ ɫ ɔ d ɪ t ɪ sʲ ɛ
ʈ͡ʂɔrt	t͡ʃ ɔ r t
kɑplɪt͡sʲi	k ɛ p ɫ ɪ t͡sʲ i
pɛrɛvɪxɔvɑtɪ	p ɪ r ɪ ʋ ɪ x ɔ ʋ ɛ t ɪ
svɔɑk	s ʋ ɔ j ɑ k
nɛzɑlɛʐnɔstɪ	n ɪ z ɛ ɫ ɛ ʒ n ɔ s t ɪ
dɔsʲɑɦnɛnnʲɑ	d ɔ sʲ ɑ ɦ n ɪ nʲ ɛ
idɛɑlʲnɪj	i d ɪ ɑ lʲ n ɪ i
zɑvdʲɑkɪ	z ɛ u dʲ ɛ k ɪ
tunɛlʲɑx	t u n ɛ lʲ ɛ x
ɔbɦɔvɔrʲuvɑtɪ	ɔ b ɦ ɔ ʋ ɔ rʲ u ʋ ɛ t ɪ
lɑkrɔs	ɫ ɛ k r ɔ s
zɑnɔtuvɑtɪ	z ɛ n ɔ t u ʋ ɑ t ɪ
ɛpɔxɪ	ɪ p ɔ x ɪ
nɛprɪjnʲɑtnɪj	n ɪ p r ɪ i nʲ ɛ t n ɪ i
prɪʈ͡ʂɪnnɪj	p r ɪ t͡ʃ ɪ n ɪ i
ʂʈ͡ʂɔtɪʐnɛvɪj	ʃ t͡ʃ ɔ t ɪ ʒ n ɛ ʋ ɪ i
kɑpitulʲuvɑtɪ	k ɛ p i t u lʲ u ʋ ɑ t ɪ
prɔtɪtɑnkɔvɪj	p r ɔ t ɪ t ɑ n k ɔ ʋ ɪ i
trɑktɔr	t r ɑ k t ɔ r
kɔnflʲikt	k ɔ n f lʲ i k t
lɛbɛdɪnɪj	ɫ ɪ b ɪ d ɪ n ɪ i
pʂɛnɪt͡sʲɑ	p ʃ ɪ n ɪ t͡sʲ ɛ
krɑb	k r ɑ b
nɛdɔstupnɪj	n ɪ d ɔ s t u p n ɪ i
rɔzzbrɔuvɑtɪ	r ɔ z b r ɔ j u ʋ ɛ t ɪ
klɑviɑtur	k ɫ ɛ ʋ i ɛ t u r
trɔtuɑrɪ	t r ɔ t u ɑ r ɪ
izrɑjilʲtʲɑnɪn	i z r ɛ j i lʲ tʲ ɑ n ɪ n
ʈ͡ʂudɔvɪsʲkɔ	t͡ʃ u d ɔ ʋ ɪ sʲ k ɔ
ustɑ	u s t ɑ
rɔzpɔʈ͡ʂɑtɪ	r ɔ z p ɔ t͡ʃ ɑ t ɪ
dɪnɑmikɑ	d ɪ n ɑ m i k ɛ
ɦɔspitɑlʲizɑt͡sʲiɑ	ɦ ɔ sʲ p i t ɛ lʲ i z ɑ t͡sʲ i j ɛ
ɑfrɪkɑnɛt͡sʲ	ɛ f r ɪ k ɑ n ɪ t͡sʲ
pɔvistʲ	p ɔ ʋ i sʲ tʲ
ɦirsʲkɪj	ɦ i r sʲ k ɪ i
ɔstɑtɔʈ͡ʂnɪj	ɔ s t ɛ t ɔ t͡ʃ n ɪ i
pɔɦnɑtɪ	p ɔ ɦ n ɑ t ɪ
sʲirɪj	sʲ i r ɪ i
pɔkɑrɑnʲ	p ɔ k ɛ r ɑ nʲ
pɔʂɪrɪtɪ	p ɔ ʃ ɪ r ɪ t ɪ
plʲivkɑ	p lʲ i u k ɛ
pɔlʲit͡sʲiɑx	p ɔ lʲ i t͡sʲ i j ɛ x
pɔtvɔrnɪj	p ɔ t ʋ ɔ r n ɪ i
mɔtɔt͡sɪkl	m ɔ t ɔ t͡s ɪ k ɫ
pɔstupkɪ	p ɔ s t u p k ɪ
pɔzbɑvlʲɑtɪ	p ɔ z b ɛ u lʲ ɑ t ɪ
vɪsnɑʐuvɑtɪ	ʋ ɪ s n ɑ ʒ u ʋ ɛ t ɪ
smɛrtɔnɔsnɪj	s m ɪ r t ɔ n ɔ s n ɪ i
ɦlɑvɑ	ɦ ɫ ɛ ʋ ɑ
rɔzdʲil	r ɔ zʲ dʲ i ɫ
pɔzdɔrɔvlʲɑtɪ	p ɔ z d ɔ r ɔ u lʲ ɑ t ɪ
dɔrɔɦɑ	d ɔ r ɔ ɦ ɛ
ɑnɑlʲizuvɑtɪ	ɛ n ɛ lʲ i z u ʋ ɑ t ɪ
ilʲuzʲiɑ	i lʲ u zʲ i j ɛ
pɛrsɔnɑlʲnɪj	p ɪ r s ɔ n ɑ lʲ n ɪ i
kɔrɔnɑvirus	k ɔ r ɔ n ɛ ʋ i r u s
zɑspɔkijlɪvɪj	z ɛ s p ɔ k i i ɫ ɪ ʋ ɪ i
dɛv'ɑnɔstɪj	d ɪ ʋ j ɛ n ɔ s t ɪ i
vstupɑtɪ	ʋ s t u p ɑ t ɪ
vɪbɪrɑtɪ	ʋ ɪ b ɪ r ɑ t ɪ
zɑruʈ͡ʂɑtɪ	z ɛ r u t͡ʃ ɑ t ɪ
pɔmɪrɑtɪ	p ɔ m ɪ r ɑ t ɪ
prɔmɔvlʲɑtɪ	p r ɔ m ɔ u lʲ ɑ t ɪ
mikrɔskɔp	m i k r ɔ s k ɔ p
spivrɔbitnɪk	sʲ p i u r ɔ b i t n ɪ k
nɔminɑlʲnɪj	n ɔ m i n ɑ lʲ n ɪ i
prɪbiʈ͡ʂnɪt͡sʲɑ	p r ɪ b i t͡ʃ n ɪ t͡sʲ ɛ
dɛnʲ	d ɛ nʲ
z'ɑsuvɑtɪ	z j ɛ s u ʋ ɑ t ɪ
virtuɑlʲnɪj	ʋ i r t u ɑ lʲ n ɪ i
pɛrɛsʲiʈ͡ʂnɪj	p ɪ r ɪ sʲ i t͡ʃ n ɪ i
spivisnuvɑnnʲɑ	sʲ p i ʋ i s n u ʋ ɑ nʲ ɛ
mɛlɔdʲiɑm	m ɪ ɫ ɔ dʲ i j ɛ m
vidɔkrɛmɪtɪ	ʋ i d ɔ k r ɛ m ɪ t ɪ
prɔt͡sɛdurnɪj	p r ɔ t͡s ɪ d u r n ɪ i
ɑllɔ	ɛ ɫ ɔ
ɦipɔtɛzɑ	ɦ i p ɔ t ɪ z ɛ
rɔzv'ɑzuvɑtɪ	r ɔ z ʋ j ɑ z u ʋ ɛ t ɪ
tʲi	tʲ i
ɑntɪdɔt	ɛ n t ɪ d ɔ t
mɔvɔznɑvɛt͡sʲ	m ɔ ʋ ɔ z n ɑ ʋ ɪ t͡sʲ
zɑbɔbɔn	z ɛ b ɔ b ɔ n
ɔrɛndɑ	ɔ r ɛ n d ɛ
ɛtɑp	ɪ t ɑ p
pɔvikɪ	p ɔ ʋ i k ɪ
ɑvstrɔmɑrksɪst	ɛ u s t r ɔ m ɛ r k s ɪ s t
ɛtɪkɑ	ɛ t ɪ k ɛ
bɔlɦɑrɪn	b ɔ ɫ ɦ ɑ r ɪ n
pɔstɑtʲ	p ɔ s t ɛ tʲ
milʲjɔn	m i lʲ j ɔ n
ʂʈ͡ʂi	ʃ t͡ʃʲ i
lɑvɑndɔvɪj	ɫ ɛ ʋ ɑ n d ɔ ʋ ɪ i
ʂvɛdsʲkɪj	ʃ ʋ ɛ d͡zʲ sʲ k ɪ i
ɔt͡sɪmɪ	ɔ t͡s ɪ m ɪ
vʈ͡ʂɪtɛlʲ	ʋ t͡ʃ ɪ t ɪ lʲ
bɛzʐurnɪj	b ɪ ʒ u r n ɪ i
xɔtʲitɪsʲɑ	x ɔ tʲ i t ɪ sʲ ɛ
slɪnɑ	s ɫ ɪ n ɛ
vɑrʲiɑntɑmɪ	ʋ ɛ rʲ i ɑ n t ɛ m ɪ
vidʈ͡ʂutɪ	ʋ i d͡ʒ t͡ʃ u t ɪ
pɛrlɪnɑ	p ɪ r ɫ ɪ n ɛ
rɛlʲiɦijnɪj	r ɪ lʲ i ɦ i i n ɪ i
stɑtʲ	s t ɑ tʲ
strɪmɑtɪ	s t r ɪ m ɛ t ɪ
vɪprɔmɛnɪtɪ	ʋ ɪ p r ɔ m ɪ n ɪ t ɪ
nɑɦrɔmɑdʐuvɑtɪ	n ɛ ɦ r ɔ m ɑ d͡ʒ u ʋ ɛ t ɪ
kɔrʲinʲ	k ɔ rʲ i nʲ
klɑsɔvɪj	k ɫ ɑ s ɔ ʋ ɪ i
vɔrɔtɑ	ʋ ɔ r ɔ t ɛ
j	j
dɪvnɪj	d ɪ u n ɪ i
vidpɔʈ͡ʂɪvɑtɪ	ʋ i d p ɔ t͡ʃ ɪ ʋ ɑ t ɪ
ʐɔdnɪj	ʒ ɔ d n ɪ i
zmɔvɑ	z m ɔ ʋ ɛ
viddɑnɪj	ʋ i d ɛ n ɪ i
tɛplɔtɑ	t ɪ p ɫ ɔ t ɑ
xrɛst	x r ɛ s t
ɔvid	ɔ ʋ i d
kɔzɛl	k ɔ z ɛ ɫ
bɔrʂʈ͡ʂ	b ɔ r ʃ t͡ʃ
rɔdʲillʲɑ	r ɔ dʲ i lʲ ɛ
pɛrʲiɔdɪzɑt͡sʲiɑm	p ɪ rʲ i ɔ d ɪ z ɑ t͡sʲ i j ɛ m
ɔrɦɑnʲiʈ͡ʂnɑ	ɔ r ɦ ɛ nʲ i t͡ʃ n ɛ
vɪrʲiznʲɑtɪsʲɑ	ʋ ɪ rʲ i zʲ nʲ ɑ t ɪ sʲ ɛ
drʲiʐdʐi	dʲ rʲ i ʒ d͡ʒ i
krɪklɪvɪj	k r ɪ k ɫ ɪ ʋ ɪ i
vɪmɪkɑtɪ	ʋ ɪ m ɪ k ɑ t ɪ
uɔsɔbɪtɪ	u ɔ s ɔ b ɪ t ɪ
vɪdɑtnɪj	ʋ ɪ d ɛ t n ɪ i
intɛnsɪvnʲistʲ	i n t ɪ n s ɪ u nʲ i sʲ tʲ
tɔʂʈ͡ʂɔ	t ɔ ʃ t͡ʃ ɔ
pɔvsʲudnɪj	p ɔ u sʲ u d n ɪ i
pɛrɛzɑpɪsɑtɪ	p ɪ r ɪ z ɛ p ɪ s ɑ t ɪ
fɛɛ	f ɛ j ɪ
mɛnʂɛ	m ɛ n ʃ ɪ
ʈ͡ʂɑrʲivnɪk	t͡ʃ ɛ rʲ i u n ɪ k
zɪmɔvɪj	z ɪ m ɔ ʋ ɪ i
lɑmɑtɪ	ɫ ɛ m ɑ t ɪ
zɑrɑ	z ɑ r ɛ
nɑukɔvɪj	n ɛ u k ɔ ʋ ɪ i
ɑviɑpidʐɪvlɛnnʲɑ	ɛ ʋ i ɛ p i d͡ʒ ɪ u ɫ ɪ nʲ ɛ
prɪnɪzɪtɪ	p r ɪ n ɪ z ɪ t ɪ
brɛst	b r ɛ s t
jɑpɔnʲiɛ	j ɛ p ɔ nʲ i j ɪ
dɪktɑtɔr	d ɪ k t ɑ t ɔ r
ʂɛstɪɦrɑnnɪk	ʃ ɪ s t ɪ ɦ r ɑ n ɪ k
ɑviɑpɑsɑʐɪr	ɛ ʋ i ɛ p ɛ s ɛ ʒ ɪ r
bɛlʲɦijsʲkɪj	b ɪ lʲ ɦ i i sʲ k ɪ i
lɛɦɛnʲɑ	ɫ ɪ ɦ ɛ nʲ ɛ
sʲudɪ	sʲ u d ɪ
ɔxɔpɪtɪ	ɔ x ɔ p ɪ t ɪ
ʂɪnɔk	ʃ ɪ n ɔ k
trɑɦiʈ͡ʂnɪj	t r ɛ ɦ i t͡ʃ n ɪ i
vkus	ʋ k u s
brɛxnʲɑmɪ	b r ɛ x nʲ ɛ m ɪ
vɪsɔkɔsnɪj	ʋ ɪ s ɔ k ɔ s n ɪ i
blɔkɑdɔu	b ɫ ɔ k ɑ d ɔ j u
trɑv'ɑnɪj	t r ɛ ʋ j ɛ n ɪ i
zɑɑvɪtɪ	z ɛ j ɛ ʋ ɪ t ɪ
birʐɑ	b i r ʒ ɛ
pinɪstɪj	p i n ɪ s t ɪ i
ʂʈ͡ʂɔku	ʃ t͡ʃ ɔ k u
vidvɑʐnɪj	ʋ i d ʋ ɑ ʒ n ɪ i
bɔjkɔ	b ɔ i k ɔ
tɛxnɔkrɑtɪʈ͡ʂnɪj	t ɪ x n ɔ k r ɛ t ɪ t͡ʃ n ɪ i
mɪxɑjlɔ	m ɪ x ɑ i ɫ ɔ
upɑstɪ	u p ɑ s t ɪ
tɑɛmnɪt͡sʲɑmɪ	t ɛ j ɪ m n ɪ t͡sʲ ɛ m ɪ
kɔmpɑktnɪj	k ɔ m p ɑ k t n ɪ i
ɛpidɛmiɔlɔɦiɑ	ɪ p i d ɪ m i ɔ ɫ ɔ ɦ i j ɛ
strɑx	s t r ɑ x
rɛʈ͡ʂi	r ɛ t͡ʃʲ i
spɔʐɪvʈ͡ʂɪj	s p ɔ ʒ ɪ u t͡ʃ ɪ i
skɑrʐɪtɪsʲɑ	s k ɑ r ʒ ɪ t ɪ sʲ ɛ
biɔlɔɦiɑ	b i ɔ ɫ ɔ ɦ i j ɛ
kɔxɑnɪj	k ɔ x ɛ n ɪ i
vɔdɔsxɔvɪʂʈ͡ʂɛ	ʋ ɔ d ɔ s x ɔ ʋ ɪ ʃ t͡ʃ ɪ
ɑtɛjistɪʈ͡ʂnɪj	ɛ t ɪ j i s t ɪ t͡ʃ n ɪ i
zvidkɪsʲ	zʲ ʋ i d k ɪ sʲ
lɪpɑ	ɫ ɪ p ɛ
stʲinɑ	sʲ tʲ i n ɑ
klɑstɪ	k ɫ ɑ s t ɪ
mɪslɪtɪ	m ɪ s ɫ ɪ t ɪ
ɑbrɔɦɑt͡sʲiɑ	ɛ b r ɔ ɦ ɑ t͡sʲ i j ɛ
dʐɦut	d͡ʒ ɦ u t
ɦlɛk	ɦ ɫ ɛ k
dɔsʲɛ	d ɔ sʲ j ɛ
vulɪt͡sʲɑ	ʋ u ɫ ɪ t͡sʲ ɛ
ɛvɔlʲut͡sʲiɔnuvɑtɪ	ɪ ʋ ɔ lʲ u t͡sʲ i ɔ n u ʋ ɑ t ɪ
t͡snɔtlɪvɪj	t͡s n ɔ t ɫ ɪ ʋ ɪ i
ɔrɦɑnʲizɑt͡sʲiɛ	ɔ r ɦ ɛ nʲ i z ɑ t͡sʲ i j ɪ
dɔbuvɑtɪ	d ɔ b u ʋ ɑ t ɪ
pɛrɛmɪr'ɑ	p ɪ r ɪ m ɪ r j ɛ
splɑʈ͡ʂuvɑtɪ	s p ɫ ɑ t͡ʃ u ʋ ɛ t ɪ
rɛstɔrɑn	r ɪ s t ɔ r ɑ n
mrʲiɑmɪ	m rʲ i j ɛ m ɪ
pɑuzu	p ɑ u z u
ɛmiɦruvɑtɪ	ɪ m i ɦ r u ʋ ɑ t ɪ
nɑjmɑtɪ	n ɛ i m ɑ t ɪ
pɔʈ͡ʂɑtɪ	p ɔ t͡ʃ ɑ t ɪ
mikrɔfɔn	m i k r ɔ f ɔ n
ɦrɑnɪt͡sʲɑ	ɦ r ɛ n ɪ t͡sʲ ɛ
bɪdlɔ	b ɪ d ɫ ɔ
pirɑmidɑ	p i r ɛ m i d ɛ
bɛrɛ	b ɪ r ɛ
xɛrsɔn	x ɪ r s ɔ n
lɛɦitɪmɑt͡sʲiɑ	ɫ ɪ ɦ i t ɪ m ɑ t͡sʲ i j ɛ
rukɔu	r u k ɔ j u
blɑɦɪj	b ɫ ɛ ɦ ɪ i
pɔzɑzɛmnɪj	p ɔ z ɛ z ɛ m n ɪ i
buvɑtɪ	b u ʋ ɑ t ɪ
rɔslɪnɑ	r ɔ s ɫ ɪ n ɛ
dɪtsɑdkiv	d ɪ t͡s ɛ dʲ k i u
rɛvɔlʲut͡sʲiɑ	r ɪ ʋ ɔ lʲ u t͡sʲ i j ɛ
firmɑ	f i r m ɛ
rɛjtuzɪ	r ɪ i t u z ɪ
lɛɦɛnɛvɪj	ɫ ɪ ɦ ɪ n ɛ ʋ ɪ i
kɑʂtɑn	k ɛ ʃ t ɑ n
pidvɪʂʈ͡ʂuvɑtɪ	p i d ʋ ɪ ʃ t͡ʃ u ʋ ɛ t ɪ
splɑnuvɑtɪ	s p ɫ ɛ n u ʋ ɑ t ɪ
mɔvɪtɪ	m ɔ ʋ ɪ t ɪ
turnʲir	t u r nʲ i r
pɛsɪmistɪʈ͡ʂnɪj	p ɪ s ɪ m i s t ɪ t͡ʃ n ɪ i
t͡sɛrkɔvnɪj	t͡s ɪ r k ɔ u n ɪ i
ʂɑpɔvɑl	ʃ ɛ p ɔ ʋ ɑ ɫ
pidxɔʐɪj	p i d x ɔ ʒ ɪ i
pɛrɛɔrʲiɛntuvɑtɪ	p ɪ r ɪ ɔ rʲ i j ɪ n t u ʋ ɑ t ɪ
vidsvɑtkuvɑtɪ	ʋ i d͡z sʲ ʋ ɛ t k u ʋ ɑ t ɪ
trɪɦlʲit͡sɛrɪd	t r ɪ ɦ lʲ i t͡s ɪ r ɪ d
bɛzpɛrɛbijnɪj	b ɪ z p ɪ r ɪ b i i n ɪ i
pisnʲɑ	p i sʲ nʲ ɛ
pɔrtfɛlʲɑx	p ɔ r t f ɛ lʲ ɛ x
vɛlɔsɪpɛd	ʋ ɪ ɫ ɔ s ɪ p ɛ d
kɔnʈ͡ʂɪnɑ	k ɔ n t͡ʃ ɪ n ɛ
mifɔlɔɦiɑ	m i f ɔ ɫ ɔ ɦ i j ɛ
dɔmɑʂnʲɛ	d ɔ m ɑ ʃ nʲ ɪ
rɔmɑn	r ɔ m ɑ n
pɑtrʲiɔtɪzmi	p ɛ tʲ rʲ i ɔ t ɪ zʲ m i
ɑviɑtrɑsɑ	ɛ ʋ i ɛ t r ɑ s ɛ
pɔrʲivnʲɑnnʲɑ	p ɔ rʲ i u nʲ ɑ nʲ ɛ
stɑbilʲnɪj	s t ɛ b i lʲ n ɪ i
prɪbiʈ͡ʂnɪk	p r ɪ b i t͡ʃ n ɪ k
vidvɑɦɑ	ʋ i d ʋ ɑ ɦ ɛ
zɦɔdnɪj	z ɦ ɔ d n ɪ i
ɦɛrt͡sɔɦɪnʲɑ	ɦ ɪ r t͡s ɔ ɦ ɪ nʲ ɛ
ɑkul	ɛ k u ɫ
ɦɔnɪ	ɦ ɔ n ɪ
rɪbɑ	r ɪ b ɛ
vidrʲiznʲɑtɪsʲɑ	ʋ i dʲ rʲ i zʲ nʲ ɑ t ɪ sʲ ɛ
nɑviɦɑt͡sʲijnɪj	n ɛ ʋ i ɦ ɛ t͡sʲ i i n ɪ i
ruʂnɪt͡sʲɑ	r u ʃ n ɪ t͡sʲ ɛ
ɑfɦɑnʲistɑn	ɛ f ɦ ɛ nʲ i s t ɑ n
ɔsviʐɪtɪ	ɔ sʲ ʋ i ʒ ɪ t ɪ
pɛrɛvɑɦɑ	p ɪ r ɪ ʋ ɑ ɦ ɛ
ɑrʲistɔtɛlʲ	ɛ rʲ i s t ɔ t ɪ lʲ
kvɑdrɑtnɪj	k ʋ ɛ d r ɑ t n ɪ i
vɪbɪrɑtɪsʲɑ	ʋ ɪ b ɪ r ɑ t ɪ sʲ ɛ
zmɑɦɑtɪsʲɑ	z m ɛ ɦ ɑ t ɪ sʲ ɛ
ɑbsɔlʲutnɔ	ɛ b s ɔ lʲ u t n ɔ
dɔvɔɛnnɪj	d ɔ ʋ ɔ j ɛ n ɪ i
rʲiznɔmɑnʲitnɪj	rʲ i z n ɔ m ɛ nʲ i t n ɪ i
zlɔʈ͡ʂɪnɛt͡sʲ	z ɫ ɔ t͡ʃ ɪ n ɪ t͡sʲ
vɛrɛtɛnɔ	ʋ ɪ r ɪ t ɛ n ɔ
pɔstʲijnɔ	p ɔ sʲ tʲ i i n ɔ
bruxt	b r u x t
zvɛrnɛnnʲɑ	z ʋ ɛ r n ɪ nʲ ɛ
mɛvɑ	m ɛ ʋ ɛ
vnɑslʲidɔk	ʋ n ɑ sʲ lʲ i d ɔ k
druɦɔvi	d r u ɦ ɔ ʋ i
fɛɑx	f ɛ j ɛ x
ʈ͡ʂvɛrtʲi	t͡ʃ ʋ ɛ r tʲ i
kɪʂɛnʲkɔvi	k ɪ ʃ ɪ nʲ k ɔ ʋ i
dɪvizʲiɑx	d ɪ ʋ i zʲ i j ɛ x
t͡sʲikɑvɪj	t͡sʲ i k ɑ ʋ ɪ i
krɪtɛrʲiɑm	k r ɪ t ɛ rʲ i j ɛ m
ɑɛrɔskɔpiɑ	ɛ ɪ r ɔ s k ɔ p i j ɛ
zɑvɛrʂɛnnʲɑ	z ɛ ʋ ɛ r ʃ ɪ nʲ ɛ
vilʲnɔdumɛt͡sʲ	ʋ i lʲ n ɔ d u m ɪ t͡sʲ
sklɔvɪdnɪj	s k ɫ ɔ ʋ ɪ d n ɪ i
dɔviʈ͡ʂnɪj	d ɔ ʋ i t͡ʃ n ɪ i
nɪrkɑ	n ɪ r k ɛ
kɔvzkɪj	k ɔ u z k ɪ i
dɔbrɔʈ͡ʂɛsnɪj	d ɔ b r ɔ t͡ʃ ɛ s n ɪ i
ɔbstɛʐuvɑtɪ	ɔ b s t ɛ ʒ u ʋ ɛ t ɪ
tɑnt͡sʲuvɑtɪ	t ɛ nʲ t͡sʲ u ʋ ɑ t ɪ
ɔpɪtɑtɪ	ɔ p ɪ t ɑ t ɪ
rɑdɪ	r ɑ d ɪ
slɪmɑk	s ɫ ɪ m ɑ k
zɛlɛn	z ɛ ɫ ɪ n
ɛpɔx	ɪ p ɔ x
rumunsʲkɪj	r u m u nʲ sʲ k ɪ i
ɦrʲiznɪj	ɦ rʲ i z n ɪ i
sɪtuɑt͡sʲiɑx	s ɪ t u ɑ t͡sʲ i j ɛ x
bɛzʐɑlʲnɪj	b ɪ ʒ ɑ lʲ n ɪ i
tɑkɑ	t ɛ k ɑ
drɑmɑturɦiʈ͡ʂnɪj	d r ɛ m ɛ t u r ɦ i t͡ʃ n ɪ i
ɑvtɔvlɑsnɪk	ɛ u t ɔ u ɫ ɑ s n ɪ k
ukrɑjinsʲkɪmɪ	u k r ɛ j i nʲ sʲ k ɪ m ɪ
ɦɔrɔd	ɦ ɔ r ɔ d
unʲikɑlʲnɪj	u nʲ i k ɑ lʲ n ɪ i
spɔʐɪvɑnnʲɑ	s p ɔ ʒ ɪ ʋ ɑ nʲ ɛ
pɔsud	p ɔ s u d
nɑs	n ɑ s
dʲiɑfrɑɦmɑmɪ	dʲ i ɛ f r ɑ ɦ m ɛ m ɪ
krɪtɪkuvɑtɪ	k r ɪ t ɪ k u ʋ ɑ t ɪ
bɔlnɪt͡sʲɑ	b ɔ ɫ n ɪ t͡sʲ ɛ
prɪvitɑtɪ	p r ɪ ʋ i t ɑ t ɪ
vɔrɔʐnɛʈ͡ʂɑ	ʋ ɔ r ɔ ʒ n ɛ t͡ʃ ɛ
nɛdɔɔt͡sʲinʲuvɑtɪ	n ɪ d ɔ ɔ t͡sʲ i nʲ u ʋ ɛ t ɪ
stʲilɛt͡sʲ	sʲ tʲ i ɫ ɛ t͡sʲ
turɪzm	t u r ɪ z m
ɑlbɑnʲiɑ	ɛ ɫ b ɑ nʲ i j ɛ
ɦlʲid	ɦ lʲ i d
mɛdɪtɑt͡sʲiɑ	m ɪ d ɪ t ɑ t͡sʲ i j ɛ
dʲiɑfrɑɦmi	dʲ i ɛ f r ɑ ɦ m i
zɑsnɔvnɪk	z ɛ s n ɔ u n ɪ k
sklɔ	s k ɫ ɔ
dɔʂkɑx	d ɔ ʃ k ɛ x
kilʲt͡sɛ	k i lʲ t͡s ɛ
izumrudnɪj	i z u m r u d n ɪ i
kɛlɪx	k ɛ ɫ ɪ x
ɑntɪbiɔtɪkɪ	ɛ n t ɪ b i ɔ t ɪ k ɪ
suknʲɑ	s u k nʲ ɛ
kɪʂɛnʲɑx	k ɪ ʃ ɛ nʲ ɛ x
rɑdʲistʲ	r ɑ dʲ i sʲ tʲ
pɔrtfɛlʲɑ	p ɔ r t f ɛ lʲ ɛ
mɔʐnɑ	m ɔ ʒ n ɛ
rʲiznɔmɑnʲittʲɑ	rʲ i z n ɔ m ɛ nʲ i tʲ ɛ
ɑmbit͡sʲiɑ	ɛ m b i t͡sʲ i j ɛ
rɔdzɪnkɑ	r ɔ d͡z ɪ n k ɛ
nɛnɑrɔdʐɛnɪj	n ɪ n ɛ r ɔ d͡ʒ ɪ n ɪ i
ʂʈ͡ʂɔkɔ	ʃ t͡ʃ ɔ k ɔ
kɑrɑsʲ	k ɛ r ɑ sʲ
suspilʲstvɔ	s u sʲ p i lʲ s t ʋ ɔ
prɑtɪ	p r ɑ t ɪ
sɛrt͡sɛvɪj	s ɪ r t͡s ɛ ʋ ɪ i
ʂʈ͡ʂɑvɛlʲ	ʃ t͡ʃ ɛ ʋ ɛ lʲ
tɛrmɔmɛtrɪʈ͡ʂnɪj	t ɪ r m ɔ m ɪ t r ɪ t͡ʃ n ɪ i
dlʲɑ	dʲ lʲ ɑ
ʂɔvkɔvɪj	ʃ ɔ u k ɔ ʋ ɪ i
sklʲɑnkɑ	s k lʲ ɑ n k ɛ
vɔlɛjbɔlʲistkɑ	ʋ ɔ ɫ ɪ i b ɔ lʲ i s t k ɛ
zɪmɑ	z ɪ m ɑ
zmi	zʲ m i
pɔmstɑ	p ɔ m s t ɛ
kɑrɑ	k ɑ r ɛ
pɑrxɔmɛnkɔ	p ɛ r x ɔ m ɪ n k ɔ
ɛnɛrɦij	ɪ n ɛ r ɦ i i
tɛrpɛlɪvistʲ	t ɪ r p ɪ ɫ ɪ ʋ i sʲ tʲ
zdɔɦɑduvɑtɪsʲɑ	z d ɔ ɦ ɑ d u ʋ ɛ t ɪ sʲ ɛ
jɑlɔvɪʈ͡ʂɪnu	j ɑ ɫ ɔ ʋ ɪ t͡ʃ ɪ n u
dɪnɑmiʈ͡ʂnɔ	d ɪ n ɛ m i t͡ʃ n ɔ
jɑɦɔdɑ	j ɑ ɦ ɔ d ɛ
dʲiɛvɪj	dʲ i j ɛ ʋ ɪ i
vɪʐlɔktɑtɪ	ʋ ɪ ʒ ɫ ɔ k t ɛ t ɪ
trɑɦɛdʲiɑ	t r ɛ ɦ ɛ dʲ i j ɛ
pidprɪɛmstvɔ	p i d p r ɪ j ɛ m s t ʋ ɔ
tɛʂʈ͡ʂɑ	t ɛ ʃ t͡ʃ ɛ
dɛbutuvɑtɪ	d ɪ b u t u ʋ ɑ t ɪ
vidʈ͡ʂɪnʲɑtɪ	ʋ i d͡ʒ t͡ʃ ɪ nʲ ɑ t ɪ
upɛvnɛnʲistʲ	u p ɛ u n ɪ nʲ i sʲ tʲ
nɑɑvnɪj	n ɛ j ɑ u n ɪ i
kɔmɔrɑ	k ɔ m ɔ r ɛ
pɔdʲibnʲistʲ	p ɔ dʲ i b nʲ i sʲ tʲ
sub'ɛkt	s u b j ɛ k t
zvidsɪ	zʲ ʋ i d͡z s ɪ
nɛvrɔlɔɦiɑ	n ɪ u r ɔ ɫ ɔ ɦ i j ɛ
dɔlɔnʲɑx	d ɔ ɫ ɔ nʲ ɛ x
mɛksɪkɑnkɑ	m ɪ k s ɪ k ɑ n k ɛ
pɔbɑʈ͡ʂɛnnʲɑ	p ɔ b ɑ t͡ʃ ɪ nʲ ɛ
mɑskɑt	m ɛ s k ɑ t
ɔbidɑtɪ	ɔ b i d ɛ t ɪ
t͡sɛɦlɑ	t͡s ɛ ɦ ɫ ɛ
trɑnsfɔrmɑt͡sʲiɑx	t r ɛ n s f ɔ r m ɑ t͡sʲ i j ɛ x
dvɑdt͡sʲɑtɪɔdnɔkutnɪk	d ʋ ɛ d͡zʲ t͡sʲ ɛ t ɪ ɔ d n ɔ k u t n ɪ k
pidnʲɑtɪ	p i dʲ nʲ ɑ t ɪ
pɔstɑtʲɑx	p ɔ s t ɛ tʲ ɛ x
bilɪj	b i ɫ ɪ i
pidvikɔnnʲɑ	p i dʲ ʋ i k ɔ nʲ ɛ
vizɔvɪj	ʋ i z ɔ ʋ ɪ i
ɑntɑɦɔnʲizm	ɛ n t ɛ ɦ ɔ nʲ i z m
sɪntɛzuvɑtɪ	s ɪ n t ɪ z u ʋ ɑ t ɪ
zɔrɔvɪj	z ɔ r ɔ ʋ ɪ i
sprɪjnʲɑttʲɑ	s p r ɪ i nʲ ɛ tʲ ɑ
kɔnt͡sɛpt	k ɔ n t͡s ɛ p t
ʂɑnuvɑlʲnɪk	ʃ ɛ n u ʋ ɑ lʲ n ɪ k
pɔlɔʐɛnnʲɑ	p ɔ ɫ ɔ ʒ ɪ nʲ ɛ
zɑbɔrɔnʲɑtɪ	z ɛ b ɔ r ɔ nʲ ɑ t ɪ
pɔmidɔr	p ɔ m i d ɔ r
ɑbɔrt	ɛ b ɔ r t
ɔbʈ͡ʂɪslʲuvɑtɪ	ɔ b t͡ʃ ɪ sʲ lʲ u ʋ ɛ t ɪ
ɦɑlstuk	ɦ ɑ ɫ s t u k
druɦ	d r u ɦ
skɔrɔ	s k ɔ r ɔ
ɑkt͡sɛntuvɑtɪ	ɛ k t͡s ɪ n t u ʋ ɑ t ɪ
ʈ͡ʂɑstkɑ	t͡ʃ ɑ s t k ɛ
skrɔnʲi	s k r ɔ nʲ i
kɔmɛdʲiɑ	k ɔ m ɛ dʲ i j ɛ
pɔzɪt͡sʲiɑ	p ɔ z ɪ t͡sʲ i j ɛ
mif	m i f
lʲit͡sɛnzʲiɑ	lʲ i t͡s ɛ nʲ zʲ i j ɛ
kɔmɑndɑ	k ɔ m ɑ n d ɛ
ɑrkɑ	ɑ r k ɛ
ɑɛrɔlʲit	ɛ ɪ r ɔ lʲ i t
prɪjmɑtɪ	p r ɪ i m ɑ t ɪ
dɔbrɪvɛʈ͡ʂir	d ɔ b r ɪ ʋ ɛ t͡ʃʲ i r
sxɛmɑtɪzuvɑtɪ	s x ɪ m ɛ t ɪ z u ʋ ɑ t ɪ
kɔlɪsʲ	k ɔ ɫ ɪ sʲ
ʐɑsmɪn	ʒ ɛ s m ɪ n
ɑviɑmɛtɛɔsluʐbɑ	ɛ ʋ i ɛ m ɪ t ɪ ɔ s ɫ u ʒ b ɛ
kɑtɛɦɔrɪʈ͡ʂnɪj	k ɛ t ɪ ɦ ɔ r ɪ t͡ʃ n ɪ i
ɦut͡sulʲʂʈ͡ʂɪnɑ	ɦ u t͡s u lʲ ʃ t͡ʃ ɪ n ɛ
mɑstʲ	m ɑ sʲ tʲ
pɔrtɑtɪvnɪj	p ɔ r t ɛ t ɪ u n ɪ i
rɛprɛsɪvnɪj	r ɪ p r ɪ s ɪ u n ɪ i
prɔsʲbɑ	p r ɔ zʲ b ɛ
ubɔɦɪj	u b ɔ ɦ ɪ i
bɛzpilɔtnɪj	b ɪ zʲ p i ɫ ɔ t n ɪ i
lɪsɪt͡sʲɑ	ɫ ɪ s ɪ t͡sʲ ɛ
ɦlɑdʲiɑtɔr	ɦ ɫ ɛ dʲ i ɑ t ɔ r
ɦumɑnʲistkɑ	ɦ u m ɛ nʲ i s t k ɛ
plɑst	p ɫ ɑ s t
jɛvrɛjsʲkɪj	j ɪ u r ɛ i sʲ k ɪ i
vɔlɔktɪ	ʋ ɔ ɫ ɔ k t ɪ
nʲidɛrlɑndɪ	nʲ i d ɪ r ɫ ɑ n d ɪ
ɔrɦɑnɪ	ɔ r ɦ ɛ n ɪ
ʂʈ͡ʂɪtɔpɔdʲibnɑ	ʃ t͡ʃ ɪ t ɔ p ɔ dʲ i b n ɛ
ruku	r u k u
tʲisnɪj	tʲ i s n ɪ i
ʐurnɑl	ʒ u r n ɑ ɫ
lʲis	lʲ i s
nɑblɪzɪtɪ	n ɛ b ɫ ɪ z ɪ t ɪ
kvɑntɔvɑ	k ʋ ɑ n t ɔ ʋ ɛ
nɛstɛrpnɪj	n ɪ s t ɛ r p n ɪ i
plɑvɛt͡sʲ	p ɫ ɛ ʋ ɛ t͡sʲ
vɪbɔrɑmɪ	ʋ ɪ b ɔ r ɛ m ɪ
nɛpɛrɛrvnɪj	n ɪ p ɪ r ɛ r ʋ n ɪ i
tʲɑʐkɪj	tʲ ɛ ʒ k ɪ i
ɛkspɔnɑt	ɪ k s p ɔ n ɑ t
ɑrtɛrʲiɑm	ɛ r t ɛ rʲ i j ɛ m
bɔɦɔslɔv'ɑ	b ɔ ɦ ɔ s ɫ ɔ ʋ j ɛ
pɑrɑʂutɪzm	p ɛ r ɛ ʃ u t ɪ z m
rɔdɪtɪsʲɑ	r ɔ d ɪ t ɪ sʲ ɛ
mɔlɛkulʲɑrnɑ	m ɔ ɫ ɪ k u lʲ ɑ r n ɛ
ɑvtɔrɪzuvɑtɪ	ɛ u t ɔ r ɪ z u ʋ ɑ t ɪ
pɔɛdnɑnnʲɑ	p ɔ j ɪ d n ɑ nʲ ɛ
lɪstɔpɑd	ɫ ɪ s t ɔ p ɑ d
ikrɑ	i k r ɑ
prɑt͡sʲivnɪt͡sʲi	p r ɛ t͡sʲ i u n ɪ t͡sʲ i
sɑmɔt͡sʲilʲ	s ɛ m ɔ t͡sʲ i lʲ
trɛnɛr	t r ɛ n ɪ r
bɔlɔtɔ	b ɔ ɫ ɔ t ɔ
isnuuʈ͡ʂɪj	i s n u j u t͡ʃ ɪ i
sprɪɑtlɪvɪj	s p r ɪ j ɑ t ɫ ɪ ʋ ɪ i
mɔʐlɪvistʲ	m ɔ ʒ ɫ ɪ ʋ i sʲ tʲ
rɔdɔvɪj	r ɔ d ɔ ʋ ɪ i
stɪmul	s t ɪ m u ɫ
nɑsɛlɪtɪ	n ɛ s ɪ ɫ ɪ t ɪ
tɛrɛm	t ɛ r ɪ m
krɪm	k r ɪ m
ɑrkuʂ	ɑ r k u ʃ
ɦnɑtɪ	ɦ n ɑ t ɪ
vivsʲiv	ʋ i u sʲ i u
prɪslʲivnɪkɔvɪj	p r ɪ sʲ lʲ i u n ɪ k ɔ ʋ ɪ i
bɛzvidsɔtkɔvɪj	b ɪ zʲ ʋ i d͡z s ɔ t k ɔ ʋ ɪ i
nɑvruz	n ɛ u r u z
pɛnʲ	p ɛ nʲ
dzɪɡɑ	d͡z ɪ ɡ ɛ
blɔkɑdɑmɪ	b ɫ ɔ k ɑ d ɛ m ɪ
ɦɑmɑnɛt͡sʲ	ɦ ɛ m ɛ n ɛ t͡sʲ
ʂvɛdkɑ	ʃ ʋ ɛ d k ɛ
pɔɛmɑ	p ɔ ɛ m ɛ
ʈ͡ʂɑjnɑ	t͡ʃ ɛ i n ɑ
kɔrɔvɑj	k ɔ r ɔ ʋ ɑ i
kɑlɛndɑrɛm	k ɛ ɫ ɪ n d ɛ r ɛ m
ɔrnʲitɔlɔɦiɑ	ɔ r nʲ i t ɔ ɫ ɔ ɦ i j ɛ
rʲiznɔvɪd	rʲ i z n ɔ ʋ ɪ d
bɔnusɔm	b ɔ n u s ɔ m
dɔsvidʈ͡ʂɛnɪj	d ɔ sʲ ʋ i d͡ʒ t͡ʃ ɪ n ɪ i
ɦɛjmplɛj	ɦ ɪ i m p ɫ ɛ i
ɦrɪvɛnʲ	ɦ r ɪ ʋ ɪ nʲ
vʐɪtɪ	ʋ ʒ ɪ t ɪ
kɔrʈ͡ʂmɑ	k ɔ r t͡ʃ m ɛ
ɛnzɪm	ɪ n z ɪ m
pɔstupt͡sʲi	p ɔ s t u p t͡sʲ i
mɔrɔzɪvɔ	m ɔ r ɔ z ɪ ʋ ɔ
bɑtʲɑrɪ	b ɛ tʲ ɑ r ɪ
blɑɦɔ	b ɫ ɑ ɦ ɔ
uɔsɔblʲuvɑtɪ	u ɔ s ɔ b lʲ u ʋ ɛ t ɪ
idɛɑlʲistɪʈ͡ʂnɪj	i d ɪ ɛ lʲ i s t ɪ t͡ʃ n ɪ i
prɔpɔrt͡sʲiji	p r ɔ p ɔ r t͡sʲ i j i
prɔmɔknutɪ	p r ɔ m ɔ k n u t ɪ
mɔnɔpɔlʲist	m ɔ n ɔ p ɔ lʲ i s t
sɔbivɑrtʲistʲ	s ɔ b i ʋ ɑ r tʲ i sʲ tʲ
ʂvɪdkistʲ	ʃ ʋ ɪ dʲ k i sʲ tʲ
sluxɑʈ͡ʂ	s ɫ u x ɑ t͡ʃ
pɔzbutɪsʲɑ	p ɔ z b u t ɪ sʲ ɛ
tʲistɛʈ͡ʂkɔ	tʲ i s t ɪ t͡ʃ k ɔ
sɔnʲɑ	s ɔ nʲ ɛ
nɛjtrɑlʲitɛt	n ɪ i t r ɛ lʲ i t ɛ t
kiʂ	k i ʃ
filʲtr	f i lʲ t r
tɛkstɔvɪj	t ɪ k s t ɔ ʋ ɪ i
impɛrʲiɑ	i m p ɛ rʲ i j ɛ
xmɛlʲnɪt͡sʲkɪj	x m ɪ lʲ n ɪ t͡sʲ k ɪ i
fɑktɪʈ͡ʂnɪj	f ɛ k t ɪ t͡ʃ n ɪ i
tɪsʲɑʈ͡ʂ	t ɪ sʲ ɛ t͡ʃ
viddɑnʲistʲ	ʋ i d ɛ nʲ i sʲ tʲ
prʲiɔrɪtɛt	p rʲ i ɔ r ɪ t ɛ t
mɑnʲipulʲuvɑtɪ	m ɛ nʲ i p u lʲ u ʋ ɑ t ɪ
ɑkɑdɛmiʈ͡ʂnɪj	ɛ k ɛ d ɪ m i t͡ʃ n ɪ i
ɦrɪb	ɦ r ɪ b
ukrɑjinɔu	u k r ɛ j i n ɔ j u
ɑɡrusʲivkɑ	ɛ ɡ r u sʲ i u k ɛ
supruɦɔu	s u p r u ɦ ɔ j u
ɑb'urɑt͡sʲiɑ	ɛ b j u r ɑ t͡sʲ i j ɛ
dɪsbɑlɑns	d ɪ z b ɛ ɫ ɑ n s
pɛrɛɔt͡sʲinʲuvɑtɪ	p ɪ r ɪ ɔ t͡sʲ i nʲ u ʋ ɛ t ɪ
pɔzbɑvɪtɪ	p ɔ z b ɑ ʋ ɪ t ɪ
ɦibrɪdnɪj	ɦ i b r ɪ d n ɪ i
duʂ	d u ʃ
filɔsɔfiɑ	f i ɫ ɔ s ɔ f i j ɛ
susʲidkɑ	s u sʲ i d k ɛ
pɛrʂistʲ	p ɛ r ʃ i sʲ tʲ
intɛnsɪfikuvɑtɪ	i n t ɪ n s ɪ f i k u ʋ ɑ t ɪ
fɛminʲistɪʈ͡ʂnɪj	f ɪ m i nʲ i s t ɪ t͡ʃ n ɪ i
dɑtɪ	d ɑ t ɪ
pidmɛt	p i d m ɪ t
prɑmɔvɑ	p r ɛ m ɔ ʋ ɛ
kɑplɪt͡sɛu	k ɛ p ɫ ɪ t͡s ɪ j u
sɪstɛmɑtɪʈ͡ʂnɪj	s ɪ s t ɪ m ɛ t ɪ t͡ʃ n ɪ i
rɔsʲiɑnɪn	r ɔ sʲ i j ɑ n ɪ n
tɔpɔlʲi	t ɔ p ɔ lʲ i
ɑktɪvnʲistʲ	ɛ k t ɪ u nʲ i sʲ tʲ
ɑviɑsɑlɔn	ɛ ʋ i ɛ s ɛ ɫ ɔ n
dɑrɛmnʲistʲ	d ɛ r ɛ m nʲ i sʲ tʲ
ɦɔlɔvnɪj	ɦ ɔ ɫ ɔ u n ɪ i
spɔrtɪvnɪj	s p ɔ r t ɪ u n ɪ i
klʲimɑtɪʈ͡ʂnɪj	k lʲ i m ɛ t ɪ t͡ʃ n ɪ i
vɪʂʈ͡ʂɪj	ʋ ɪ ʃ t͡ʃ ɪ i
vidpɔʈ͡ʂɪlɪj	ʋ i d p ɔ t͡ʃ ɪ ɫ ɪ i
ʈ͡ʂɑbɛr	t͡ʃ ɛ b ɛ r
psɪxɔlɔɦiʈ͡ʂnɪj	p s ɪ x ɔ ɫ ɔ ɦ i t͡ʃ n ɪ i
mizɛrnɪj	m i z ɪ r n ɪ i
tɔkɑr	t ɔ k ɛ r
uɦɔrsʲkɔmɔvnɪj	u ɦ ɔ r sʲ k ɔ m ɔ u n ɪ i
ʂɔkɔlɑd	ʃ ɔ k ɔ ɫ ɑ d
jɑmɑ	j ɑ m ɛ
dɑnʲi	d ɑ nʲ i
zɔvnʲi	z ɔ u nʲ i
sumnʲivɑtɪsʲɑ	s u m nʲ i ʋ ɑ t ɪ sʲ ɛ
vitɛbsʲk	ʋ i t ɪ b sʲ k
druʐɛ	d r u ʒ ɪ
nɑzɪvɑtɪ	n ɛ z ɪ ʋ ɑ t ɪ
kɔnt͡sɛpt͡sʲiɑ	k ɔ n t͡s ɛ p t͡sʲ i j ɛ
kɔnlʲi	k ɔ nʲ lʲ i
rɔstɪ	r ɔ s t ɪ
buddɑ	b u d ɛ
ɑktɪvuvɑtɪ	ɛ k t ɪ ʋ u ʋ ɑ t ɪ
vizɑntʲijsʲkɪj	ʋ i z ɛ nʲ tʲ i i sʲ k ɪ i
sudnɔ	s u d n ɔ
frɑzɛɔlɔɦiʈ͡ʂnɪj	f r ɛ z ɪ ɔ ɫ ɔ ɦ i t͡ʃ n ɪ i
ɑrtɛrʲiɛ	ɛ r t ɛ rʲ i j ɪ
miʐvɔɛnnɪj	m i ʒ ʋ ɔ j ɛ n ɪ i
zɛkɔnɔmɪtɪ	z ɪ k ɔ n ɔ m ɪ t ɪ
ɑpɑtɪʈ͡ʂnɪj	ɛ p ɛ t ɪ t͡ʃ n ɪ i
dɪslɔkɑt͡sʲiɑ	d ɪ s ɫ ɔ k ɑ t͡sʲ i j ɛ
ʂʈ͡ʂɔnɑjmɛnʂɛ	ʃ t͡ʃ ɔ n ɛ i m ɛ n ʃ ɪ
kutɔk	k u t ɔ k
nɛspɔdʲivɑnɪj	n ɪ s p ɔ dʲ i ʋ ɛ n ɪ i
mɑtɛrʲiɑlʲnɪj	m ɛ t ɪ rʲ i ɑ lʲ n ɪ i
xvɔrʲitɪ	x ʋ ɔ rʲ i t ɪ
kɔʂulʲɑ	k ɔ ʃ u lʲ ɛ
prɔdɑvɑtɪ	p r ɔ d ɛ ʋ ɑ t ɪ
pɛtɪt͡sʲiɑ	p ɪ t ɪ t͡sʲ i j ɛ
ɑblɑstɪkɑ	ɛ b ɫ ɑ s t ɪ k ɛ
ɑviɑuʈ͡ʂɪlɪʂʈ͡ʂɛ	ɛ ʋ i ɛ u t͡ʃ ɪ ɫ ɪ ʃ t͡ʃ ɪ
dɔvɦ	d ɔ u ɦ
ɔbmɛʐɛnnʲɑ	ɔ b m ɛ ʒ ɪ nʲ ɛ
ʐɔludʲ	ʒ ɔ ɫ u dʲ
plʲuvɑtɪ	p lʲ u ʋ ɑ t ɪ
sɑlɔn	s ɛ ɫ ɔ n
rɔzuminnʲɑ	r ɔ z u m i nʲ ɛ
svitɑnɔk	sʲ ʋ i t ɑ n ɔ k
nɛfɔrmɑlʲnɪj	n ɪ f ɔ r m ɑ lʲ n ɪ i
prɔdɑvʂʈ͡ʂɪt͡sʲɑ	p r ɔ d ɛ u ʃ t͡ʃ ɪ t͡sʲ ɛ
trɔk	t r ɔ k
dɛklɑrɑt͡sʲiu	d ɪ k ɫ ɛ r ɑ t͡sʲ i j u
lɪxɔmɑnkɑ	ɫ ɪ x ɔ m ɑ n k ɛ
mɑtrʲɔʂkɑ	m ɛ tʲ rʲ ɔ ʃ k ɛ
dɪtsɑdɔk	d ɪ t͡s ɛ d ɔ k
sɪmpɑtɪʈ͡ʂnɪj	s ɪ m p ɛ t ɪ t͡ʃ n ɪ i
pɔvidɔmlɛnnʲɑ	p ɔ ʋ i d ɔ m ɫ ɪ nʲ ɛ
dɔvɦɪj	d ɔ u ɦ ɪ i
rɛprɔduktɪvnɪj	r ɪ p r ɔ d u k t ɪ u n ɪ i
pɔɦrɔʐuvɑtɪ	p ɔ ɦ r ɔ ʒ u ʋ ɛ t ɪ
bɑtɑlʲjɔn	b ɛ t ɛ lʲ j ɔ n
trɑvɛnʲ	t r ɑ ʋ ɪ nʲ
nɑpruʐɪtɪ	n ɛ p r u ʒ ɪ t ɪ
trɛtʲij	t r ɛ tʲ i i
strʲiʈ͡ʂkɪ	s tʲ rʲ i t͡ʃ k ɪ
prɑt͡sʲivnɪkɑmɪ	p r ɛ t͡sʲ i u n ɪ k ɑ m ɪ
rɔzmɔvɑ	r ɔ z m ɔ ʋ ɛ
ɔfirɑ	ɔ f i r ɛ
lɪtvɑ	ɫ ɪ t ʋ ɑ
nɑʈ͡ʂɪnnʲɑ	n ɛ t͡ʃ ɪ nʲ ɛ
slux	s ɫ u x
pivdɛnʲ	p i u d ɪ nʲ
ɑbrɑzʲiɑ	ɛ b r ɑ zʲ i j ɛ
t͡svɑx	t͡sʲ ʋ ɑ x
rɛkɔnstrukt͡sʲiɑ	r ɪ k ɔ n s t r u k t͡sʲ i j ɛ
xɔrɔʂɪj	x ɔ r ɔ ʃ ɪ i
zɔvnʲiʂnʲij	z ɔ u nʲ i ʃ nʲ i i
ustɑnɔvɑ	u s t ɛ n ɔ ʋ ɛ
prɪsvijnɪj	p r ɪ sʲ ʋ i i n ɪ i
vlɑstʲi	ʋ ɫ ɑ sʲ tʲ i
zɑkɔnɔsluxnʲɑnɪj	z ɛ k ɔ n ɔ s ɫ u x nʲ ɑ n ɪ i
prɪʂvɪdʂɪtɪ	p r ɪ ʃ ʋ ɪ d͡ʒ ʃ ɪ t ɪ
slʲivt͡sʲɑ	sʲ lʲ i u t͡sʲ ɛ
ʐɪtnʲij	ʒ ɪ tʲ nʲ i i
ɔtɔʈ͡ʂuvɑtɪ	ɔ t ɔ t͡ʃ u ʋ ɛ t ɪ
zdɑtɛn	z d ɑ t ɪ n
nɛɦɑtɪvnɔ	n ɪ ɦ ɛ t ɪ u n ɔ
infikuvɑnnʲɑ	i nʲ f i k u ʋ ɑ nʲ ɛ
tɛɔrʲiu	t ɪ ɔ rʲ i j u
ɛrɔtɪkɑ	ɪ r ɔ t ɪ k ɛ
fɛdɛrɑt͡sʲiji	f ɪ d ɪ r ɑ t͡sʲ i j i
prɔblɛmɑ	p r ɔ b ɫ ɛ m ɛ
brɛxnʲu	b r ɪ x nʲ u
psɪxikɑ	p s ɪ x i k ɛ
bilɔk	b i ɫ ɔ k
lɪst	ɫ ɪ s t
ɑvstrɑlɔpitɛk	ɛ u s t r ɛ ɫ ɔ p i t ɛ k
kɑjmɑn	k ɛ i m ɑ n
nʲiɦɔtʲ	nʲ i ɦ ɔ tʲ
mɑrʲiɑ	m ɛ rʲ i j ɛ
zvɪknutɪ	z ʋ ɪ k n u t ɪ
bɔnusɑmɪ	b ɔ n u s ɛ m ɪ
kɔnkurs	k ɔ n k u r s
ptɪt͡sʲɑ	p t ɪ t͡sʲ ɛ
kɔtɑ	k ɔ t ɑ
mɔɦutnʲij	m ɔ ɦ u tʲ nʲ i i
dɪtsɑdkɪ	d ɪ t͡s ɛ d k ɪ
ɑviɑmɑɑk	ɛ ʋ i ɛ m ɛ j ɑ k
nɔvɪnɪ	n ɔ ʋ ɪ n ɪ
bɛzprɪtulʲnɪj	b ɪ z p r ɪ t u lʲ n ɪ i
skɑndɪnɑviɑ	s k ɛ n d ɪ n ɑ ʋ i j ɛ
kɪʂɛnɛu	k ɪ ʃ ɛ n ɪ j u
ʐɔnɑ	ʒ ɔ n ɑ
prɑt͡sʲivnɪt͡sʲɑm	p r ɛ t͡sʲ i u n ɪ t͡sʲ ɛ m
industrʲiɑlʲizuvɑtɪ	i n d u s tʲ rʲ i ɛ lʲ i z u ʋ ɑ t ɪ
t͡sʲiɛu	t͡sʲ i j ɛ j u
kɑtɑstrɔfɪ	k ɛ t ɛ s t r ɔ f ɪ
v'ɑznɪt͡sʲɑ	ʋ j ɛ z n ɪ t͡sʲ ɛ
kɔzɪrɔk	k ɔ z ɪ r ɔ k
dɔrɔɦɪj	d ɔ r ɔ ɦ ɪ i
pɔtɪlɪt͡sɛ	p ɔ t ɪ ɫ ɪ t͡s ɪ
ɦrʲɑzʲ	ɦ rʲ ɑ zʲ
bɑt͡sʲɑr	b ɑ t͡sʲ ɛ r
ɑbrɪkɔs	ɛ b r ɪ k ɔ s
zɑɛt͡sʲ	z ɑ j ɪ t͡sʲ
ʂkɔlɑ	ʃ k ɔ ɫ ɛ
kurɪtɪ	k u r ɪ t ɪ
impɔrtuvɑtɪ	i m p ɔ r t u ʋ ɑ t ɪ
tɪsʲɑʈ͡ʂɔlʲittʲɑmɪ	t ɪ sʲ ɛ t͡ʃ ɔ lʲ i tʲ ɛ m ɪ
fiskɑlʲnɪj	f i s k ɑ lʲ n ɪ i
ɑbsɑns	ɛ b s ɑ n s
ɑvtɔbusɪk	ɛ u t ɔ b u s ɪ k
utɔmlɛnɪj	u t ɔ m ɫ ɪ n ɪ i
izrɑjilʲtʲɑnkɑ	i z r ɛ j i lʲ tʲ ɑ n k ɛ
pɔvɛrnutɪ	p ɔ ʋ ɪ r n u t ɪ
pɔzɪʈ͡ʂɑtɪ	p ɔ z ɪ t͡ʃ ɑ t ɪ
rɑjɔn	r ɛ j ɔ n
bilʲʂɑtɪ	b i lʲ ʃ ɛ t ɪ
zɑjir	z ɛ j i r
mɑsʂtɑb	m ɛ ʃ t ɑ b
zɔlɔtɔ	z ɔ ɫ ɔ t ɔ
fɛɑmɪ	f ɛ j ɛ m ɪ
snʲidɑtɪ	sʲ nʲ i d ɛ t ɪ
vtruʈ͡ʂɑnnʲɑ	ʋ t r u t͡ʃ ɑ nʲ ɛ
burɔkrɑtkɑ	b u r ɔ k r ɑ t k ɛ
trɑnsfɔrmɑt͡sʲiɑm	t r ɛ n s f ɔ r m ɑ t͡sʲ i j ɛ m
bilɔrusʲkɪj	b i ɫ ɔ r u sʲ k ɪ i
nɛvɪdɪmɪj	n ɪ ʋ ɪ d ɪ m ɪ i
smɑk	s m ɑ k
nɑprɪkint͡sʲi	n ɛ p r ɪ k i nʲ t͡sʲ i
ɑvtɔbiɔɦrɑf	ɛ u t ɔ b i ɔ ɦ r ɛ f
nɛbɔɦɑ	n ɪ b ɔ ɦ ɛ
zɑɔxɔtɪtɪ	z ɛ ɔ x ɔ t ɪ t ɪ
kɔnfɛtɑ	k ɔ n f ɛ t ɛ
lɔɦistɪʈ͡ʂnɪj	ɫ ɔ ɦ i s t ɪ t͡ʃ n ɪ i
vɪrʲiʂɛnnʲɑ	ʋ ɪ rʲ i ʃ ɪ nʲ ɛ
tɛɑtr	t ɪ ɑ t r
kubiʈ͡ʂnɪj	k u b i t͡ʃ n ɪ i
dɔdɑtkɑx	d ɔ d ɑ t k ɛ x
ɑmɛrɪkɑ	ɛ m ɛ r ɪ k ɛ
nɪmɪ	n ɪ m ɪ
vɪkɔnɑnnʲɑ	ʋ ɪ k ɔ n ɑ nʲ ɛ
ɑbstrɑkt͡sʲiɑ	ɛ b s t r ɑ k t͡sʲ i j ɛ
ʈ͡ʂɔtɪrɪkutnɪj	t͡ʃ ɔ t ɪ r ɪ k u t n ɪ i
p'ɑtdɛsʲɑt	p j ɛ d d ɪ sʲ ɑ t
ɦumɑnʲistɪʈ͡ʂnɪj	ɦ u m ɛ nʲ i s t ɪ t͡ʃ n ɪ i
bɑtʲkivʂʈ͡ʂɪnɑ	b ɛ tʲ k i u ʃ t͡ʃ ɪ n ɛ
prɔpɔrt͡sʲiɑx	p r ɔ p ɔ r t͡sʲ i j ɛ x
pɔvɛʈ͡ʂɛrʲɑtɪ	p ɔ ʋ ɪ t͡ʃ ɛ rʲ ɛ t ɪ
nɛvidvɔrɔtnɪj	n ɪ ʋ i d ʋ ɔ r ɔ t n ɪ i
innɑ	i n ɛ
sɪstɛmɑ	s ɪ s t ɛ m ɛ
ɦɛɔmɛtrɪʈ͡ʂnɪj	ɦ ɪ ɔ m ɪ t r ɪ t͡ʃ n ɪ i
zɑbɑɦtɪ	z ɛ b ɑ ɦ t ɪ
ɦɔmɔsɛksuɑlʲizm	ɦ ɔ m ɔ s ɪ k s u ɛ lʲ i z m
trɔɛ	t r ɔ j ɪ
vmɛrtɪ	ʋ m ɛ r t ɪ
ɑlʲbɑtrɔs	ɛ lʲ b ɛ t r ɔ s
rɑtɪfikɑt͡sʲiɑ	r ɛ t ɪ f i k ɑ t͡sʲ i j ɛ
tɔʐ	t ɔ ʒ
spivpɛrɛʐɪvɑnnʲɑ	sʲ p i u p ɪ r ɪ ʒ ɪ ʋ ɑ nʲ ɛ
dʲiɑɦnɔstɪkɑ	dʲ i ɛ ɦ n ɔ s t ɪ k ɛ
vidvɛrnutɪ	ʋ i d ʋ ɪ r n u t ɪ
kubɪnɛt͡sʲ	k u b ɪ n ɪ t͡sʲ
vɪmknutɪ	ʋ ɪ m k n u t ɪ
svɔɛrʲidnɪj	s ʋ ɔ j ɪ rʲ i d n ɪ i
prɔpɔrt͡sʲiɑm	p r ɔ p ɔ r t͡sʲ i j ɛ m
jɑntɑr	j ɛ n t ɑ r
stɑnʲislɑv	s t ɛ nʲ i s ɫ ɑ u
mɛlɑnʲiɑ	m ɪ ɫ ɑ nʲ i j ɛ
bɑɦɑtɔ	b ɛ ɦ ɑ t ɔ
t͡sɪtrɪnɑ	t͡s ɪ t r ɪ n ɛ
rɔzpiznɑvɑnnʲɑ	r ɔ zʲ p i z n ɛ ʋ ɑ nʲ ɛ
svɛkruxɑ	s ʋ ɪ k r u x ɛ
tɪsʲɑʈ͡ʂɔlʲittʲɑx	t ɪ sʲ ɛ t͡ʃ ɔ lʲ i tʲ ɛ x
bɑtʲkɔ	b ɑ tʲ k ɔ
nɛprɑvdʲi	n ɪ p r ɑ u dʲ i
dʲiɑɦrɑmɑ	dʲ i ɛ ɦ r ɑ m ɛ
dzɛrkɑlɔ	d͡z ɛ r k ɛ ɫ ɔ
mur	m u r
mɔlɔdɪj	m ɔ ɫ ɔ d ɪ i
vizuɑlʲnɪj	ʋ i z u ɑ lʲ n ɪ i
zɔɔpɑrk	z ɔ ɔ p ɑ r k
ɑviɑpɑrk	ɛ ʋ i ɛ p ɑ r k
plʲuʂ	p lʲ u ʃ
p'ɑtnɪt͡sʲɑ	p j ɑ t n ɪ t͡sʲ ɛ
pɪsʲmɛnnɪj	p ɪ sʲ m ɛ n ɪ i
ukrɑjinsʲkɪx	u k r ɛ j i nʲ sʲ k ɪ x
xlʲib	x lʲ i b
zɑlɛʐnɪj	z ɛ ɫ ɛ ʒ n ɪ i
mɔvɔznɑvstvɔ	m ɔ ʋ ɔ z n ɑ u s t ʋ ɔ
uʈ͡ʂɑstʲ	u t͡ʃ ɛ sʲ tʲ
sɑunɑ	s ɑ u n ɛ
misʲɑt͡sʲ	m i sʲ ɛ t͡sʲ
fɔlʲklɔr	f ɔ lʲ k ɫ ɔ r
uspiʂnɪj	u sʲ p i ʃ n ɪ i
zɑsmutɪtɪ	z ɛ s m u t ɪ t ɪ
tɑt͡sɛu	t ɑ t͡s ɪ j u
krɪtɛrʲiɛm	k r ɪ t ɛ rʲ i j ɪ m
ɑviɑvɪstɑvkɑ	ɛ ʋ i ɛ ʋ ɪ s t ɛ u k ɛ
pidkrɛslʲuvɑtɪ	p i d k r ɛ sʲ lʲ u ʋ ɛ t ɪ
tʲilʲkɪ	tʲ i lʲ k ɪ
vɔzɪtɪ	ʋ ɔ z ɪ t ɪ
zmɛnʂɛnʲ	z m ɛ n ʃ ɪ nʲ
trʲiskɑ	tʲ rʲ i s k ɛ
rʲiʂɪtɪ	rʲ i ʃ ɪ t ɪ
intujitɪvnɔ	i n t u j i t ɪ u n ɔ
xlɔpʈ͡ʂɪk	x ɫ ɔ p t͡ʃ ɪ k
kɔlʲinɔ	k ɔ lʲ i n ɔ
ʐɔrstɔkɪj	ʒ ɔ r s t ɔ k ɪ i
ɑmfibiɑ	ɛ m f i b i j ɛ
trɑnzɪt	t r ɛ n z ɪ t
vɪɑvɪtɪsʲɑ	ʋ ɪ j ɛ ʋ ɪ t ɪ sʲ ɛ
sprɔstɪtɪ	s p r ɔ s t ɪ t ɪ
krɪɦɔlɑm	k r ɪ ɦ ɔ ɫ ɑ m
mɔknutɪ	m ɔ k n u t ɪ
rɔstɪtɪ	r ɔ s t ɪ t ɪ
zrɔstɪ	z r ɔ s t ɪ
kudɪ	k u d ɪ
vidrɔdʐɛnnʲɑ	ʋ i d r ɔ d͡ʒ ɪ nʲ ɛ
pɔstɑlɪj	p ɔ s t ɑ ɫ ɪ i
jɔɦɔ	j ɔ ɦ ɔ
krɪvɑvɪj	k r ɪ ʋ ɑ ʋ ɪ i
nɛsklɑdɔvɪj	n ɪ s k ɫ ɛ d ɔ ʋ ɪ i
ɑvtɔdɪdɑkt	ɛ u t ɔ d ɪ d ɑ k t
jiʐɑkɛvɪʈ͡ʂ	j i ʒ ɛ k ɛ ʋ ɪ t͡ʃ
mɛm	m ɛ m
