rɑːiːٔeːd̪ہnd̪ɡɑːn	ɽ a: ɪ d ə ɦ ə n d ɡ a: n
d͡ʒd̪یd̪t̪rیn	d͡ʒ a d iː d t a r iː n
rɑːmuː	ɽ a: m ʊ
ɑːt̪uːɑːr	ɪ t ʋ a: ɽ
mnہ	m ʊ ɦ
xsɑːrہ	x ɪ s a: ɽ a: ɦ
mʃruːb	m a ʃ r uː b
ɑːrb	ə ɽ ə b
ɣیrmst̪hکm	ɣ ɪ r m ʊ s t ɦ a k a m
ɑːbھʃیک	ə bʰ ɪ ʂ eː k
rnɡuːlی	ɽ ə ŋ ɡ oː l iː
ɑːٓکɑːʃ	a: k a: ʃ
ہmsfr	ɦ ə m s ə f ə ɽ
hqɑːrt̪	ɦ ʊ q a: ɽ ə t
msiːٔlہ	m ə s l a:
ɑːsʈɑːiːٔsʈکs	ɪ s ʈ a: ɪ s ʈ k s
bɑːleː	b a: l eː
ɡrnɑː	ɡ ɪ ɽ n a:
flɑːhی	f l a: ɦ iː
t̪mھی◌̃	t ʊ m e:
sکuː	s k uː
sfr	s ə f ə ɽ
ruːیiːٔہ	ɽ ə ʋ ə i a:
luːt̪ھ	l oː tʰ
mیzɑːn	m iː z a: n
nɑːfz	n a: f ɪ z
pɑːr	p a: ɽ
ɑːuːd̪blɑːuːٔ	uː d b ɪ l a: oː
bɑːʃnd̪ہ	b a: ʃ ɪ n d a:
rɑːd͡ʒuː	ɽ a: d͡ʒ oː
d͡ʒɑːmʔہ	d͡ʒ a: m ɪ ʔ a:
pɑːlیsی	p a: l iː s iː
کɑːrɡzɑːrی	k a: r ɡ ʊ z a: r iː
smی	s ə m iː a
snɡھ	s ɪ ŋ ɡʰ
ɑːrd̪uː	ʊ ɽ d uː
rیmɑːrک	r eɪ m a: r k
prکɑːʃ	p ɽ ə k a: ʃ
sfruːɑː◌̃	s ɪ f ə ɽ ʋ a:
mlɑːzm	m ʊ l a: z ə m
ɑːxt̪یɑːrکrd̪ہ	ə x t iː j aː ɽ k ə ɽ d ə ɦ
کھɑːɡ	kʰ a: ɡ
d̪یuːɑːکr	d iː ʋ a: k ə ɽ
rbuːہ	ɽ ə b ʋ a: ɦ
mɑːک	m a: k
d̪ɑːrd̪r	d a: ɽ ɪ d ɽ
pہlɑː	p ə ɦ l a:
rɑːd͡ʒɑː	ɽ a: d͡ʒ a:
ɖھiːʈھ	ɖʰ iː ʈʰ
st̪ruːی◌̃	s t ɽ oː ʋ eː n
bھuːnɡیr	bʰ ʊ ŋ ɡ iː r
ɖیfns	ɖ iː f n ɪ s
d̪st̪brd̪ɑːr	d ʊ s t b ɛ r d a: r
d͡ʒɡr	d͡ʒ ə ɡ ə r
d͡ʒɑːnی	d͡ʒ a: n iː
puːlیt̪	p oː l iː t
ʃruː	ʃ ʊ ɽ uː a
ɖɡیs	ɖ ɪ ɡ iː s
uːrzʃ	ʋ ə ɽ z ɪ ʃ
fʈt͡ʃ	f t͡ʃ
ft̪nہ	f ə t n ə
ɡuːd̪ھrɑː	ɡ oː dʰ ɽ aː
sxt̪ی	s a x t iː
کuːہیr	k oː ɦ iː ɽ
prیm	p ɽ eː m
ɣیrzruːrی	ɣ eː ɽ z ə ɽ uː ɽ iː
ɖr	ɖ ə ɽ
bہɑːr	b ə ɦ a: ɽ
کmیʃn	k a m iː ʃ a n
کs	a k s
pnɑː	p ə n n a:
ʃɑːiːٔq	ʃ a: ɪ q
t̪کnیکی	t a k n iː k iː
ɑːیrɑːnɖیɑː	a iː r aː n d iː aː
xuːd̪کʃ	x ʊ d k ʊ ʃ
ruːpیɑː	ɽ uː p iː a:
ɑːfq	a: f ə q
d͡ʒɑːiːٔb	ə d͡ʒ a: ɪ b
t̪یsrی	t eː s r iː
ɑːrd̪n	a: r d ə n
ʒɑːlہ	ʒ a: l ə
pیʃɑːb	p eː ʃ a: b
lیbrmn	l iː b ə r m ə n
prt̪bھɑː	p ə r t ʊ bʰ a:
ɑːیmɑːnd̪ɑːr	iː m a: n d a: ɽ
puːrکr	p u: r k ə r
bst̪ی	b ə s t iː
mہluːک	m ə ɦ l oː k
lیɡ	l iː ɡ
miːٔی	m eː ɪ
hɑːlɑːnکہ	ɦ a: l a: k iː
d̪یکʃt̪	d iː k ʃ t
کʃt̪ی	k ə ʃ t iː
t̪uːt̪ی	ʈ ɔː ʈ iː
lɽکی	l ə ɽ k iː
کھɑːnی	kʰ a: n iː
ɑːt̪bɑːʔ	ɪ t ɪ b a: a:
buːt̪ھɑː	b oː tʰ a:
mɑːlیt̪	m a: l iː t
ɡz	ɡ ʊ z
d͡ʒuːs	d͡ʒ oʊ s
t̪ɑːl	t a: l
uːsnt̪	ʋ ʊ s n a t
کlکʈr	k ʊ l k ʈ ɛ ɽ
d͡ʒھuːʈ	d͡ʒ ʱ uː ʈ
d̪یnɑː	d eː n a:
rnɡɑːrیɖی	ɽ ə ŋ ɡ a: ɽ iː d iː
ʃ	ʃ
uːɑːmی	a ʋ aː m iː
d̪ʔɑːiːٔeː	d̪ʊ a: ɪ eː
lیکt͡ʃrr	l iː k t͡ʃ ə ɽ ɽ
کuːrʈ	k ɔː r ʈ
suːٔr	s uː ə ɽ
mیʈrs	m eː t ə r s
prsuː◌̃	p ə ɽ s o:
ɡlɑːl	ɡ ʊ l a: l
ɡrd͡ʒnɑː	ɡ ə ɽ ə d͡ʒ n a:
یuːnیuːrsʈی	j uː n iː ʋ a r s ʈ iː
ɑːxt̪t̪ɑːm۔pzیr	a: x t t a: m p ə z iː ɽ
mیʈɑːbuːlɑːiːٔz	m eː ʈ a: b oː l aː ɪ z
کɑːrɖ	k a: ɽ d
bnd̪	b ə n d
flک	f ə l ə k
t͡ʃھɑːɽ	t͡ʃʰ a: ɽ
ɡrd̪ی	ɡ ʊ r d iː
d̪ھuːl	dʰ uː l
ɑːیmɑːn	iː m a: n
t͡ʃuːʈ	t͡ʃ oː ʈ
uːsuːlی	ʋ ʊ s uː l iː
mɑːrیʃیs	m a: r iː ʃ iː s
mst̪hکm	m ʊ s t a ɦ k a m
d͡ʒrɑːٔt̪	d͡ʒ ʊ ɽ ɽ ə t
ɑːکɑːnʈs	ə k a: n ʈ s
d͡ʒrsuːmہ	d͡ʒ ʊ ɽ s uː m a:
bɑːbrہ	b a: b ɽ a:
pɽھnɑː	p ə ɽʰ n a:
ɖɑːbsn	ɖ a: b s ə n
nzrɑːnd̪ɑːz	n ʊ z ɽ a: n d a: z
ɑːht̪mɑːl	eː ɦ t eː m a: l
iːٔn	ʔ ɪ n
xuːn	x uː n
md͡ʒھ	m ʊ d͡ʒʰ
pst̪ɑːn	p ɪ s t a: n
lɑːmہ	a ə l aː m ə
ɑːٓیiːٔnɑː	a: iː ə n ə
t̪ɡnɑː	t ɪ ɡ n a:
zɑːt̪	z a: t
blیn	b ɛː l iː n
d̪یکھnɑː	d eː kʰ n a:
ɑːnd̪r	ɪ n d ə ɽ
d͡ʒھuːʈی	d͡ʒ ʱ uː ʈ iː
کɑːrxɑːnہ	k a: r x a: n ə
mnsuːr	m ə n s ʊ ɽ
snd͡ʒیd̪ہ	s ʊ n d͡ʒ iː d a
ɑːsrɑːiːٔیl	ɪ s ɽ a: iː l
puːrہ	p uː r a:
pھuːl	pʰ uː l
prd̪یb	p ə ɽ d iː b
pیʈ	p eː ʈ
کɑːuːیہ	k a: ʋ j ə
lɑːpruːɑːہی	l a: p ɽ ʋ a: ɦ iː
t̪iːٔی◌̃	t ɛː ɪ n
lsɑːnیɑːt̪	l ɪ s a: n ɪ j a: t
mیʈnɡ	m iː ʈ ɪ ŋ ɡ
sہuːlt̪	s ʊ ɦ ʊ l t
ɑːhsɑːn	ə ɦ ə s a: n
یuːɡɑːnɖɑː	j ʊ ɡ a: n ʈ a:
ɣrnɑːt̪ہ	ɣ ə ɽ n a: t a: ɦ
hsuːl	ɦ ʊ s uː l
ʃrیnɡr	ʃ ɽ iː n ə ɡ ə ɽ
fʈns	f ɪ t n ə s
frɑːr	f a r aː r
کɑːɽھɑː	k a: ɽʰ a:
muːd͡ʒuːd̪ہ	m oː d͡ʒ uː d a:
t̪hsیl	t ɦ ʊ s iː l
ʃʔr	ʃ eː ɽ
d̪uːrɑːn	d ʊ ɽ a: n
zlیl	z ə l iː l
uːہ	ʋ oː
کuːی۶	k oː ɪ a 6
blی	b ə l iː
xsuːsɑː	x ʊ s uː s ə n
کھd͡ʒlی	kʰ ʊ d͡ʒ l iː
ɑːsuːl	ʊ s uː l
ɑːt̪rnɑː	ʊ t ə ɽ n a:
کʃɑːd̪ہ	k ə ʃ aː d ə
suːɑːlیہ	s uː aː l iː ə
bɑːuːlی	b aː oː l iː
ɑːrst̪uː	ə ɽ ə s t uː
hsیn	ɦ ʊ s eɪ n
bɣیr	b ɪ ɣ ɛː r
یہuːd̪	j ə ɦ uː d
msuːrی	m ʊ s ʋ ʊ r iː
uːیrیɑː	ʋ iː r iː a:
کʈrpsnd̪	k ʈ ə ɽ p s ʊ n d
t͡ʃlɑːnɑː	t͡ʃ ɪ l l a: n a:
ɖکɑːr	ɖ ə k a: ɽ
slیb	s ə l iː b
ɑːsʈɑːl	ɪ s ʈ aː l
t͡ʃnɡɑːl	t͡ʃ ə ŋ ɡ a: l
ʃeː۶	ʃ eː t͡ʃʰ ʰ
ɑːuːd̪ھɑːuːٔ	ɔː dʰ a: ʊ
ɑːٓxrt̪	a: x ɪ ɽ ə t
t͡ʃt̪ɑː	t͡ʃ ʊ t a:
rɑːd͡ʒیʃ	ɽ a: d͡ʒ iː ʃ
pھɑːɽ	pʰ a: ɽ
uːsɑːl	ʋ ɪ s a: l
lکیd͡ʒ	l ə k iː d͡ʒ
bd͡ʒʈ	b ə d͡ʒ ʈ
t͡ʃuːt̪ھɑː	t͡ʃ ɔː tʰ a:
puːlیuː	p oː l iː oː
d͡ʒlsہ	d͡ʒ ə l s a ɦ
ɑːllہ	ə l l a: ɦ
bhیsیt̪	b ɦ ɪ s iː t
ɑːrd͡ʒt̪	ə ɽ d͡ʒ ɪ t
bɑːlxsuːs	b a: l x a s ʊ s
d͡ʒnuːrی	d͡ʒ a n uː r iː
bt̪ɑːیɑːکہ	b ɪ t a: j a: k ɛː
d̪l	d ɪ l
nہ	n a:
bیlɑːruːs	b eː l a: ɽ uː s
rیʃی	r eː ʃ iː
bɑːہuːblی	b a: ɦ ʊ b ə l iː
t͡ʃuːt̪ھɑːiːٔی	t͡ʃ ɔː tʰ a: iː
md̪یrɑː	m ə d iː ɽ a:
frmɑːiːٔʃ	f ə ɽ m a: ɪ ʃ
blکہ	b ə l k iː
ɑːnʈrmlɑːn	ɪ n ʈ ə ɽ m ə l a: n
t̪lbیہ	t ə l b iː ə
smکھ	s ə m m ʊ kʰ
mt̪uːfی	m ʊ t ʋ ɔː f iː
prt͡ʃہ	p ə ɽ t͡ʃ ə
کt̪ی	k ə t iː
ɑːیکsprیs	aɪ k s p ɽ iː s
nɑːxuːʃ	n a: x ʊ ʃ
ruːɑːnہ	ɽ ə ʋ a: n a:
bیmɑːr	b eː m a: ɽ
muːrt̪ی	m uː ɽ t iː
ʈھuːs	ʈʰ oː s
bɑːuːn	b a: ʊ n
d͡ʒɑːmn	d͡ʒ a: m ə n , d͡ʒ a: m ʊ n
sɑːt̪ھ	s a: tʰ
mکھ	m ʊ kʰ
ʃیuːɑːd͡ʒی	ʃ iː ʋ a: d͡ʒ iː
nʔrہ	n a: ɽ a: ɦ
d͡ʒb	a d͡ʒ a b
ɑːnfrɑːsʈrکt͡ʃr	ɪ n f r a: s t ɽ ʊ k t͡ʃ ʊ ɽ
ɡmɑːnɑː	ɡ ʊ m a: n a:
pʈی	p ʈ iː
t͡ʃɽیɑː	t͡ʃ ɪ ɽ ɪ j a:
bیɑːɡ	b j aː ɡ
d̪mʃq	d ə m ɪ ʃ q
liːٔeː	l ɛː
lیɑːps	l iː a: p s
t̪b	t ə b
bɑːlکl	b ɪ l k ʊ l
ɑːیʃیn	eː ʃ iː n
کpɑːsی	k ə p a: s iː
ruːzɡɑːr	r oː z ɡ a: r
pɑːکst̪ɑːn	p a: k ɪ s t a: n
bیd̪	a ʊ b eː d
t̪یnt̪	ʈ ɪ n t
ɣیrd̪st̪uːrی	ɣ ɛː r d ʊ s t ʊ ɽ iː
bیʈھ	b eː ʈʰ
t͡ʃیt̪ɑːpuːr	t͡ʃ iː t aː p ɔː r
t͡ʃpl	t͡ʃ ə p ə l
rɑːʃʈrpt̪ی	r a: ʃ t r p a t iː
ʈیکsɑːs	ʈ iː k s a: s
bt̪d̪rیd͡ʒ	b ə t d ɽ iː d͡ʒ
t̪lx	t ə l ə x
t̪ھuːکnɑː	tʰ uː k n a:
ɑːmn	ə m ə n
brt̪r	b ɪ ɽ t ɽ
ہuːnɑː	ɦ oː n a:
ɡft̪ɡuː	ɡ ʊ f t ɡ oʊ
ɑːlmی	a a: l ə m iː
یuːsf	j uː s ə f
کɑːlɑː	k a: l a:
xɑːsی	x a: s iː
shɑːft̪	s ɪ ɦ a: f ə t
bیuːی	b iː ʋ iː
mʔluːm	m aː l uː m
mlک	m ʊ l k
beː۔t͡ʃیn	b eː t͡ʃ eː n
کɑːlnɡ	k a: l ə ŋ ɡ
sɑːɽھeː	s aː r a
d̪uːpہr	d uː p ɛː ɽ
sیnکɽɑː	s ɛː ŋ k ɽ a:
sruːt̪	s ə ɽ ʋ ə t
ɡnbz	ɡ ʊ m b ə z
ɑːnd̪rɑː	ɪ n d r a:
mnsʈrɑː	m ə n s ʈ ɽ a:
ɑːٓfsیr	a: f s iː ɽ
ʈɑːiːٔیls	ʈ a: ɪ l s
ɡɑːɽی	ɡ a: ɽ iː
ɑːیuːnʈ	a: j uː n ʈ
ɑːlbt̪ہ	a l b ə t a:
یuːnʈs	j ʊ n ɪ t s
bہnɑː	b ɛ ɦ n a:
ɑːٓnکھ	a: kʰ
sیnɑː	s iː n a:
t͡ʃuːʈکی	t͡ʃʰ ʊ ʈ k iː
lmbɑː	l ə m b a:
snہ	s ɪ ŋ ɦ
t̪nd̪rst̪	t ə n d ʊ ɽ ʊ s t
ɑːٓɡɑːr	a: ɡ a: ɽ
ɑːmیt̪	a m iː t
sfɑːiːٔی	s ɪ f a: iː
xrیd̪nɑː	x ə ɽ iː d n a:
ɡlbrɡہ	ɡ ʊ l b ə ɽ ɡ ə
sیd̪	s eː d
ɑːlm	ə l ə m
ɑːیzɑːrsɑːnیuː◌̃	a: ɪ z a: ɽ s a: n iː ʊ n
bکs	b ə k s
ʃrکrɑː	ʃ ə ɽ k ə ɽ a:
brیہ	b ə ɽ j ə
ɑːmd̪ɑːd̪	ɪ m d a: d
ɑːnt̪xɑːb	ɪ n t ɪ x a: b
srznʃ	s ə ɽ z n ɪ ʃ
hrیt̪	ɦ ʊ r iː t
bɑːʃɑːہ	b a: ʃ a: ɦ
sکnɑː	s ə k n a:
bکm	b ʊ k m
t̪nd̪rst̪ی	t ə n d ʊ ɽ ʊ s t iː
bہt̪r	b ə ɦ ə t t ə ɽ
nہɑːیt̪	n ɪ ɦ a: j ə t
mt̪	m ə t
msʈrsnہɑː	m ɪ s ʈ ə r s n ə ɦ a:
nکslɑːiːٔʈ	n ɪ k s l a: iː t
d͡ʒuːr	d͡ʒ ʋ ə ɽ
hrd͡ʒ	ɦ ʊ r d͡ʒ
کluːmیʈr	k ɪ l oʊ m iː t ə ɽ
mhnt̪	m ɪ ɦ n ə t
ɑːٓd̪ھɑː	a: dʰ a:
ɣrz	ɣ ʊ r d z
zیrqیɑːd̪t̪	z i: r q iː a: d t
کیmیکl	k iː m iː k ə l
d̪d͡ʒlہ	d ə d͡ʒ l a:
sɑːiːٔیns	s a: ɪ n s
mɑːہ	m aː ɦ
d̪ɑːɣ	d a: ɣ
ɡھیrneː	ɡʰ iː r n eɪ
mqfl	m ʊ q f ʊ l
ɑːٓzmɑːnɑː	a: z m a: n a:
bیuːruː	b j ʊ ɽ oː
uːʃnuː	ʋ ɪ ʃ n uː
quːm	q ɔː m
pnکھɑː	p ə ŋ kʰ a:
کھuːکs	kʰ oː k s
ɑːnɡrیzی	ə ŋ ɡ ɽ eː z iː
bھuːt̪nی	bʰ uː t ɪ n iː
nکɑːl	n ɪ k a: l
ʃrt̪	ʃ ə ɽ t
smd͡ʒھd̪ɑːr	s ə m ə d͡ʒʰ d a: ɽ
bɑːrہɑː	b a: ɽ ɦ a:
nsrt̪	n ʊ s ɽ ə t
nیlɑː	n iː l a:
shیh	s ə ɦ iː
t̪uːhیd̪یt̪	t ɔː ɦ iː d ɪ j ə t
rɑːs	ɽ aː s
nہs	n ɛ ɦ s
ɡھɽیɑːl	ɡʰ ə ɽ ɪ j a: l
fɑːlhɑːl	f ɪ l ɦ a: l
کھʈɑːiːٔی	kʰ ə ʈ a: iː
d͡ʒsuːr	d͡ʒ ə s uː ɽ
bھکt̪ی	bʰ ə k t iː
rہnɑː	ɽ ə ɦ n a:
t͡ʃʈs	t͡ʃ ə ʈ s
brt͡ʃھیt̪	b ə ɽ t͡ʃʰ ɛː t
کھɑːt̪ɑː	kʰ a: t a:
t͡ʃہɑːrm	t͡ʃ ə ɦ a: ɽ ʊ m
d͡ʒd̪uːl	d͡ʒ ʊ d ʊ l
ɑːsʈیuːn	ɪ s t iː ʋ ə n
nmɑːiːٔnd̪ہ	n ʊ m a: ɪ n d ə ɦ
rکھɑː	ɽ ʊ kʰ a:
t̪nɑːz	t ə n a: z oː ʔ
mہɑːd͡ʒrt̪	m ʊ ɦ a: d͡ʒ ə ɽ ə t
lɑːʈھی	l a: ʈʰ iː
kɑː	k a:
uːd͡ʒuːd̪	ʋ ə d͡ʒ uː d
t̪lqیn	t ə l q iː n
xd̪ɑː	x ʊ d a:
rیکɑːrɖz	ɽ eɪ k a: ɽ ɖ z
nکt̪ہ	n ʊ k t a:
ɑːuːmیʃ	oː m iː ʃ
d̪ھuːsr	dʰ uː s ə r
lیnɑː	l eː n a:
hbʃ	ɦ ə b ə ʃ
ɑːɡɑːn	ə ɡ a: n
sیnیʈr	s iː n eː ʈ ə ɽ
suːɑːr	s ʋ a: ɽ
sruːnɑːm	s ə ɽ ʋ n a: m
mzɑːکrہ	m ʊ z a: k ə r a:
ʃbہɑːt̪	ʃ ə b ɦ a: t
qlm	q ə l ə m
کuːlکɑːt̪ɑː	k oː l k a: t a:
t͡ʃکnɑː	t͡ʃ ʊ k n a:
ʃɑːʔrی	ʃ a: j ɽ iː
nuːʈs	n oː ʈ s
sst̪ی	s ʊ s t iː
muːq	m ɔː q a:
ɑːlʔrfɑːiːٔ	ə l a ɽ f a: ɪ
snd͡ʒیd̪ɡی	s ʊ n d͡ʒ iː d ɡ iː
ruːzہ	ɽ oː z a:
t̪uːsیf	t ʋ o s iː f
d͡ʒɡɑːɽ	d͡ʒ ʊ ɡ a: ɽ
ɑːd̪ɑːsی	ʊ d a: s iː
ɑːst̪qbɑːl	ɪ s t ɪ q b a: l
pھlnɑː	pʰ ə l n a:
t̪mɑːm۔t̪r	t ʊ m a: m t ɽ
suːt͡ʃnɑː	s oː t͡ʃ n a:
ɖیuːlpmnʈ	ɖ iː oʊ l p m ə n ʈ
sیrیz	s iː ɽ iː z
srsیd̪	s ə ɽ s iː d
llɑːʈ	l ə l a: ʈ
fɑːlsiːٔی	f a: l s ə iː
ɑːیf	eː f
bɣiːr	b ə ɣ ɛː ɽ
ɑːnt̪xɑːbی	ɪ n t ɪ x a: b iː
t̪mھɑːrɑː	t ʊ m a: ɽ a:
qیd̪ی	q iː d iː
sɑːiːٔbrʈɑːuːrs	s a: ɪ b ə ɽ ʈ a: ʋ ə ɽ s
snɑːt̪n	s ə n a: t ə n
کmیuːnʈی	k a m j uː n ɪ ʈ iː
zیr۔qیɑːd̪t̪	z iː ɽ q iː a: d ə t
rnɡt̪	ɽ ə ŋ ɡ ə t
t̪یmuːr	t ɛː m uː ɽ
ʈیlی	ʈ iː l iː
nqɑːd̪	a ɪ n q a: d
ɡnd͡ʒɑːn	ɡ ʊ n d͡ʒ a: n
ɖɑːl	ɖ a: l
t͡ʃnd̪rbnd̪	t͡ʃ ə n d ə ɽ ə b ɪ n d ʊ
ʃکɑːیɑːt̪	ʃ iː k aː j aː t
ɑːt̪ls	ə t l ə s
sیrsہ	s eː ɽ s ə
mt̪ھrɑː	m ə tʰ ʊ ɽ a:
کھrd͡ʒuː	kʰ ə ɽ d͡ʒ uː
کuːʃʃ	k oː ʃ ɪ ʃ
ɡmbھیr	ɡ ə m bʰ iː ɽ
zmɑːnt̪	z ə m a: n ə t
sیnکɽuː◌̃	s eː n k ə ɽ oː n
nuːuːɑː◌̃	n ə u ʋ a:
ہrɑːnɑː	ɦ ə ɽ a: n a:
sɑːiːٔnsd̪ɑː◌̃	s a: ɪ n s d a: n
ɡھɑːuː	ɡʰ a: ʋ
zlɑː	z ʊ l a: a
zmہ۔d̪ɑːrɑːnہ	z ə m ɦ ɖ a: ɽ a: n a:
ɑːnکɖl	ɪ n k ə ɖ l
luːm	ʔ ʊ l uː m
d͡ʒɽuːɑː◌̃	d͡ʒ ʊ ɽ ʋ a:
d̪lt͡ʃsp	d ɪ l t͡ʃ ə s p
rnɖی	ɽ ə n ɖ iː
ɑːqɑːmt̪	ɪ q a: m ə t
ɡیnd̪	ɡ eː n d
mqbuːzہ	m ə q b uː z ə
ruːpeː	ɽ uː p eː
bɑːzɑːbt̪ہ	b a: z a: b ɪ t ɦ a:
d̪ھɑːrɑː	dʰ a: ɽ a:
bmbہ	b ə m b
ʈھیs	ʈʰ iː s
کʃmɑː	k ʂ ə m a:
ɖھɑːnک	ɖʰ a: n k
ɑːsکuːɑːɖ	a: s k uː a: d
xɑːt̪یuː◌̃	x a: t iː j oː n
ɑːzd̪uːɑːd͡ʒ	ɪ z d ɪ ʋ a: d͡ʒ
muːd͡ʒھی	m oʊ d͡ʒʰ iː
mیnɑː	m eː n a:
uːɑːqʔɑːt̪ی	ʋ a: q eː a: t iː
xɑːld̪	x a: l ɪ d
prیmiːٔr	p r eɪ m ɪə r
rɑːiːٔeːd̪ہی	ɽ aː ɪ ə d ɦ iː
ɡd͡ʒuːیl	ɡ ə d͡ʒ ʋ ə iː l
d̪biːٔی	d ʊ b ə iː
prʃnsɑː	p ɽ ə ʃ ə n s a:
ɑːnʃɑːʔ	ɪ n ʃ a: ʔ
nuːmuːہیuːn	n ʊ m ʊ ɦ iː ʊ n
t͡ʃuːt̪r	t͡ʃ uː t ə ɽ
کɑːr	k a: ɽ
ɑːfɣɑːnst̪ɑːn	ə f ɣ a: n ɪ s t a: n
prɑːɖکʈs	p ɽ a: ʈ k ʈ s
t̪mnɑː	t ə m ə n n a:
d̪rsɡɑːہ	d ə r s ɡ a: ɦ
bt̪	b ʊ t
کuːɖɑː	k ʊ d a:
mrhuːmہ	m ə ɽ ɦ uː m ə
ɣzہ	ɣ ə z ə
mt̪uːd͡ʒہ	m ʊ t ə ʋ ə d͡ʒ d͡ʒ ʊ ɦ
bd̪d̪ʔɑː	b ə d d ʊ a:
nbz	n ə b z
ɑːst̪snی	ɪ s t ɪ s n a: iː
ɑːreː	ə ɽ eː
ɑːsکیnɖls	ə s k iː n d ə l s
mnɑːn	m ʊ n a: n
brslz	b ɽ ə s ə l z
ɑːlھnd̪	ʔ ə l ɦ ɪ n d
کpt̪ɑːn	k ə p t a: n
ہuːmɡɑːrɖ	ɦ oː m ɡ aː r ɖ
کuːnsl	k oː n s ə l
d̪ہnd̪ہ	d ə ɦ n d ə
ɖruːns	ɖ ɽ oː n s
mہnɡی	m ə ɦ n ɡ iː
bɑːqɑːʔd̪ɡی	b a: q a: ʔ ɪ d ɡ iː
pʈeː	p a t eɪ
ɑːd̪l	a a: d ə l
rɑːmɑːiːٔn	ɽ a: m a: j ə n
ɑːٓs	a: s
ɡrɑːnʈs	ɡ r a: n t s
muːٔzn	m ʊ ə z z ɪ n
ʈɑːiːٔlʈ	ʈ a: ɪ l ʈ
d͡ʒnrl	d͡ʒ ə n ɽ ə l
zɑːiːٔd̪	z a: ɪ d
t̪nɡ	t ə ŋ ɡ
ɑːɽیuːɑː	ə ɽ eː ʋ a:
کɑːlsɑːnɡrɑː	k a: l s a: ŋ ɡ r a:
d͡ʒھnɖɑː	d͡ʒʰ ə n ɖ a:
huːیlی	ɦ ə ʋ eː l iː
mکھn	m ə kʰ ə n
کpuːt̪	k ə p oː t
mɑːrکʈs	m a: r k ɪ t s
mیnʈn	m eː n ʈ n
hd͡ʒr	ɦ ə d͡ʒ ɽ
snuːɑːr	s ʊ n ʋ a: r
zɑːiːٔqہ	z a: j q a:
mکɑːnpuːr	m ə k a: n p ɔː ɽ
xsrہ	x ə s ɽ a:
ɑːlfɑːz	a l f a: z
qɑːsmی	q aː s m iː
bھɑːluː	bʰ a: l uː
t͡ʃuːmnɑː	t͡ʃ uː m n a:
یsیٰ	iː s a:
t̪nɑːzr	t ə n a: z ə r
ɡlɑːnی	ɡ l a: n iː
d͡ʒrmnی	d͡ʒ ə ɽ m ə n iː
d̪ɑːm	d a: m
کʃd̪ھɑː	k ʂ ʊ dʰ a:
bd͡ʒlی	b ɪ d͡ʒ l iː
pɑːuːr	p a: ʋ ə ɽ
uːɑːhd̪	ʋ a: ɦ ɪ d
bɽھuːt̪rی	b a ɽ ʊ t ɽ iː
کھnک	kʰ ə n ə k
suːiːmuːr	s ʋ ə j ə m ʋ ə ɽ
ruːs	ɽ uː s
qیmt̪ی	q iː m ə t iː
d͡ʒbrی	d͡ʒ ʊ b r iː
rیکɑːrɖکrd̪ہ	r eː k a: r ʈ k ʊ r d ə ɦ
t͡ʃھuːʈɑː	t͡ʃʰ oː ʈ a:
xɑːrd͡ʒہ	x a: ɽ ɪ d͡ʒ a:
ɖuːd͡ʒی	ɖ oː d͡ʒ iː
uːɑːrsɑː	ʋ a: ɽ s a:
snnɑː	s ʊ n n a:
flst̪یn	f ɪ l ɪ s t iː n
mʈnɑː	m ɪ ʈ n a:
ɡnɡuːlی	ɡ ʊ ŋ ɡ ɔː l iː
md͡ʒrmɑːnہ	m ʊ d͡ʒ ɽ ɪ m a: n a:
کɑːrn	k a: ɽ ə n
ہmی◌̃	ɦ ə m e:
یn	iː n
d͡ʒuːہr	d͡ʒ ɔː ɦ ə ɽ
slɑːh	s ʊ l a: ɦ
ʃq	ɪ ʃ q
suːʈ	s uː ʈ
ʃrی	ʃ ɽ iː
ɑːxlɑːq	ə x l a: q
ɑːɡrbt̪ی	ə ɡ ə ɽ b ə t t iː
ʃuːɑːr	ʃ oː aː r a
ɑːnʃuːrns	ɪ n ʃ ʊ r ə n s
t͡ʃuːt̪ɽ	t͡ʃ uː t ə ɽ
bھuːɡ	bʰ ʊ ɡ
ککʃ	k ə k ʃ
rɑːuː	r aː ʋ
ɡnd̪ɑː	ɡ ʊ n d a:
nɑːrɑːz	n a: ɽ a: z
fہd̪	f ə ɦ d
mrnɑː	m ə ɽ n a:
ɑːhہ	ɪ ɦ
sld͡ʒuːqی	s ə l d͡ʒ uː q iː
t̪mɑːʃہ	t ʊ m a: ʃ a:
ɑːzt̪rɑːrی	ɪ z t ɪ ɽ a: ɽ iː
ɑːluːd̪ɑː	ə l ʋ ɪ d a:
t͡ʃھuːʈ	t͡ʃʰ uː ʈ
ɑːuːsuː	ɔː s o
lکʒrی	l ʊ k z ʊ r iː
znd̪ہ	z ɪ n d a:
t̪ʔɑːqb	t a a: q ʊ b
d̪uːsrɑː	d uː s ɽ a:
nɑːiːٔʈ	n aɪ t
mrd̪ɑːnہ	m ə ɽ d a: n a:
ɑːuːqɑːf	ɔː q a: f
t̪xlیہ	t ə x l iː ə
zbt̪	z a b t
t͡ʃھɑːn	t͡ʃʰ a: n
d̪uːst̪ɑːnہ	d oː s t a: n a:
کیmیɑːiːٔی	k iː m ɪ j a: iː
ɡɑːɽ	ɡ a: ɽ
suːہɑːl	s uː ɦ aː l
prd̪یʃ	p ɽ ə d iː ʃ
کnd͡ʒی	k ʊ n d͡ʒ iː
muːہnی	m oː ɦ n iː
ld̪ɑːx	l ə d a: x
d͡ʒی	d͡ʒ iː
pیrs	p ɛː ɽ ɪ s
t̪qrیbɑːً	t ə q ɽ iː b ə n
ɑːnsیt̪	ɪ n s iː t
ɑːrt̪ʔɑːʃ	ɪ ɽ t eː a: ʃ
sfیd̪	s ə f eː d
nbی	n ə b iː
mzɑːہrہ	m ʊ z a: ɦ ɪ ɽ a:
bکrɑː	b ə k ɽ a:
nzm	n ə z ə m
کہnɑː	k ə ɦ n a:
ɑːlnکɑːr	ə l ə ŋ k a: ɽ
rɑːہd̪ɑːrی	ɽ a: ɦ d a: ɽ iː
nst̪ʔlیq	n ə s t a: l iː q
nbɑːt̪یɑːt̪	n ə b a: t ɪ j a: t
fsl	f a s l
mʔbuːd̪	m a: ʔ b uː d
d̪nd̪nɑː	d ə n d ə n a:
d͡ʒuːnیr	d͡ʒ ʊ n iː ɽ
seː	s eː
کb	k a b
ruːp	ɽ uː p
t̪یrnɑː	t ɛː ɽ n a:
ɑːٓnd̪ھی	a: n dʰ iː
nɑːʈ	n a: ʈ
lln	l ʊ l ə n
کsmprsی	k ə s m ʊ p r ə s iː
ruːzn	ɽ ɔː z ə n
ɡɑːrɖیuːlɑː	ɡ aː ɽ ɖ iː oː l aː
mیɡھ	m eː ɡʰ
pɑːnt͡ʃ	p a: t͡ʃ
d̪ɑːmuːd̪r	d a: m uː d a r
bɑːl	b a: l
ɑːnqlɑːb	ɪ n q ɪ l a: b
d͡ʒpnɑː	d͡ʒ ə p n a:
d͡ʒrɑːsیm	d͡ʒ ə ɽ a: s iː m
mqd̪sہ	m ʊ q ə d d ə s a:
ɖnکrک	ɖ ə n k ə ɽ k
d͡ʒl	d͡ʒ ə l
ہuːs	ɦ ə ʋ ə s
ɣیrmhfuːz	ɣ ɛː ɽ m ɦ ʊ f ʊ z
qیɑːm	q iː a: m
ɣflt̪	ɣ ə f l ə t
lɑːiːٔیnz	l aɪ n z
mhmd̪uː	m ʊ ɦ ə m ə d ʋ oʊ
nuːbt̪	n ɔː b ə t
mrکnd̪ہ	m ʊ ɽ k ə n d ə
d͡ʒɑːiːٔzہ	d͡ʒ a: ɪ z a:
mfɑːہmt̪	m ʊ f a: ɦ ɪ m ə t
srکɑːr	s ə ɽ k a: ɽ
mʔɑːld͡ʒہ	m a a a: l ɪ d͡ʒ a:
buːɑːiːٔz	b oʊ z
ہیɖکuːɑːrʈr	ɦ iː ʈ k ʋ a: ɽ ʈ ə ɽ
mʔlnہ	m a ə l ə n ə ɦ
pیɑːz	p ɪ j a: z
ɡd̪ھ	ɡ ɪ d dʰ
mیnɖs	m eː n ɖ s
ہt͡ʃکnɑː	ɦ ɪ t͡ʃ ə k n a:
t̪rɑːbls	t ɽ a: b ʊ l s
bzɑːہr	b ə z a: ɦ ɪ ɽ
ɑːیnʈی	ʔ eː n ʈ iː
d͡ʒluːs	d͡ʒ ʊ l uː s
ʃہzɑːd̪ہ	ʃ ə ɦ z a: d a:
brmɑː	b ə ɽ m a:
ɑːpd̪hɑːn	ʊ p dʰ a: n
کuːɑːrی	k ʋ a: r iː
nɑːzm	n a: z ɪ m
d͡ʒd̪ɑː	d͡ʒ ʊ d a:
ɑːsکɑːm	ə s k a: m
t͡ʃھʈی	t͡ʃʰ ʊ ʈ iː
ɡnɡ	ɡ ʊ ŋ ɡ
mیکsیکuː	m eː k s iː k oː
bd̪ھɑː	b ʊ dʰ a:
ʃnt̪ɑːnuː	ʃ ə n t ə n uː
uːnɑː	ʋ ɪ n a:
zbrd̪st̪ی	z ʊ b ɽ d ʊ s t iː
smprd̪ɑːeː	s ə m p ɽ ə d a: eː
d̪ɑːʔʃ	d a: ʔ ɪ ʃ
bleː	b ʊ l eː
t̪uː	t uː
mft̪	m ʊ f t
ɑːʈɑːpʈuː	a t aː p t o
d̪ld͡ʒmʔی	d ə l d͡ʒ ʊ m a iː
fuːn	f o: n
prɑːɖکʈ	p ɽ aː ɖ a k ʈ
xrɑːʃ	x ə ɽ a: ʃ
nsq	n ɪ s q
ɑːst̪ʔmɑːl	ɪ s t eː m a: l
t͡ʃیmpیn	t͡ʃ iː m p iː n
ɑːmd̪ɑːd̪ی	ə m d a: d iː
ɑːٓsیb	a: s eː b
ɑːpst̪ھt̪	ʊ p ə s tʰ ɪ t
bیnɑːlɑːquːɑːmی	b eɪ n a: l a: q ʋ a: m iː
کیt̪یʃ	k eː t iː ʃ
suːprɑːsʈɑːr	s uː p ɽ a: s ʈ a: ɽ
mhruːm	m ə ɦ ɽ uː m
کیmp	k eː m p
nɑːfzɑːlʔml	n aː f iː z ʔ ə l a ə m ə l
ɑːnuːrɑːllہ	a: n ʋ ə r a: l l a: ɦ
ɡluː	ɡ ʊ l oː , ɡ ʊ l uː , ɡ ə l uː
ہt̪ھیlی	ɦ ə tʰ eː l iː
d͡ʒuːfrی	d͡ʒ o f r iː
کɑːmrs	k aː m ə ɽ s
ɑːrکnsɑːs	a: ɽ k ə n s a: s
mmt̪ɑː	m ʊ m t a:
t͡ʃھuːʈnɑː	t͡ʃʰ uː ʈ n a:
ɡɑːiːٔیɖns	ɡ a: iː d n s
pnیsr	p a n iː s ɛ r
bʃmuːl	b ə ʃ m ʊ l
puːʃیd̪ہ	p oː ʃ iː d ə
mʃکl	m ʊ ʃ k ɪ l
t̪ʔd̪ɑːd̪	t ə ʔ d a: d
frq	f ɽ q
msnuːʔɑːt̪	m ʊ s n u: a a: t
pɑːuːٔɖr	p a: ʊ ʈ ə ɽ
ʈھیک	ʈʰ iː k
mʔt̪md̪	m ʊ ʔ t ə m ɪ d
کہɑːuːt̪	k ə ɦ a: ʋ ə t
flpɑːiːٔn	f ɪ l ɪ p a: ɪ n
snd̪ھ	s ɪ n dʰ
xbrی◌̃	x ə b ɽ iː n
d͡ʒuːɽ	d͡ʒ oː ɽ
qmیz	q ə m iː z
d̪یuːbnd̪ی	d eː ʋ b ə n d iː
mɑːیہ	m aː j ɦ
ɑːbɑːbیl	ə b a: b iː l
کfr	k ə f ə r
uːʃɑːکھɑː	ʋ ʊ ʃ a: kʰ a:
t̪lɑːʃ	t ə l a: ʃ
کlb	k ʊ l b
t̪یzɑːb	t eː z aː b
t͡ʃɑːnslr	t͡ʃ a: n s ə l ə ɽ
ɑːٓluːd̪ɡی	a: l uː d ə ɡ iː
mɑːn	ʔ o m a: n
t̪bd̪یlی	t a b d iː l iː
zrیʔہ	z ə ɽ ɪ j ə
d͡ʒہnm	d͡ʒ ə ɦ ə n n ə m
mrɑːsm	m ʊ r aː s ɪ m
ɑːnɡlی	ʊ ŋ ɡ l iː
ہuːɑː	ɦ ə ʋ a:
qst̪	q ɪ s t
uːlt̪ھɑːʈی	ʋ ʊ l tʰ a: ʈ iː
qrmzی	q ɪ ɽ m ɪ z iː
bd̪	a ʊ b d
ɑːlmslmیn	ʊ l m ʊ s l iː m iː n
pکɑːr	p ʊ k a: ɽ
slm	s ʊ l m
ɣیrmuːsmی	ɣ ɛː ɽ m oː s m iː
t͡ʃیlnd͡ʒ	t͡ʃ eː l n d͡ʒ
mzhکہ	m ʊ z ɦ a: k ə
ʃɑːʔrہ	ʃ a: j ɽ a:
ہɑːnکnɑː	ɦ a: ŋ k n a:
ɑːspɑːʈ	ɪ s p a: ʈ
prsکuːn	p ə ɽ s k uː n
ɣruːr	ɣ ʊ ɽ uː ɽ
d͡ʒɡnuː	d͡ʒ ʊ ɡ n uː
bnɑːuːʈی	b ə n a: ʋ ə ʈ iː
lکʃmn	l ʊ k ʃ m ʊ n
ʈکʈs	ʈ ɪ k ʈ s
d͡ʒsuːnt̪	d͡ʒ ʊ s ʊ n t
rɑːt̪	ɽ a: t
hlqہ	ɦ ə l q ə
ɑːکɑːiːٔی	a: k a: iː
bɑːmʃqt̪	b a: m ʃ q a t
mیd̪ɑːn	m eː d a: n
mɑːhuːl	m a: ɦ ɔː l
uːfɑːq	ʋ ɪ f a: q
suːɑːrی	s ʋ a: ɽ iː
xt̪m	x ə t m
t͡ʃrbی	t͡ʃ ə ɽ b iː
mہrbn	m ə ɦ r b ə n
کھlɑːɽی	kʰ l a: ɽ iː
brmnɡھm	b ə ɽ m ɪ n ɡʰ ə m
bɑːiːٔیsکl	b a: iː s ɪ k ə l
کt̪ɑː	k ʊ t t a:
beːہuːʃ	b eː ɦ oː ʃ
کpɑːs	k ə p a: s
d̪یruːz	d iː ɽ oː z
ɑːd͡ʒnbی	ə d͡ʒ n ə b iː
d͡ʒlɑːnɑː	d͡ʒ ə l a: n a:
lfz	l ə f z
t̪mnt͡ʃh	t ə m ə n t͡ʃ a:
d̪ɑːd̪ɑː	d a: d a:
bd̪ɑːlhmیd̪	a b d ʊ l ɦ ə m iː d
ɑːst̪bl	ə s t ə b ə l
کہrɑː	k ʊ ɦ ɽ a:
ɡھɽی	ɡʰ ə ɽ iː
uːzیrd̪ɑːxlہ	ʋ ə z iː r d a: x l ə
mnɖɑː	m ʊ n ɖ a:
کھɽeː	kʰ ə ɽ eː
mnیd͡ʒr	m ə n iː d͡ʒ ə r
uːd͡ʒیہ	ʋ ə d͡ʒ iː ɦ
ہɑːiːٔیکuːrʈ	ɦ aː iː k ɔː ɽ ʈ
pd̪mɑː	p ə d m a:
mqrrہ	m ʊ q ɽ a: ɽ ə
mr	m ə ɽ
ɑːیʈɑː	eɪ ʈ a:
ɣzuːۂ	ɣ ə z ʋ ə
pʈɑːxɑː	p ə ʈ a: x a:
smn	s ʊ m ə n
rɑːd͡ʒst̪ھɑːn	ɽ a: d͡ʒ s tʰ a: n
