aiɡaɴ	a̠ i ɡ ã̠ ɴ
aiɲikɯ	a̠ i ɲ̟ i k ɯ̟ᵝ
aijo	a̠ i j o̞
aoɡeːtoɯ	a̠ o̞ ɡ e̞ː t o̞ː
aoba	a̠ o̞ b a̠
aomoɾʲikeŋ	a̠ o̞ m o̞ ɾʲ i k ẽ̞ ɴ
aɡakʲi	a̠ ɡ a̠ kʲ i
akɯsekɯ	a̠ k ɯ̟ᵝ s e̞ k ɯ̟ᵝ
akɯɲit͡ɕi	a̠ k ɯ̟ᵝ ɲ̟ i t͡ɕ i
aɡehat͡ɕoɯ	a̠ ɡ e̞ h a̠ t͡ɕ o̞ː
asaiɾo	a̠ s a̠ i ɾ o̞
asatte	a̠ s a̠ t̚ t e̞
azaɰaɾaɯ	a̠ z a̠ ɰᵝ a̠ ɾ a̠ ɯ̟ᵝ
akkenai	a̠ k̚ k e̞ n a̠ i
assakɯ	a̠ sː a̠ k ɯ̟ᵝ
at͡sɯkɯɾɯɕiː	a̠ t͡s ɨᵝ k ɯ̟ᵝ ɾ ɯ̟ᵝ ɕ iː
at͡sɯɾaeɾɯ	a̠ t͡s ɨᵝ ɾ a̠ e̞ ɾ ɯ̟ᵝ
aɲi	a̠ ɲ̟ i
amadeɾa	a̠ m a̠ d e̞ ɾ a̠
amanekɯ	a̠ m a̠ n e̞ k ɯ̟ᵝ
aɾai	a̠ ɾ a̠ i
aɾɯ	a̠ ɾ ɯ̟ᵝ
aŋkoɯ	ã̠ ŋ k o̞ː
aãɕiʑɯt͡sɯ	ã̠ ɰ̃ ɕ i ʑ ɨᵝ t͡s ɨᵝ
annaɲi	ã̠ nː a̠ ɲ̟ i
ammaɾʲi	ã̠ mː a̠ ɾʲ i
iːŋkai	i ĩ ŋ k a̠ i
iɯ	i ɯ̟ᵝ
iɕikaɰakeŋ	i ɕ i k a̠ ɰᵝ a̠ k ẽ̞ ɴ
iɕiɡantoɯ	i ɕ i ɡ ã̠ n t o̞ː
iɕidatamʲi	i ɕ i d a̠ t a̠ mʲ i
iɕɯː	i ɕ ɨᵝː
isɯzɯ	i s ɨᵝ z ɨᵝ
izɯnokɯɲi	i z ɨᵝ n o̞ k ɯ̟ᵝ ɲ̟ i
izɯɾe	i z ɨᵝ ɾ e̞
iseː	i s e̞ː
ita	i t a̠
itaɕa	i t a̠ ɕ a̠
it͡ɕiʑikɯka	i t͡ɕ i ʑ i k ɯ̟ᵝ k a̠
it͡ɕiɲimmae	i t͡ɕ i ɲ̟ ĩ mː a̠ e̞
it͡ɕihajakɯ	i t͡ɕ i h a̠ j a̠ k ɯ̟ᵝ
it͡ɕibɯ	i t͡ɕ i b ɯ̟ᵝ
it͡ɕait͡ɕa	i t͡ɕ a̠ i t͡ɕ a̠
iɕɕɯː	i ɕː ɯ̟ᵝː
iɕɕokɯ	i ɕː o̞ k ɯ̟ᵝ
ittemaiɾʲimasɯ	i t̚ t e̞ m a̠ i ɾʲ i m a̠ s ɨᵝ
ippand͡ʑiŋ	i p̚ p ã̠ ɲ̟ d͡ʑ ĩ ɴ
inase	i n a̠ s e̞
inot͡ɕi	i n o̞ t͡ɕ i
ihaɴ	i h ã̠ ɴ
iboʑi	i b o̞ ʑ i
iɰakɯt͡sɯkʲi	i ɰᵝ a̠ k ɯ̟ᵝ t͡s ɨᵝ kʲ i
ɯekʲibat͡ɕi	ɯ̟ᵝ e̞ kʲ i b a̠ t͡ɕ i
ɯesama	ɯ̟ᵝ e̞ s a̠ m a̠
ɯɕiɾoaɾɯkʲi	ɯ̟ᵝ ɕ i ɾ o̞ a̠ ɾ ɯ̟ᵝ kʲ i
ɯsoçime	ɯ̟ᵝ s o̞ ç i m e̞
ɯmaɾet͡sɯkʲi	ɯ̟ᵝ m a̠ ɾ e̞ t͡s ɨᵝ kʲ i
ɯmekɯ	ɯ̟ᵝ m e̞ k ɯ̟ᵝ
ɯɾa	ɯ̟ᵝ ɾ a̠
ɯɾabʲoɯɕi	ɯ̟ᵝ ɾ a̠ bʲ o̞ː ɕ i
ɯɾʲi	ɯ̟ᵝ ɾʲ i
ɯɾotaeɾɯ	ɯ̟ᵝ ɾ o̞ t a̠ e̞ ɾ ɯ̟ᵝ
ɯndoɯont͡ɕi	ɯ̟̃ᵝ n d o̞ː õ̞ ɲ̟ t͡ɕ i
ɯndoɯɾʲoɯ	ɯ̟̃ᵝ n d o̞ː ɾʲ o̞ː
esa	e̞ s a̠
esaɕi	e̞ s a̠ ɕ i
eɾʲi	e̞ ɾʲ i
end͡zand͡zoɯɸɯkɯkʲi	ẽ̞ n d͡z ã̠ n d͡z o̞ː ɸ ɯ̟ᵝ k ɯ̟̊ᵝ kʲ i
eẽɕɯː	ẽ̞ ɰ̃ ɕ ɨᵝː
entakɯ	ẽ̞ n t a̠ k ɯ̟ᵝ
endai	ẽ̞ n d a̠ i
ent͡ɕɯːçoɯ	ẽ̞ ɲ̟ t͡ɕ ɨᵝː ç o̞ː
ent͡ɕoɯseŋ	ẽ̞ ɲ̟ t͡ɕ o̞ː s ẽ̞ ɴ
embʲiɸɯkɯ	ẽ̞ m bʲ i ɸ ɯ̟̊ᵝ k ɯ̟ᵝ
empʲit͡sɯ	ẽ̞ m pʲ i̥ t͡s ɨᵝ
oitat͡sɯ	o̞ i t a̠ t͡s ɨᵝ
oɯkokɯ	o̞ː k o̞ k ɯ̟ᵝ
oɯɡond͡ʑidai	o̞ː ɡ õ̞ ɲ̟ d͡ʑ i d a̠ i
oɯʑoɯɡʲiɰa	o̞ː ʑ o̞ː ɡʲ i ɰᵝ a̠
oɯheː	o̞ː h e̞ː
oɯɾeŋ	o̞ː ɾ ẽ̞ ɴ
oːzɯmoɯ	o̞ː z ɨᵝ m o̞ː
okaɾa	o̞ k a̠ ɾ a̠
okaɾakoɯʑi	o̞ k a̠ ɾ a̠ k o̞ː ʑ i
okʲakɯ	o̞ kʲ a̠ k ɯ̟ᵝ
okʲiɾɯ	o̞ kʲ i ɾ ɯ̟ᵝ
oɡʲinaɯ	o̞ ɡʲ i n a̠ ɯ̟ᵝ
okoɡamaɕiː	o̞ k o̞ ɡ a̠ m a̠ ɕ iː
okomoɾʲi	o̞ k o̞ m o̞ ɾʲ i
okoɾɯ	o̞ k o̞ ɾ ɯ̟ᵝ
oɕabɯɾʲi	o̞ ɕ a̠ b ɯ̟ᵝ ɾʲ i
oʑiɯe	o̞ ʑ i ɯ̟ᵝ e̞
osoɾeɾɯ	o̞ s o̞ ɾ e̞ ɾ ɯ̟ᵝ
ot͡ɕi	o̞ t͡ɕ i
otoko	o̞ t o̞ k o̞
otokoɡao	o̞ t o̞ k o̞ ɡ a̠ o̞
otokonoko	o̞ t o̞ k o̞ n o̞ k o̞
oɸɯkɯɾo	o̞ ɸ ɯ̟̊ᵝ k ɯ̟ᵝ ɾ o̞
obekka	o̞ b e̞ k̚ k a̠
omae	o̞ m a̠ e̞
omaŋko	o̞ m ã̠ ŋ k o̞
omoit͡sɯkʲi	o̞ m o̞ i t͡s ɨᵝ kʲ i
omoijaɾʲi	o̞ m o̞ i j a̠ ɾʲ i
omompakaɾɯ	o̞ m õ̞ m p a̠ k a̠ ɾ ɯ̟ᵝ
oja	o̞ j a̠
ojasɯmʲiɲinaɾɯ	o̞ j a̠ s ɨᵝ mʲ i ɲ̟ i n a̠ ɾ ɯ̟ᵝ
ojobʲi	o̞ j o̞ bʲ i
oɾʲiɾɯ	o̞ ɾʲ i ɾ ɯ̟ᵝ
ondoɾʲi	õ̞ n d o̞ ɾʲ i
onnaɡao	õ̞ nː a̠ ɡ a̠ o̞
oõjomʲi	õ̞ ɰ̃ j o̞ mʲ i
kaiaɰase	k a̠ i a̠ ɰᵝ a̠ s e̞
kaiket͡sɯ	k a̠ i k e̞ t͡s ɨᵝ
kaikokɯ	k a̠ i k o̞ k ɯ̟ᵝ
kaizokɯbaɴ	k a̠ i z o̞ k ɯ̟ᵝ b ã̠ ɴ
kaiɾaiɕi	k a̠ i ɾ a̠ i ɕ i
kaesɯɡaesɯ	k a̠ e̞ s ɨᵝ ɡ a̠ e̞ s ɨᵝ
kaɡakɯhakɯbɯt͡sɯkaɴ	k a̠ ɡ a̠ k ɯ̟ᵝ h a̠ k ɯ̟ᵝ b ɯ̟ᵝ t͡s ɨ̥ᵝ k ã̠ ɴ
kaɡamɯ	k a̠ ɡ a̠ m ɯ̟ᵝ
kakʲitoɾɯ	k a̠ kʲ i t o̞ ɾ ɯ̟ᵝ
kaɡʲi	k a̠ ɡʲ i
kakɯtaɾɯ	k a̠ k ɯ̟ᵝ t a̠ ɾ ɯ̟ᵝ
kaɡeː	k a̠ ɡ e̞ e̞
kasai	k a̠ s a̠ i
kazai	k a̠ z a̠ i
kaɕiko	k a̠ ɕ i̥ k o̞
kaɕa	k a̠ ɕ a̠
kazɯkazɯ	k a̠ z ɨᵝ k a̠ z ɨᵝ
kaze	k a̠ z e̞
kasoɾɯ	k a̠ s o̞ ɾ ɯ̟ᵝ
katate	k a̠ t a̠ t e̞
katanakaʑi	k a̠ t a̠ n a̠ k a̠ ʑ i
kakkoɯɰaɾɯi	k a̠ k̚ k o̞ː ɰᵝ a̠ ɾ ɯ̟ᵝ i
kasseŋ	k a̠ sː ẽ̞ ɴ
kat͡sɯekʲi	k a̠ t͡s ɨᵝ e̞ kʲ i
kat͡sɯɾa	k a̠ t͡s ɨᵝ ɾ a̠
kanoɯ	k a̠ n o̞ː
kaɸɯka	k a̠ ɸ ɯ̟ᵝ k a̠
kamaboko	k a̠ m a̠ b o̞ k o̞
kamʲiaɰaseɾɯ	k a̠ mʲ i a̠ ɰᵝ a̠ s e̞ ɾ ɯ̟ᵝ
kamʲiɕibai	k a̠ mʲ i ɕ i b a̠ i
kaɾa	k a̠ ɾ a̠
kaɾasɯtombʲi	k a̠ ɾ a̠ s ɨ̥ᵝ t õ̞ m bʲ i
kaɾada	k a̠ ɾ a̠ d a̠
kaɾɯ	k a̠ ɾ ɯ̟ᵝ
kaɾɯi	k a̠ ɾ ɯ̟ᵝ i
kaŋkoõsoɯsai	k ã̠ ŋ k õ̞ ɰ̃ s o̞ː s a̠ i
kaãɕit͡sɯkeː	k ã̠ ɰ̃ ɕ i t͡s ɨᵝ k e̞ː
kaãseŋ	k ã̠ ɰ̃ s ẽ̞ ɴ
kantaɴ	k ã̠ n t ã̠ ɴ
ɡaikoɯkaɴ	ɡ a̠ i k o̞ː k ã̠ ɴ
ɡait͡ɕoɯ	ɡ a̠ i t͡ɕ o̞ː
ɡaɡoɯ	ɡ a̠ ɡ o̞ː
ɡat͡ɕoɯ	ɡ a̠ t͡ɕ o̞ː
ɡakko	ɡ a̠ k̚ k o̞
ɡatteŋ	ɡ a̠ t̚ t ẽ̞ ɴ
ɡaɲimata	ɡ a̠ ɲ̟ i m a̠ t a̠
ɡaɾʲibeŋ	ɡ a̠ ɾʲ i b ẽ̞ ɴ
ɡaŋkʲɯː	ɡ ã̠ ŋʲ kʲ ɨᵝː
kʲieɾɯ	kʲ i e̞ ɾ ɯ̟ᵝ
kʲiɡa	kʲ i ɡ a̠
kʲikʲihazɯsɯ	kʲ i kʲ i h a̠ z ɨᵝ s ɨᵝ
kʲikokɯɕiʑo	kʲ i k o̞ k ɯ̟ᵝ ɕ i ʑ o̞
kʲiʑɯt͡sɯ	kʲ i ʑ ɨᵝ t͡s ɨᵝ
kʲiʑo	kʲ i ʑ o̞
kʲisokɯ	kʲ i s o̞ k ɯ̟ᵝ
kʲibʲiɕiː	kʲ i bʲ i ɕ i i
kʲakɯɕokɯ	kʲ a̠ k ɯ̟ᵝ ɕ o̞ k ɯ̟ᵝ
kʲɯːɡekʲi	kʲ ɨᵝː ɡ e̞ kʲ i
kʲoɯɡoɯʑoɯtai	kʲ o̞ː ɡ o̞ː d͡ʑ o̞ː t a̠ i
kʲoɯɕa	kʲ o̞ː ɕ a̠
kʲoɯɕoɯ	kʲ o̞ː ɕ o̞ː
kʲoɯʑoɯ	kʲ o̞ː ʑ o̞ː
kʲoɯseːɕɯːjoɯʑo	kʲ o̞ː s e̞ː ɕ ɨᵝː j o̞ː ʑ o̞
kʲoɯsoɯkʲokɯ	kʲ o̞ː s o̞ː kʲ o̞ k ɯ̟ᵝ
kʲoɯteŋ	kʲ o̞ː t ẽ̞ ɴ
kʲoɯdoɯɕɯɕɕi	kʲ o̞ː d o̞ː ɕ ɨᵝ ɕː i
kʲokɯɡeŋ	kʲ o̞ k ɯ̟ᵝ ɡ ẽ̞ ɴ
kʲijo	kʲ i j o̞
kʲiɾeː	kʲ i ɾ e̞ː
kʲintekʲi	kʲ ĩ n t e̞ kʲ i
kʲiĩjokɯ	kʲ ĩ ɰ̃ j o̞ k ɯ̟ᵝ
ɡʲakɯsat͡sɯ	ɡʲ a̠ k ɯ̟ᵝ s a̠ t͡s ɨᵝ
ɡʲiɾʲiɡʲiɾʲi	ɡʲ i ɾʲ i ɡʲ i ɾʲ i
ɡʲimpo	ɡʲ ĩ m p o̞
kɯtabʲiɾeɾɯ	k ɯ̟ᵝ t a̠ bʲ i ɾ e̞ ɾ ɯ̟ᵝ
kɯdaɾaɡoto	k ɯ̟ᵝ d a̠ ɾ a̠ ɡ o̞ t o̞
kɯt͡ɕizɯsamɯ	k ɯ̟ᵝ t͡ɕ i z ɨᵝ s a̠ m ɯ̟ᵝ
kɯt͡sɯɕita	k ɯ̟̊ᵝ t͡s ɨᵝ ɕ i̥ t a̠
kɯbʲittake	k ɯ̟ᵝ bʲ i t̚ t a̠ k e̞
kɯhentoɯjɯ	k ɯ̟ᵝ h ẽ̞ n t o̞ː j ɯ̟ᵝ
kɯjaɕiː	k ɯ̟ᵝ j a̠ ɕ iː
kɯɾɯi	k ɯ̟ᵝ ɾ ɯ̟ᵝ i
kɯɾɯizakʲi	k ɯ̟ᵝ ɾ ɯ̟ᵝ i z a̠ kʲ i
kɯɰa	k ɯ̟ᵝ ɰᵝ a̠
kɯɰaɰaɾɯ	k ɯ̟ᵝ ɰᵝ a̠ ɰᵝ a̠ ɾ ɯ̟ᵝ
ɡɯːzoɯsɯːhai	ɡ ɯ̟ᵝː z o̞ː s ɨᵝː h a̠ i
ɡɯseː	ɡ ɯ̟ᵝ s e̞ː
ɡɯt͡ɕiokobosɯ	ɡ ɯ̟ᵝ t͡ɕ i o̞ k o̞ b o̞ s ɨᵝ
ɡɯmpʲi	ɡ ɯ̟̃ᵝ m pʲ i
keːkoɯçiɲiĩjakɯ	k e̞ː k o̞ː ç i ɲ̟ ĩ ɰ̃ j a̠ k ɯ̟ᵝ
keːɾʲoɯkʲi	k e̞ː ɾʲ o̞ː kʲ i
keta	k e̞ t a̠
ket͡sɯket͡sɯ	k e̞ t͡s ɨᵝ k e̞ t͡s ɨᵝ
keɾedomo	k e̞ ɾ e̞ d o̞ m o̞
keŋɡʲɯːseː	k ẽ̞ ŋʲ ɡʲ ɨᵝː s e̞ː
keŋɡʲoɯ	k ẽ̞ ŋʲ ɡʲ o̞ː
kend͡ʑoɯɕa	k ẽ̞ ɲ̟ d͡ʑ o̞ː ɕ a̠
ke゚	ŋ e̞
ɡekʲi	ɡ e̞ kʲ i
ɡekka	ɡ e̞ k̚ k a̠
ɡemmet͡sɯ	ɡ ẽ̞ mː e̞ t͡s ɨᵝ
koɯkʲɯː	k o̞ː kʲ ɨᵝː
koɯkɯː	k o̞ː k ɯ̟ᵝː
koɯɡo	k o̞ː ɡ o̞
koɯt͡ɕiɕo	k o̞ː t͡ɕ i ɕ o̞
koɯt͡sɯːkʲikaɴ	k o̞ː t͡s ɨᵝː kʲ i k ã̠ ɴ
koɯɲit͡ɕi	k o̞ː ɲ̟ i t͡ɕ i
koɯmoɾʲi	k o̞ː m o̞ ɾʲ i
koɯɾa	k o̞ː ɾ a̠
koɯɾʲakɯ	k o̞ː ɾʲ a̠ k ɯ̟ᵝ
koːɾʲi	k o̞ː ɾʲ i
koːɾʲija	k o̞ː ɾʲ i j a̠
kokaɡe	k o̞ k a̠ ɡ e̞
koɡaneːɾo	k o̞ ɡ a̠ n e̞ i ɾ o̞
kokɯsɯi	k o̞ k ɯ̟ᵝ s ɨᵝ i
kokɯsoɯ	k o̞ k ɯ̟ᵝ s o̞ː
kokɯsokɯ	k o̞ k ɯ̟ᵝ s o̞ k ɯ̟ᵝ
kokɯdo	k o̞ k ɯ̟ᵝ d o̞
kokɯdoɯ	k o̞ k ɯ̟ᵝ d o̞ː
kokɯjɯː	k o̞ k ɯ̟ᵝ j ɯ̟ᵝː
kokeodoɕi	k o̞ k e̞ o̞ d o̞ ɕ i
kokoɾomʲi	k o̞ k o̞ ɾ o̞ mʲ i
koseː	k o̞ s e̞ː
kot͡ɕitoɾa	k o̞ t͡ɕ i t o̞ ɾ a̠
kokkɯɴ	k o̞ k̚ k ɯ̟̃ᵝ ɴ
kozɯt͡ɕi	k o̞ z ɨᵝ t͡ɕ i
koboɾe	k o̞ b o̞ ɾ e̞
komabɯe	k o̞ m a̠ b ɯ̟ᵝ e̞
kome	k o̞ m e̞
komoɾʲiɡɯma	k o̞ m o̞ ɾʲ i ɡ ɯ̟ᵝ m a̠
kojama	o̞ j a̠ m a̠
koɴ	k õ̞ ɴ
koŋɡoɯ	k õ̞ ŋ ɡ o̞ː
ɡoɯɡo	ɡ o̞ː ɡ o̞
ɡoɯɾʲitekʲi	ɡ o̞ː ɾʲ i t e̞ kʲ i
ɡokɯ	ɡ o̞ k ɯ̟ᵝ
ɡokɯɾakɯt͡ɕoɯ	ɡ o̞ k ɯ̟ᵝ ɾ a̠ k ɯ̟̊ᵝ t͡ɕ o̞ː
ɡoɡentekʲi	ɡ o̞ ɡ ẽ̞ n t e̞ kʲ i
ɡott͡ɕa	ɡ o̞ t̚ t͡ɕ a̠
saiɕokɯɕɯɡʲi	s a̠ i ɕ o̞ k ɯ̟ᵝ ɕ ɨᵝ ɡʲ i
saihoɯɕi	s a̠ i h o̞ː ɕ i
saimʲinɖʲoɯhoɯ	s a̠ i mʲ ĩ n ɾʲ o̞ː h o̞ː
sae	s a̠ e̞
sakaime	s a̠ k a̠ i m e̞
sakana	s a̠ k a̠ n a̠
sakɯçiŋ	s a̠ k ɯ̟̊ᵝ ç ĩ ɴ
sakɯɾamot͡ɕi	s a̠ k ɯ̟ᵝ ɾ a̠ m o̞ t͡ɕ i
sasaɡeɾɯ	s a̠ s a̠ ɡ e̞ ɾ ɯ̟ᵝ
sasajaka	s a̠ s a̠ j a̠ k a̠
sazanamʲi	s a̠ z a̠ n a̠ mʲ i
sadamenai	s a̠ d a̠ m e̞ n a̠ i
sakʲkʲɯː	s a̠ k̚ʲ kʲ ɨᵝː
satet͡sɯ	s a̠ t e̞ t͡s ɨᵝ
sato	s a̠ t o̞
satoɯja	s a̠ t o̞ː j a̠
saba	s a̠ b a̠
sama	s a̠ m a̠
samɯi	s a̠ m ɯ̟ᵝ i
saɰaɾɯ	s a̠ ɰᵝ a̠ ɾ ɯ̟ᵝ
sampakɯɡaɴ	s ã̠ m p a̠ k ɯ̟ᵝ ɡ ã̠ ɴ
d͡zaɕɕokɯ	d͡z a̠ ɕː o̞ k ɯ̟ᵝ
d͡zattoɯ	d͡z a̠ t̚ t o̞ː
d͡zaɲɲɯː	d͡z ã̠ ɲ̟ ɲ̟ ɯ̟ᵝː
ɕiaɡaɾʲi	ɕ i a̠ ɡ a̠ ɾʲ i
ɕiːɾe	ɕ iː ɾ e̞
ɕio	ɕ i o̞
ɕioɯ	ɕ i o̞ː
ɕioɾʲi	ɕ i o̞ ɾʲ i
ɕikamo	ɕ i k a̠ m o̞
ɕisaɴ	ɕ i s ã̠ ɴ
ɕizeŋɡeŋɡo	ɕ i z ẽ̞ ŋ ɡ ẽ̞ ŋ ɡ o̞
ɕit͡sɯdokɯɕoɯ	ɕ i t͡s ɨᵝ d o̞ k ɯ̟ᵝ ɕ o̞ː
ɕideŋ	ɕ i d ẽ̞ ɴ
ɕitojaka	ɕ i t o̞ j a̠ k a̠
ɕinajaka	ɕ i n a̠ j a̠ k a̠
ɕiɲise	ɕ i ɲ̟ i s e̞
ɕinobʲinomono	ɕ i n o̞ bʲ i n o̞ m o̞ n o̞
ɕiɸɯː	ɕ i ɸ ɯ̟ᵝː
ɕimane	ɕ i m a̠ n e̞
ɕimeɾɯ	ɕ i m e̞ ɾ ɯ̟ᵝ
ɕimoda	ɕ i m o̞ d a̠
ɕaɡamɯ	ɕ a̠ ɡ a̠ m ɯ̟ᵝ
ɕakɯɕiʑoɯɡʲi	ɕ a̠ k ɯ̟ᵝ ɕ i d͡ʑ o̞ː ɡʲ i
ɕamʲi	ɕ a̠ mʲ i
ɕijakɯɕo	ɕ i j a̠ k ɯ̟̊ᵝ ɕ o̞
ɕɯːsakɯ	ɕ ɨᵝː s a̠ k ɯ̟ᵝ
ɕɯːsaɴ	ɕ ɨᵝː s ã̠ ɴ
ɕɯːtai	ɕ ɨᵝː t a̠ i
ɕɯkɯseː	ɕ ɨᵝ k ɯ̟ᵝ s e̞ː
ɕɯʑiŋkoɯhoseː	ɕ ɨᵝ ʑ ĩ ŋ k o̞ː h o̞ s e̞ː
ɕɯkʲkʲiŋ	ɕ ɨᵝ k̚ʲ kʲ ĩ ɴ
ɕoɯkand͡ʑɯː	ɕ o̞ː k ã̠ ɲ̟ d͡ʑ ɨᵝː
ɕoɯmaɴ	ɕ o̞ː m ã̠ ɴ
ɕoɯɾʲi	ɕ o̞ː ɾʲ i
ɕoɡɯː	ɕ o̞ ɡ ɯ̟ᵝː
ɕoseːʑɯt͡sɯ	ɕ o̞ s e̞ː ʑ ɨᵝ t͡s ɨᵝ
ɕiɾanɯi	ɕ i ɾ a̠ n ɯ̟ᵝ i
ɕiɾampɯɾʲi	ɕ i ɾ ã̠ m p ɯ̟ᵝ ɾʲ i
ɕiɾɯçitozoɕiɾɯ	ɕ i ɾ ɯ̟ᵝ ç i t o̞ d͡z o̞ ɕ i ɾ ɯ̟ᵝ
ɕiɾoaɾʲi	ɕ i ɾ o̞ a̠ ɾʲ i
ɕiĩseːdai	ɕ ĩ ɰ̃ s e̞ː d a̠ i
ɕiĩsoɯ	ɕ ĩ ɰ̃ s o̞ː
ɕindokɯ	ɕ ĩ n d o̞ k ɯ̟ᵝ
ɕimpaãiŋ	ɕ ĩ m p ã̠ ɰ̃ ĩ ɴ
ɕimbɯt͡sɯ	ɕ ĩ m b ɯ̟ᵝ t͡s ɨᵝ
ɕimpɯkɯ	ɕ ĩ m p ɯ̟̊ᵝ k ɯ̟ᵝ
ɕinɖʲoɯ	ɕ ĩ n ɾʲ o̞ː
d͡ʑikʲɯːʑisokɯ	d͡ʑ i kʲ ɨᵝː ʑ i s o̞ k ɯ̟ᵝ
d͡ʑikot͡ɕɯːɕiŋ	d͡ʑ i k o̞ t͡ɕ ɨᵝː ɕ ĩ ɴ
d͡ʑiɡokɯhenomʲit͡ɕihazeẽidehosoɯsaɾeteːɾɯ	d͡ʑ i ɡ o̞ k ɯ̟ᵝ e̞ n o̞ mʲ i t͡ɕ i ɰᵝ a̠ d͡z ẽ̞ ɰ̃ i d e̞ h o̞ s o̞ː s a̠ ɾ e̞ t e̞ i ɾ ɯ̟ᵝ
d͡ʑiʑo	d͡ʑ i ʑ o̞
d͡ʑiʑoɯ	d͡ʑ i ʑ o̞ː
d͡ʑiseːɕiŋ	d͡ʑ i s e̞ː ɕ ĩ ɴ
d͡ʑittaikʲoɯ	d͡ʑ i t̚ t a̠ i kʲ o̞ː
d͡ʑit͡sɯɡeŋ	d͡ʑ i t͡s ɨᵝ ɡ ẽ̞ ɴ
d͡ʑiteẽɕadoɯ	d͡ʑ i t ẽ̞ ɰ̃ ɕ a̠ d o̞ː
d͡ʑidoɯɕoɯʑɯː	d͡ʑ i d o̞ː ɕ o̞ː ʑ ɨᵝː
d͡ʑimeŋ	d͡ʑ i m ẽ̞ ɴ
d͡ʑɯːkʲɯː	d͡ʑ ɨᵝː kʲ ɨᵝː
d͡ʑɯkʲoɯ	d͡ʑ ɨᵝ kʲ o̞ː
d͡ʑɯkɯmʲiŋ	d͡ʑ ɨᵝ k ɯ̟ᵝ mʲ ĩ ɴ
d͡ʑɯnnaɴ	d͡ʑ ɨ̃ᵝ nː ã̠ ɴ
d͡ʑijɯːɕɯɡʲi	d͡ʑ i j ɯ̟ᵝː ɕ ɨᵝ ɡʲ i
d͡ʑoɯmaeja	d͡ʑ o̞ː m a̠ e̞ j a̠
d͡ʑoɯjoɯkand͡ʑi	d͡ʑ o̞ː j o̞ː k ã̠ ɲ̟ d͡ʑ i
d͡ʑiɾʲiŋ	d͡ʑ i ɾʲ ĩ ɴ
sɯikoɯ	s ɨᵝ i k o̞ː
sɯikomɯ	s ɨᵝ i k o̞ m ɯ̟ᵝ
sɯihaŋkʲi	s ɨᵝ i h ã̠ ŋʲ kʲ i
sɯimoŋɡakɯ	s ɨᵝ i m õ̞ ŋ ɡ a̠ k ɯ̟ᵝ
sɯɡataokesɯ	s ɨᵝ ɡ a̠ t a̠ o̞ k e̞ s ɨᵝ
sɯkɯmɯ	s ɨ̥ᵝ k ɯ̟ᵝ m ɯ̟ᵝ
sɯkeçiɾo	s ɨᵝ k e̞ ç i ɾ o̞
sɯɡe	s ɨᵝ ɡ e̞
sɯsɯme	s ɨᵝ s ɨᵝ m e̞
sɯppai	s ɨ̥ᵝ p̚ p a̠ i
sɯteɾɯ	s ɨᵝ t e̞ ɾ ɯ̟ᵝ
sɯna	s ɨᵝ n a̠
sɯnanezɯmʲi	s ɨᵝ n a̠ n e̞ z ɨᵝ mʲ i
sɯnaba	s ɨᵝ n a̠ b a̠
sɯne	s ɨᵝ n e̞
sɯbaɕikoi	s ɨᵝ b a̠ ɕ i̥ k o̞ i
sɯmata	s ɨᵝ m a̠ t a̠
d͡zɯɾɯi	d͡z ɨᵝ ɾ ɯ̟ᵝ i
d͡zɯɾoɯ	d͡z ɨᵝ ɾ o̞ː
seːkot͡sɯ	s e̞ː k o̞ t͡s ɨᵝ
seːzeẽset͡sɯ	s e̞ː z ẽ̞ ɰ̃ s e̞ t͡s ɨᵝ
seːtoɯka	s e̞ː t o̞ː k a̠
seːneŋ	s e̞ː n ẽ̞ ɴ
seːjoɯɰasabʲi	s e̞ː j o̞ː ɰᵝ a̠ s a̠ bʲ i
seɡamɯ	s e̞ ɡ a̠ m ɯ̟ᵝ
sekʲiɲiŋkaɴ	s e̞ k i n ĩ ŋ k ã̠ ɴ
sekkeːzɯ	s e̞ k̚ k e̞ː z ɨᵝ
set͡sɯzokɯ	s e̞ t͡s ɨᵝ z o̞ k ɯ̟ᵝ
sebʲiɾe	s e̞ bʲ i ɾ e̞
seŋkeːkeːkakɯhoɯ	s ẽ̞ ŋ k e̞ː k e̞ː k a̠ k ɯ̟ᵝ h o̞ː
seŋɡeŋ	s ẽ̞ ŋ ɡ ẽ̞ ɴ
send͡ʑoɯ	s ẽ̞ ɲ̟ d͡ʑ o̞ː
seẽsɯikaɴ	s ẽ̞ ɰ̃ s ɨᵝ i k ã̠ ɴ
sentet͡sɯ	s ẽ̞ n t e̞ t͡s ɨᵝ
sententekʲi	s ẽ̞ n t ẽ̞ n t e̞ kʲ i
sendo	s ẽ̞ n d o̞
d͡zentaiɕɯɡʲi	d͡z ẽ̞ n t a̠ i ɕ ɨᵝ ɡʲ i
d͡zembɯ	d͡z ẽ̞ m b ɯ̟ᵝ
soɯkaisoɯdeŋ	s o̞ː k a̠ i s o̞ː d ẽ̞ ɴ
soɯɡʲija	s o̞ː ɡʲ i j a̠
soɯʑɯːɕi	s o̞ː ʑ ɨᵝː ɕ i
soɯtaioŋkaɴ	d͡z e̞ t̚ t a̠ i õ̞ ŋ k ã̠ ɴ
soɯɰa	s o̞ː ɰᵝ a̠
soɡɯ	s o̞ ɡ ɯ̟ᵝ
soɡo	s o̞ ɡ o̞
sosoɯ	s o̞ s o̞ː
sozoɾo	s o̞ z o̞ ɾ o̞
soppo	s o̞ p̚ p o̞
sot͡sɯɡʲoɯɕikeŋ	s o̞ t͡s ɨᵝ ɡʲ o̞ː ɕ i k ẽ̞ ɴ
soboɾo	s o̞ b o̞ ɾ o̞
soŋɡai	s õ̞ ŋ ɡ a̠ i
soŋɡo	s õ̞ ŋ ɡ o̞
soõɕit͡sɯ	s õ̞ ɰ̃ ɕ i t͡s ɨᵝ
soõɕokɯ	s õ̞ ɰ̃ ɕ o̞ k ɯ̟ᵝ
sonɖakɯ	s õ̞ n ɾ a̠ k ɯ̟ᵝ
d͡zoɯɡo	d͡z o̞ː ɡ o̞
d͡zoɾozoɾo	d͡z o̞ ɾ o̞ z o̞ ɾ o̞
taiːkɯzɯɰaɾʲi	t a̠ i i k ɯ̟ᵝ z ɨᵝ ɰᵝ a̠ ɾʲ i
taikʲo	t a̠ i kʲ o̞
taisekʲiɡaɴ	t a̠ i s e̞ kʲ i ɡ ã̠ ɴ
taihai	t a̠ i h a̠ i
taibat͡sɯ	t a̠ i b a̠ t͡s ɨᵝ
taijoɯ	t a̠ i j o̞ː
taɡʲiɾɯ	t a̠ ɡʲ i ɾ ɯ̟ᵝ
tako	t a̠ k o̞
tasɯ	t a̠ s ɨᵝ
tazɯneɾɯ	t a̠ z ɨᵝ n e̞ ɾ ɯ̟ᵝ
tataɾʲi	t a̠ t a̠ ɾʲ i
tadajoɯ	t a̠ d a̠ j o̞ ɯ̟ᵝ
tat͡ɕiːɾɯ	t a̠ t͡ɕ iː ɾ ɯ̟ᵝ
tat͡ɕijoɾɯ	t a̠ t͡ɕ i j o̞ ɾ ɯ̟ᵝ
tazɯna	t a̠ z ɨᵝ n a̠
tameɕi	t a̠ m e̞ ɕ i
tameɾaɯ	t a̠ m e̞ ɾ a̠ ɯ̟ᵝ
tajoɾɯ	t a̠ j o̞ ɾ ɯ̟ᵝ
tampopo	t ã̠ m p o̞ p o̞
tammat͡sɯ	t ã̠ mː a̠ t͡s ɨᵝ
daieːteːkokɯ	d a̠ i e̞ː t e̞ː k o̞ k ɯ̟ᵝ
daiet͡sɯ	d a̠ i e̞ t͡s ɨᵝ
dat͡sɯʑi	d a̠ t͡s ɨᵝ ʑ i
daɴ	d ã̠ ɴ
t͡ɕikɯdeŋkʲi	t͡ɕ i k ɯ̟̊ᵝ d ẽ̞ ŋʲ kʲ i
t͡ɕiɕikʲi	t͡ɕ i ɕ i̥ kʲ i
t͡ɕiɕimaɾettoɯ	t͡ɕ i ɕ i m a̠ ɾ e̞ t̚ t o̞ː
t͡ɕizɯ	t͡ɕ i z ɨᵝ
t͡ɕitt͡ɕai	t͡ɕ i̥ t̚ t͡ɕ a̠ i
t͡ɕibʲikko	t͡ɕ i bʲ i k̚ k o̞
t͡ɕɯːkʲieːɡo	t͡ɕ ɨᵝː kʲ i e̞ː ɡ o̞
t͡ɕɯːɡokɯ	t͡ɕ ɨᵝː ɡ o̞ k ɯ̟ᵝ
t͡ɕoɯʑikaɴ	t͡ɕ o̞ː ʑ i k ã̠ ɴ
t͡ɕoɯdo	t͡ɕ o̞ː d o̞
t͡ɕoɯheŋ	t͡ɕ o̞ː h ẽ̞ ɴ
t͡ɕokkakɯ	t͡ɕ o̞ k̚ k a̠ k ɯ̟ᵝ
t͡ɕiɾat͡sɯkɯ	t͡ɕ i ɾ a̠ t͡s ɨᵝ k ɯ̟ᵝ
t͡ɕiɾʲi	t͡ɕ i ɾʲ i
t͡ɕiɾʲoɯ	t͡ɕ i ɾʲ o̞ː
t͡ɕiĩanaɡo	t͡ɕ ĩ ɰ̃ a̠ n a̠ ɡ o̞
t͡sɯiʑɯː	t͡s ɨᵝ i ʑ ɨᵝː
t͡sɯkaɾɯ	t͡s ɨᵝ k a̠ ɾ ɯ̟ᵝ
t͡sɯɡaɯ	t͡s ɨᵝ ɡ a̠ ɯ̟ᵝ
t͡sɯkʲitomeɾɯ	t͡s ɨᵝ kʲ i t o̞ m e̞ ɾ ɯ̟ᵝ
t͡sɯkɯɾʲidasɯ	t͡s ɨᵝ k ɯ̟ᵝ ɾʲ i d a̠ s ɨᵝ
t͡sɯɡeɾɯ	t͡s ɨᵝ ɡ e̞ ɾ ɯ̟ᵝ
t͡sɯt͡ɕiɡɯmo	t͡s ɨ̥ᵝ t͡ɕ i ɡ ɯ̟ᵝ m o̞
t͡sɯnaɡɯ	t͡s ɨᵝ n a̠ ɡ ɯ̟ᵝ
t͡sɯnoɾɯ	t͡s ɨᵝ n o̞ ɾ ɯ̟ᵝ
t͡sɯmʲibɯkai	t͡s ɨᵝ mʲ i b ɯ̟ᵝ k a̠ i
t͡sɯɾʲibaɕikoɯka	t͡s ɨᵝ ɾʲ i b a̠ ɕ i k o̞ː k a̠
teːʑɯː	t e̞ː ʑ ɨᵝː
teːzokɯ	t e̞ː z o̞ k ɯ̟ᵝ
teːɾe	t e̞ i ɾ e̞
tekʲioɯ	t e̞ kʲ i o̞ː
tekʲijoɯ	t e̞ kʲ i j o̞ː
tesakʲi	t e̞ s a̠ kʲ i
tenɯkaɾʲi	t e̞ n ɯ̟ᵝ k a̠ ɾʲ i
tenɯɡɯi	t e̞ n ɯ̟ᵝ ɡ ɯ̟ᵝ i
temʲiʑika	t e̞ mʲ i ʑ i k a̠
teɾaɯ	t e̞ ɾ a̠ ɯ̟ᵝ
teŋ	t ẽ̞ ɴ
tentoɯmɯɕi	t ẽ̞ n t o̞ː m ɯ̟ᵝ ɕ i
tennai	t ẽ̞ nː a̠ i
deʑima	d e̞ ʑ i m a̠
toぃ	t ɰᵝ i
toi	t o̞ i
toɯaɴ	t o̞ː ã̠ ɴ
toɯɕit͡sɯ	t o̞ː ɕ i t͡s ɨᵝ
toɯt͡ɕoɯkʲi	t o̞ː t͡ɕ o̞ː kʲ i
toɯçoɯjoɯɕi	t o̞ː ç o̞ː j o̞ː ɕ i
toɯbeŋ	t o̞ː b ẽ̞ ɴ
toːɾɯ	t o̞ː ɾ ɯ̟ᵝ
tokʲioɾʲi	t o̞ kʲ i o̞ ɾʲ i
tokʲidokʲi	t o̞ kʲ i d o̞ kʲ i
tokɯɕiŋ	t o̞ k ɯ̟ᵝ ɕ ĩ ɴ
tokɯɲi	t o̞ k ɯ̟ᵝ ɲ̟ i
tokɯhaiŋ	t o̞ k ɯ̟ᵝ h a̠ ĩ ɴ
toket͡sɯ	t o̞ k e̞ t͡s ɨᵝ
tozaãɕa	t o̞ z ã̠ ɰ̃ ɕ a̠
tosoɯ	t o̞ s o̞ː
tot͡sɯkɯɲi	t o̞ t͡s ɨᵝ k ɯ̟ᵝ ɲ̟ i
totemo	t o̞ t e̞ m o̞
todoɾokɯ	t o̞ d o̞ ɾ o̞ k ɯ̟ᵝ
tobaɕikʲiʑi	t o̞ b a̠ ɕ i kʲ i ʑ i
toɸɯzai	t o̞ ɸ ɯ̟ᵝ z a̠ i
tomʲi	t o̞ mʲ i
tomoaɾe	t o̞ m o̞ a̠ ɾ e̞
tomoɡaɾa	t o̞ m o̞ ɡ a̠ ɾ a̠
tomodat͡ɕi	t o̞ m o̞ d a̠ t͡ɕ i
tomoɾɯ	t o̞ m o̞ ɾ ɯ̟ᵝ
toɾʲiɕimaɾʲijakɯkai	t o̞ ɾʲ i ɕ i m a̠ ɾʲ i j a̠ k ɯ̟̊ᵝ k a̠ i
doɯɡɯ	d o̞ː ɡ ɯ̟ᵝ
doɯɕɯt͡sɯ	d o̞ː ɕ ɨᵝ t͡s ɨᵝ
doɯtoɯ	d o̞ː t o̞ː
doɯbɯt͡sɯjɯɾaikaãseẽɕoɯ	d o̞ː b ɯ̟ᵝ t͡s ɨᵝ j ɯ̟ᵝ ɾ a̠ i k ã̠ ɰ̃ s ẽ̞ ɰ̃ ɕ o̞ː
doɯmʲoɯ	d o̞ː mʲ o̞ː
doɯmo	d o̞ː m o̞
dokɯ	d o̞ k ɯ̟ᵝ
dokɯsat͡sɯ	d o̞ k ɯ̟̊ᵝ s a̠ t͡s ɨᵝ
dodai	d o̞ d a̠ i
dokkoidokkoi	d o̞ k̚ k o̞ i d o̞ k̚ k o̞ i
dobeː	d o̞ b e̞ː
dombɯɾʲi	d õ̞ m b ɯ̟ᵝ ɾʲ i
nai	n a̠ i
naiʑit͡sɯ	n a̠ i ʑ i t͡s ɨᵝ
naijoɯ	n a̠ i j o̞ː
naka	n a̠ k a̠
nakadat͡ɕi	n a̠ k a̠ d a̠ t͡ɕ i
naɡaɾa	n a̠ ɡ a̠ ɾ a̠
naɡaɾedasɯ	n a̠ ɡ a̠ ɾ e̞ d a̠ s ɨᵝ
naɡenaɰa	n a̠ ɡ e̞ n a̠ ɰᵝ a̠
nazɯkʲi	n a̠ z ɨᵝ kʲ i
nazonazo	n a̠ z o̞ n a̠ z o̞
nat͡sɯ	n a̠ t͡s ɨᵝ
naname	n a̠ n a̠ m e̞
naɲiɡenai	n a̠ ɲ̟ i ɡ e̞ n a̠ i
nabe	n a̠ b e̞
nama	n a̠ m a̠
namaɡomʲi	n a̠ m a̠ ɡ o̞ mʲ i
namamʲi	n a̠ m a̠ mʲ i
namʲidaɡat͡ɕi	n a̠ mʲ i d a̠ ɡ a̠ t͡ɕ i
najamaɕiː	n a̠ j a̠ m a̠ ɕ iː
naɾa	n a̠ ɾ a̠
naɾakɯ	n a̠ ɾ a̠ k ɯ̟ᵝ
naɾʲiɡʲiŋ	n a̠ ɾʲ i ɡʲ ĩ ɴ
naɾɯhodo	n a̠ ɾ ɯ̟ᵝ h o̞ d o̞
naŋɡokɯ	n ã̠ ŋ ɡ o̞ k ɯ̟ᵝ
nande	n ã̠ n d e̞
nannaɾa	n ã̠ nː a̠ ɾ a̠
nambokɯ	n ã̠ m b o̞ k ɯ̟ᵝ
nambokɯseẽsoɯ	n ã̠ m b o̞ k ɯ̟ᵝ s ẽ̞ ɰ̃ s o̞ː
ɲiɡate	ɲ̟ i ɡ a̠ t e̞
ɲiɡʲiɾʲi	ɲ̟ i ɡʲ i ɾʲ i
ɲikɯɕiŋ	ɲ̟ i k ɯ̟̊ᵝ ɕ ĩ ɴ
ɲiʑimeː	ɲ̟ i ʑ i m e̞ː
ɲidai	ɲ̟ i d a̠ i
ɲikʲkʲit͡ɕoɯ	ɲ̟ i k̚ʲ kʲ i t͡ɕ o̞ː
ɲit͡sɯkaɰaɕiː	ɲ̟ i t͡s ɨ̥ᵝ k a̠ ɰᵝ a̠ ɕ iː
ɲihoŋkokɯ	ɲ̟ i h õ̞ ŋ k o̞ k ɯ̟ᵝ
ɲihond͡zaɾɯ	ɲ̟ i h õ̞ n d͡z a̠ ɾ ɯ̟ᵝ
ɲihoõɕɯ	ɲ̟ i h õ̞ ɰ̃ ɕ ɨᵝ
ɲimokakaɰaɾazɯ	ɲ̟ i m o̞ k a̠ k a̠ ɰᵝ a̠ ɾ a̠ z ɨᵝ
ɲijakɯ	ɲ̟ i j a̠ k ɯ̟ᵝ
ɲoɯdoɯkʲɯːseŋ	ɲ̟ o̞ː d o̞ː kʲ ɨᵝː s ẽ̞ ɴ
ɲiɾɯi	ɲ̟ i ɾ ɯ̟ᵝ i
ɲiŋkʲi	ɲ̟ ĩ ŋʲ kʲ i
ɲind͡ʑa	ɲ̟ ĩ ɲ̟ d͡ʑ a̠
ɲind͡ʑiŋ	ɲ̟ ĩ ɲ̟ d͡ʑ ĩ ɴ
ɲimmɯ	ɲ̟ ĩ mː ɯ̟ᵝ
nɯɡɯ	n ɯ̟ᵝ ɡ ɯ̟ᵝ
nɯɾasɯ	n ɯ̟ᵝ ɾ a̠ s ɨᵝ
nekasɯ	n e̞ k a̠ s ɨᵝ
nekosɯi	n e̞ k o̞ s ɨᵝ i
net͡sɯboɯsoɯ	n e̞ t͡s ɨᵝ b o̞ː s o̞ː
nemɯi	n e̞ m ɯ̟ᵝ i
nemɯke	n e̞ m ɯ̟ᵝ k e̞
neŋkaɴ	n ẽ̞ ŋ k ã̠ ɴ
neẽɕɯt͡sɯ	n ẽ̞ ɰ̃ ɕ ɨᵝ t͡s ɨᵝ
nend͡ʑɯː	n ẽ̞ ɲ̟ d͡ʑ ɨᵝː
nempʲi	n ẽ̞ m pʲ i
noɯʑoɯ	n o̞ː ʑ o̞ː
noɯzɯi	n o̞ː z ɨᵝ i
noɯɾʲokɯ	n o̞ː ɾʲ o̞ k ɯ̟ᵝ
noɡasɯ	n o̞ ɡ a̠ s ɨᵝ
nokoɾɯ	n o̞ k o̞ ɾ ɯ̟ᵝ
nodoka	n o̞ d o̞ k a̠
nobasɯ	n o̞ b a̠ s ɨᵝ
nobʲiɾɯ	n o̞ bʲ i ɾ ɯ̟ᵝ
nomʲikomʲi	n o̞ mʲ i k o̞ mʲ i
noɾʲikae	n o̞ ɾʲ i k a̠ e̞
noɾoi	n o̞ ɾ o̞ i
haiːɾoɡʲit͡sɯne	h a̠ i i ɾ o̞ ɡʲ i t͡s ɨᵝ n e̞
haiekʲi	h a̠ i e̞ kʲ i
haoɾʲi	h a̠ o̞ ɾʲ i
hakakɯ	h a̠ k a̠ k ɯ̟ᵝ
hakata	h a̠ k a̠ t a̠
haɡane	h a̠ ɡ a̠ n e̞
hakʲike	h a̠ kʲ i̥ k e̞
haɡʲi	h a̠ ɡʲ i
hakɯɕiŋ	h a̠ k ɯ̟ᵝ ɕ ĩ ɴ
hakɯɾaiçiŋ	h a̠ k ɯ̟ᵝ ɾ a̠ i ç ĩ ɴ
haɕiɾʲimaɰaɾɯ	h a̠ ɕ i ɾʲ i m a̠ ɰᵝ a̠ ɾ ɯ̟ᵝ
haʑiɾaɯ	h a̠ ʑ i ɾ a̠ ɯ̟ᵝ
hasesand͡ʑiɾɯ	h a̠ s e̞ s ã̠ ɲ̟ d͡ʑ i ɾ ɯ̟ᵝ
hatake	h a̠ t a̠ k e̞
hataɾakɯ	h a̠ t a̠ ɾ a̠ k ɯ̟ᵝ
hadadeɕiɾɯ	h a̠ d a̠ d e̞ ɕ i ɾ ɯ̟ᵝ
hat͡ɕibɯŋɡʲiza	h a̠ t͡ɕ i b ɯ̟̃ᵝ ŋʲ ɡʲ i z a̠
hakʲkʲiɾʲi	h a̠ k̚ʲ kʲ i ɾʲ i
hattat͡sɯɕoɯɡai	h a̠ t̚ t a̠ t͡s ɨᵝ ɕ o̞ː ɡ a̠ i
hat͡sɯka	h a̠ t͡s ɨ̥ᵝ k a̠
hat͡sɯɡambɯɕɕit͡sɯ	h a̠ t͡s ɨᵝ ɡ ã̠ m b ɯ̟ᵝ ɕː i t͡s ɨᵝ
hat͡sɯɾeː	h a̠ t͡s ɨᵝ ɾ e̞ː
hat͡sɯɰa	h a̠ t͡s ɨᵝ ɰᵝ a̠
hazɯkʲi	h a̠ z ɨᵝ kʲ i
hanahadaɕiː	h a̠ n a̠ h a̠ d a̠ ɕ i i
hame	h a̠ m e̞
hamoɴ	h a̠ m õ̞ ɴ
hajabeŋ	h a̠ j a̠ b ẽ̞ ɴ
hajameɾɯ	h a̠ j a̠ m e̞ ɾ ɯ̟ᵝ
haɾahaɾa	h a̠ ɾ a̠ h a̠ ɾ a̠
haɾeɾɯ	h a̠ ɾ e̞ ɾ ɯ̟ᵝ
haɾoɯ	h a̠ ɾ o̞ː
haɴ	h ã̠ ɴ
haŋkʲoɯteːː	h ã̠ ŋʲ kʲ o̞ː t e̞ː i
haŋɡʲiɡo	h ã̠ ŋʲ ɡʲ i ɡ o̞
haãɕiŋ	h ã̠ ɰ̃ ɕ ĩ ɴ
bakʲakɯ	b a̠ kʲ a̠ k ɯ̟ᵝ
bakɯekʲi	b a̠ k ɯ̟ᵝ e̞ kʲ i
bataŋkʲɯː	b a̠ t ã̠ ŋʲ kʲ ɨᵝː
bassɯɾɯ	b a̠ sː ɯ̟ᵝ ɾ ɯ̟ᵝ
baɲɯː	b a̠ ɲ̟ ɯ̟ᵝː
banneŋ	b ã̠ nː ẽ̞ ɴ
pakɯɾʲi	p a̠ k ɯ̟ᵝ ɾʲ i
paɾapaɾa	p a̠ ɾ a̠ p a̠ ɾ a̠
çiɡambana	ç i ɡ ã̠ m b a̠ n a̠
çikʲisakɯ	ç i kʲ i s a̠ k ɯ̟ᵝ
çiɡɯma	ç i ɡ ɯ̟ᵝ m a̠
çisaiɕa	ç i s a̠ i ɕ a̠
çisakɯ	ç i s a̠ k ɯ̟ᵝ
çiʑoɯkaidaɴ	ç i ʑ o̞ː k a̠ i d ã̠ ɴ
çisomeɾɯ	ç i s o̞ m e̞ ɾ ɯ̟ᵝ
çit͡ɕoɯ	ç i t͡ɕ o̞ː
çideŋ	ç i d ẽ̞ ɴ
çitosoɾoi	ç i̥ t o̞ s o̞ ɾ o̞ i
çidoi	ç i d o̞ i
çidoɯ	ç i d o̞ː
çiɸɯbʲoɯ	ç i ɸ ɯ̟ᵝ bʲ o̞ː
çakɯbɯnɖʲit͡sɯ	ç a̠ k ɯ̟ᵝ b ɯ̟̃ᵝ n ɾʲ i t͡s ɨᵝ
çoɯteŋ	ç o̞ː t ẽ̞ ɴ
çijoke	ç i j o̞ k e̞
çiɾama	ç i ɾ a̠ m a̠
çiɾɯma	ç i ɾ ɯ̟ᵝ m a̠
çiɾoɸɯmʲi	ç i ɾ o̞ ɸ ɯ̟ᵝ mʲ i
çiɾomeɾɯ	ç i ɾ o̞ m e̞ ɾ ɯ̟ᵝ
çiĩjaɾʲi	ç ĩ ɰ̃ j a̠ ɾʲ i
bʲikʲi	bʲ i kʲ i
bʲiɕokɯ	bʲ i ɕ o̞ k ɯ̟ᵝ
bʲit͡ɕikɯ	bʲ i t͡ɕ i k ɯ̟ᵝ
bʲakɯdaãjɯ	bʲ a̠ k ɯ̟ᵝ d ã̠ ɰ̃ j ɯ̟ᵝ
bʲiɰa	bʲ i ɰᵝ a̠
bʲiŋ	bʲ ĩ ɴ
ɸɯeɾɯ	ɸ ɯ̟ᵝ e̞ ɾ ɯ̟ᵝ
ɸɯkakat͡ɕizeː	ɸ ɯ̟̊ᵝ k a̠ k a̠ t͡ɕ i z e̞ː
ɸɯkɯi	ɸ ɯ̟ᵝ k ɯ̟ᵝ i
ɸɯɕoɯ	ɸ ɯ̟ᵝ ɕ o̞ː
ɸɯʑɯɴ	ɸ ɯ̟ᵝ ʑ ɨ̃ᵝ ɴ
ɸɯʑijɯː	ɸ ɯ̟ᵝ ʑ i j ɯ̟ᵝː
ɸɯʑiŋ	ɸ ɯ̟ᵝ ʑ ĩ ɴ
ɸɯseɡɯ	ɸ ɯ̟̊ᵝ s e̞ ɡ ɯ̟ᵝ
ɸɯdaãsoɯ	ɸ ɯ̟ᵝ d ã̠ ɰ̃ s o̞ː
ɸɯkkat͡sɯ	ɸ ɯ̟̊ᵝ k̚ k a̠ t͡s ɨᵝ
ɸɯmʲizɯkʲi	ɸ ɯ̟ᵝ mʲ i z ɨᵝ kʲ i
ɸɯmeːkakɯ	ɸ ɯ̟ᵝ m e̞ː k a̠ k ɯ̟ᵝ
ɸɯmoto	ɸ ɯ̟ᵝ m o̞ t o̞
ɸɯjɯkʲitodokʲi	ɸ ɯ̟ᵝ j ɯ̟ᵝ kʲ i t o̞ d o̞ kʲ i
ɸɯjo	ɸ ɯ̟ᵝ j o̞
ɸɯɾeaɯ	ɸ ɯ̟ᵝ ɾ e̞ a̠ ɯ̟ᵝ
bɯkkeŋ	b ɯ̟ᵝ k̚ k ẽ̞ ɴ
bɯsset͡sɯ	b ɯ̟ᵝ sː e̞ t͡s ɨᵝ
heːka	h e̞ː k a̠
heːkai	h e̞ː k a̠ i
heta	h e̞ t a̠
heja	h e̞ j a̠
heẽɕɯː	h ẽ̞ ɰ̃ ɕ ɨᵝː
hentaikambɯɴ	h ẽ̞ n t a̠ i k ã̠ m b ɯ̟̃ᵝ ɴ
beːkokɯ	b e̞ː k o̞ k ɯ̟ᵝ
bentoɯbako	b ẽ̞ n t o̞ː b a̠ k o̞
peɾapeɾa	p e̞ ɾ a̠ p e̞ ɾ a̠
hoɯi	h o̞ː i
hoɯsɯihoɯ	h o̞ː s ɨᵝ i h o̞ː
hoɯmaɴ	h o̞ː m ã̠ ɴ
hoːzɯe	h o̞ː z ɨᵝ e̞
hokoɾʲi	h o̞ k o̞ ɾʲ i
hoɕizame	h o̞ ɕ i z a̠ m e̞
hozeː	h o̞ z e̞ː
hotai	h o̞ t a̠ i
hokʲkʲokɯseː	h o̞ k̚ʲ kʲ o̞ k ɯ̟ᵝ s e̞ː
hot͡sɯɾeɾɯ	h o̞ t͡s ɨᵝ ɾ e̞ ɾ ɯ̟ᵝ
hotoboɾʲi	h o̞ t o̞ b o̞ ɾʲ i
hoõɰaka	h õ̞ ɰ̃ ɰᵝ a̠ k a̠
boɯt͡ɕoɯzai	b o̞ː t͡ɕ o̞ː z a̠ i
boɯbʲikʲi	b o̞ː bʲ i kʲ i
boɯɾoɯ	b o̞ː ɾ o̞ː
boke	b o̞ k e̞
boseŋ	b o̞ s ẽ̞ ɴ
bott͡ɕaɴ	b o̞ t̚ t͡ɕ ã̠ ɴ
maka	m a̠ k a̠
maɡatama	m a̠ ɡ a̠ t a̠ m a̠
makʲisɯ	m a̠ kʲ i s ɨᵝ
make	m a̠ k e̞
mazaɾɯ	m a̠ z a̠ ɾ ɯ̟ᵝ
maʑikʲi	m a̠ ʑ i kʲ i
maʑiɰaɾʲi	m a̠ ʑ i ɰᵝ a̠ ɾʲ i
matatabʲi	m a̠ t a̠ t a̠ bʲ i
mat͡ɕidoːɕiː	m a̠ t͡ɕ i d o̞ː ɕ iː
mat͡ɕimat͡ɕi	m a̠ t͡ɕ i m a̠ t͡ɕ i
makkɯɾa	m a̠ k̚ k ɯ̟ᵝ ɾ a̠
makkoɯ	m a̠ k̚ k o̞ː
mat͡sɯɡe	m a̠ t͡s ɨᵝ ɡ e̞
mat͡sɯjaɲiabɯɾa	m a̠ t͡s ɨᵝ j a̠ ɲ̟ i a̠ b ɯ̟ᵝ ɾ a̠
madoi	m a̠ d o̞ i
madoɯɕi	m a̠ d o̞ː ɕ i
maɲɯː	m a̠ ɲ̟ ɯ̟ᵝː
mahoɕi	m a̠ h o̞ ɕ i
maɾɯɡao	m a̠ ɾ ɯ̟ᵝ ɡ a̠ o̞
maãeː	m ã̠ ɰ̃ e̞ː
maãjoɯ	m ã̠ ɰ̃ j o̞ː
mʲiakʲiɾɯ	mʲ i a̠ kʲ i ɾ ɯ̟ᵝ
mʲiemʲie	mʲ i e̞ mʲ i e̞
mʲiosame	mʲ i o̞ s a̠ m e̞
mʲioboeɾɯ	mʲ i o̞ b o̞ e̞ ɾ ɯ̟ᵝ
mʲikakeɾɯ	mʲ i k a̠ k e̞ ɾ ɯ̟ᵝ
mʲiɡoɾoɕi	mʲ i ɡ o̞ ɾ o̞ ɕ i
mʲise	mʲ i s e̞
mʲitasɯ	mʲ i t a̠ s ɨᵝ
mʲina	mʲ i n a̠
mʲinamʲi	mʲ i n a̠ mʲ i
mʲibɯɴ	mʲ i b ɯ̟̃ᵝ ɴ
mʲimaikʲiŋ	mʲ i m a̠ i kʲ ĩ ɴ
mʲijano	mʲ i j a̠ n o̞
mʲiɰatasɯ	mʲ i ɰᵝ a̠ t a̠ s ɨᵝ
mɯiɕikʲitekʲi	m ɯ̟ᵝ i ɕ i kʲ i t e̞ kʲ i
mɯkaeɯt͡sɯ	m ɯ̟ᵝ k a̠ e̞ ɯ̟ᵝ t͡s ɨᵝ
mɯkat͡sɯkɯ	m ɯ̟ᵝ k a̠ t͡s ɨ̥ᵝ k ɯ̟ᵝ
mɯkɯ	m ɯ̟ᵝ k ɯ̟ᵝ
mɯɕi	m ɯ̟ᵝ ɕ i
mɯɕiɾɯ	m ɯ̟ᵝ ɕ i ɾ ɯ̟ᵝ
mɯzɯkaɕiː	m ɯ̟ᵝ z ɨᵝ k a̠ ɕ i i
mɯdaɡe	m ɯ̟ᵝ d a̠ ɡ e̞
mɯjamʲi	m ɯ̟ᵝ j a̠ mʲ i
mɯɾamat͡sɯ	m ɯ̟ᵝ ɾ a̠ m a̠ t͡s ɨᵝ
meate	m e̞ a̠ t e̞
meːsekʲimɯ	m e̞ː s e̞ kʲ i m ɯ̟ᵝ
meɡanai	m e̞ ɡ a̠ n a̠ i
mezamaɕiː	m e̞ z a̠ m a̠ ɕ iː
medamajakʲi	m e̞ d a̠ m a̠ j a̠ kʲ i
moɯkaɾɯ	m o̞ː k a̠ ɾ ɯ̟ᵝ
moɯko	m o̞ː k o̞
moɯɕi	m o̞ː ɕ i
moe	m o̞ e̞
moɡʲiɾʲi	m o̞ ɡʲ i ɾʲ i
moɡɯɾʲikomɯ	m o̞ ɡ ɯ̟ᵝ ɾʲ i k o̞ m ɯ̟ᵝ
moɕikaɕite	m o̞ ɕ i k a̠ ɕ i t e̞
moɕimoɕi	m o̞ ɕ i m o̞ ɕ i̥
mot͡ɕiaɰaseɾɯ	m o̞ t͡ɕ i a̠ ɰᵝ a̠ s e̞ ɾ ɯ̟ᵝ
mot͡ɕikʲitaɾɯ	m o̞ t͡ɕ i kʲ i t a̠ ɾ ɯ̟ᵝ
mot͡ɕisaɾɯ	m o̞ t͡ɕ i s a̠ ɾ ɯ̟ᵝ
mot͡ɕinoɾoɴ	m o̞ t͡ɕ i n o̞ ɾ õ̞ ɴ
mottomoɾaɕiː	m o̞ t̚ t o̞ m o̞ ɾ a̠ ɕ iː
moteasobɯ	m o̞ t e̞ a̠ s o̞ b ɯ̟ᵝ
motoɾɯ	m o̞ t o̞ ɾ ɯ̟ᵝ
monosaɕi	m o̞ n o̞ s a̠ ɕ i
momoka	m o̞ m o̞ k a̠
moɾoi	m o̞ ɾ o̞ i
moɴ	m õ̞ ɴ
jakaɴ	j a̠ k ã̠ ɴ
jasai	j a̠ s a̠ i
jasɯmɯ	j a̠ s ɨᵝ m ɯ̟ᵝ
jasɯmeɾɯ	j a̠ s ɨᵝ m e̞ ɾ ɯ̟ᵝ
jasɯjado	j a̠ s ɨᵝ j a̠ d o̞
jamai	j a̠ m a̠ i
jamaidaɾe	j a̠ m a̠ i d a̠ ɾ e̞
jamat͡sɯnamʲi	j a̠ m a̠ t͡s ɨᵝ n a̠ mʲ i
jamɯ	j a̠ m ɯ̟ᵝ
jɯːkai	j ɯ̟ᵝː k a̠ i
jɯːseːɡakɯ	j ɯ̟ᵝː s e̞ː ɡ a̠ k ɯ̟ᵝ
jɯːɾeːjaɕikʲi	j ɯ̟ᵝː ɾ e̞ː j a̠ ɕ i̥ kʲ i
jɯkaɾʲi	j ɯ̟ᵝ k a̠ ɾʲ i
jɯmeɯt͡sɯt͡sɯ	j ɯ̟ᵝ m e̞ ɯ̟ᵝ t͡s ɨᵝ t͡s ɨᵝ
joɯkai	j o̞ː k a̠ i
joɯjakɯ	j o̞ː j a̠ k ɯ̟ᵝ
jokobɯe	j o̞ k o̞ b ɯ̟ᵝ e̞
joʑiseːkɯ	j o̞ ʑ i s e̞ː k ɯ̟̊ᵝ
josoɯ	j o̞ s o̞ː
josomono	j o̞ s o̞ m o̞ n o̞
joɰaneohakɯ	j o̞ ɰᵝ a̠ n e̞ o̞ h a̠ k ɯ̟ᵝ
ɖakɯsaɴ	ɾ a̠ k ɯ̟ᵝ s ã̠ ɴ
ɖakɯdai	ɾ a̠ k ɯ̟ᵝ d a̠ i
ɖakɯtentekʲi	ɾ a̠ k ɯ̟ᵝ t ẽ̞ n t e̞ kʲ i
ɖateː	ɾ a̠ t e̞ː
ɖʲiɡakɯ	ɾʲ i ɡ a̠ k ɯ̟ᵝ
ɖʲikɯt͡sɯzɯkʲi	ɾʲ i k ɯ̟̊ᵝ t͡s ɨᵝ z ɨᵝ kʲ i
ɖʲisaɴ	ɾʲ i s ã̠ ɴ
ɖʲikʲkʲoɯ	ɾʲ i k̚ʲ kʲ o̞ː
ɖʲittoɯ	ɾʲ i t̚ t o̞ː
ɖʲippoɯtai	ɾʲ i p̚ p o̞ː t a̠ i
ɖʲɯːɕi	ɾʲ ɨᵝː ɕ i
ɖʲoɯɕit͡sɯ	ɾʲ o̞ː ɕ i t͡s ɨᵝ
ɖʲoɯɾʲi	ɾʲ o̞ː ɾʲ i
ɖʲijoɯ	ɾʲ i j o̞ː
ɖɯisaɴ	ɾ ɯ̟ᵝ i s ã̠ ɴ
ɖet͡sɯakɯ	ɾ e̞ t͡s ɨᵝ a̠ k ɯ̟ᵝ
ɖeŋɡo	ɾ ẽ̞ ŋ ɡ o̞
ɖeẽɕɯːkʲokɯ	ɾ ẽ̞ ɰ̃ ɕ ɨᵝː kʲ o̞ k ɯ̟ᵝ
ɖent͡ɕi	ɾ ẽ̞ ɲ̟ t͡ɕ i
ɖoɯkʲɯː	ɾ o̞ː kʲ ɨᵝː
ɖoɯhoɯ	ɾ o̞ː h o̞ː
ɖobaɴ	ɾ o̞ b ã̠ ɴ
ɖoõsoɯ	ɾ õ̞ ɰ̃ s o̞ː
ɰakeataeɾɯ	ɰᵝ a̠ k e̞ a̠ t a̠ e̞ ɾ ɯ̟ᵝ
ɰaɡoɴ	ɰᵝ a̠ ɡ õ̞ ɴ
ɰappa	ɰᵝ a̠ p̚ p a̠
ɰameː	ɰᵝ a̠ m e̞ː
ɰaɾeɾa	ɰᵝ a̠ ɾ e̞ ɾ a̠
