<|BUL|>holandski	x o ɫ a n t s kʲ i
<|BUL|>bratash	b r ɐ t a ʃ
<|BUL|>ovlastitelen	o v ɫ ɐ s t i t ɛ lʲ ɛ n
<|BUL|>salamandăr	s ɐ ɫ ɐ m a n d ɐ r
<|BUL|>legla	lʲ ɛ ɡ ɫ a
<|BUL|>lakăt	ɫ a k ɐ t
<|BUL|>lipa	lʲ i p a
<|BUL|>săzra	s ɐ z r ɤ
<|BUL|>săstoyanie	s ɐ s t o j a n i ɛ
<|BUL|>vikam	v i k ɐ m
<|BUL|>hidroelektrichen	xʲ i d r o ɛ lʲ ɛ k t r i t͡ʃ ɛ n
<|BUL|>diona	d i ɔ n ɐ
<|BUL|>săbudya	s ɐ b u dʲ ɐ
<|BUL|>homoseksualistka	x ɔ m o s ɛ k s u ɐ lʲ i s k ɐ
<|BUL|>moreletnik	m o r ɛ lʲ ɛ t n i k
<|BUL|>panpsihizăm	p ɐ n p s i xʲ i z ɐ m
<|BUL|>abanos	ɐ b ɐ n ɔ s
<|BUL|>koi	k o i
<|BUL|>ulitsa	u lʲ i t͡s ɐ
<|BUL|>vashta	v a ʃ t ɐ
<|BUL|>turkmenistan	t u r k m ɛ n i s t a n
<|BUL|>kăzhlitsa	k ɐ ʒ lʲ i t͡s ɐ
<|BUL|>bida	b i d ɐ
<|BUL|>materiya	m ɐ t ɛ r i j ɐ
<|BUL|>uzakonyavaha	u z ɐ k o nʲ a v ɐ x ɐ
<|BUL|>zryan	z rʲ a n
<|BUL|>lavka	ɫ a f k ɐ
<|BUL|>andora	ɐ n d ɔ r ɐ
<|BUL|>strămnina	s t r ɐ m n i n a
<|BUL|>rabotilnitsa	r ɐ b o t i ɫ n i t͡s ɐ
<|BUL|>săobshtavam	s ɐ o p ʃ t a v ɐ m
<|BUL|>vărhu	v ɐ r x u
<|BUL|>săvetvam	s ɐ v ɛ t v ɐ m
<|BUL|>draka	d r a k ɐ
<|BUL|>tseziy	t͡s ɛ z i
<|BUL|>nachalo	n ɐ t͡ʃ a ɫ o
<|BUL|>proteka	p r o t ɛ k ɤ
<|BUL|>parizh	p ɐ r i ʃ
<|BUL|>primiram	p r i m i r ɐ m
<|BUL|>galba	ɡ ɐ ɫ b a
<|BUL|>shtiritsa	ʃ t i r i t͡s ɐ
<|BUL|>văstanie	v ɐ s t a n i ɛ
<|BUL|>hudozhnik	x u d ɔ ʒ n i k
<|BUL|>doverchiv	d o v ɛ r t͡ʃ i f
<|BUL|>cheshma	t͡ʃ ɛ ʃ m a
<|BUL|>uspeh	u s p ɛ x
<|BUL|>kateritsa	k a t ɛ r i t͡s ɐ
<|BUL|>trepetlika	t r ɛ p ɛ t lʲ i k ɐ
<|BUL|>vidra	v i d r ɐ
<|BUL|>vrabche	v r ɐ p t͡ʃ ɛ
<|BUL|>svetlosyanka	s v ɛ t ɫ o sʲ a n k ɐ
<|BUL|>shtastie	ʃ t a s t i ɛ
<|BUL|>zhivot	ʒ i v ɔ t
<|BUL|>prostitutka	p r o s t i t u t k ɐ
<|BUL|>krehăk	k r ɛ x ɐ k
<|BUL|>sivkav	s i f k ɐ f
<|BUL|>model	m o d ɛ ɫ
<|BUL|>lipăk	lʲ i p ɐ k
<|BUL|>sluchaen	s ɫ u t͡ʃ ɐ ɛ n
<|BUL|>aromaten	ɐ r o m a t ɛ n
<|BUL|>mărzel	m ɤ r z ɛ ɫ
<|BUL|>koe	k o ɛ
<|BUL|>platya	p ɫ ɐ tʲ ɤ
<|BUL|>tserber	t͡s ɛ r b ɛ r
<|BUL|>pechalen	p ɛ t͡ʃ a lʲ ɛ n
<|BUL|>braniya	b r a n i j ɐ
<|BUL|>părvi	p ɤ r v i
<|BUL|>zarist	z ɐ r i s t
<|BUL|>albaniya	ɐ ɫ b a n i j ɐ
<|BUL|>vărsha	v ɐ r ʃ a
<|BUL|>zanimaya	z ɐ n i m a j ɐ
<|BUL|>abdikiraliya	ɐ b d i kʲ i r ɐ lʲ i j ɐ
<|BUL|>ama	a m ɐ
<|BUL|>kak	k a k
<|BUL|>dekemvri	d ɛ kʲ ɛ m v r i
<|BUL|>zabozhdam	z ɐ b ɔ ʒ d ɐ m
<|BUL|>minsk	m i n s k
<|BUL|>izpeya	i s p ɛ j ɐ
<|BUL|>streme	s t r ɛ m ɛ
<|BUL|>absolyuten	ɐ p s o lʲ u t ɛ n
<|BUL|>selektsionen	s ɛ lʲ ɛ k t͡s i ɔ n ɛ n
<|BUL|>chuvasht	t͡ʃ u v ɐ ʃ t
<|BUL|>slava	s ɫ a v ɐ
<|BUL|>smrad	s m r a t
<|BUL|>hamburger	x a m b u r ɡʲ ɛ r
<|BUL|>krava	k r a v ɐ
<|BUL|>emu	ɛ m u
<|BUL|>muskulen	m u s k u lʲ ɛ n
<|BUL|>lovets	ɫ o v ɛ t͡s
<|BUL|>mrăsen	m r ɤ s ɛ n
<|BUL|>gangster	ɡ a n k s t ɛ r
<|BUL|>kur	k u r
<|BUL|>moyto	m ɔ j t o
<|BUL|>yaven	j a v ɛ n
<|BUL|>nemkinya	n ɛ m kʲ i nʲ ɐ
<|BUL|>svetlana	s v ɛ t ɫ a n ɐ
<|BUL|>opera	ɔ p ɛ r ɐ
<|BUL|>cherkva	t͡ʃ ɛ r k v ɐ
<|BUL|>okolen	o k ɔ lʲ ɛ n
<|BUL|>patkan	p ɐ t k a n
<|BUL|>predstavyam	p r ɛ t s t a vʲ ɐ m
<|BUL|>holmiy	x ɔ ɫ m i
<|BUL|>kakăvto	k ɐ k ɤ f t o
<|BUL|>alka	a ɫ k ɐ
<|BUL|>bizhu	b i ʒ u
<|BUL|>uzakonili	u z ɐ k o n i lʲ i
<|BUL|>sotsialen	s o t͡s i a lʲ ɛ n
<|BUL|>dăh	d ɤ x
<|BUL|>guzhdam	ɡ u ʒ d ɐ m
<|BUL|>izslusham	i s ɫ u ʃ ɐ m
<|BUL|>ezichen	ɛ z i t͡ʃ ɛ n
<|BUL|>vărvite	v ɐ r v i t ɛ
<|BUL|>sklonen	s k ɫ ɔ n ɛ n
<|BUL|>vărvolyak	v ɐ r v o lʲ a k
<|BUL|>tăkan	t ɐ k a n
<|BUL|>ray	r a j
<|BUL|>pankreatit	p ɐ n k r ɛ ɐ t i t
<|BUL|>hladăk	x ɫ a d ɐ k
<|BUL|>dobre	d o b r ɛ
<|BUL|>legalen	lʲ ɛ ɡ a lʲ ɛ n
<|BUL|>alarmen	ɐ ɫ a r m ɛ n
<|BUL|>văzgolyam	v ɐ z ɡ o lʲ a m
<|BUL|>kyuloti	kʲ u ɫ ɔ t i
<|BUL|>hambar	x ɐ m b a r
<|BUL|>zărnest	z ɤ r n ɛ s t
<|BUL|>nos	n ɔ s
<|BUL|>văzsin	v ɐ s s i n
<|BUL|>pobezhdavam	p o b ɛ ʒ d a v ɐ m
<|BUL|>praga	p r a ɡ ɐ
<|BUL|>ednolichen	ɛ d n o lʲ i t͡ʃ ɛ n
<|BUL|>podpisha	p o t p i ʃ ɐ
<|BUL|>visochina	v i s o t͡ʃ i n a
<|BUL|>naredba	n ɐ r ɛ d b ɐ
<|BUL|>praholyak	p r ɐ x o lʲ a k
<|BUL|>zlo	z ɫ ɔ
<|BUL|>kozha	k ɔ ʒ ɐ
<|BUL|>bahăr	b a x ɐ r
<|BUL|>yad	j a t
<|BUL|>kălva	k ɐ ɫ v a
<|BUL|>izdatel	i z d a t ɛ ɫ
<|BUL|>naplastyavane	n ɐ p ɫ ɐ s tʲ a v ɐ n ɛ
<|BUL|>prodam	p r o d a m
<|BUL|>chlenuvana	t͡ʃ lʲ ɛ n u v ɐ n ɐ
<|BUL|>izgreba	i z ɡ r ɛ b ɐ
<|BUL|>dărzhava	d ɐ r ʒ a v ɐ
<|BUL|>izuchaem	i z u t͡ʃ a ɛ m
<|BUL|>koshara	k o ʃ a r ɐ
<|BUL|>peganka	p ɛ ɡ a n k ɐ
<|BUL|>kozharnitsa	k o ʒ a r n i t͡s ɐ
<|BUL|>ikona	i k ɔ n ɐ
<|BUL|>yadyahte	j a dʲ a x t ɛ
<|BUL|>zatvoren	z ɐ t v ɔ r ɛ n
<|BUL|>svoystvo	s v ɔ j s t v o
<|BUL|>abdominalniya	ɐ b d o m i n a ɫ n i j ɐ
<|BUL|>gledam	ɡ lʲ ɛ d ɐ m
<|BUL|>pop	p ɔ p
<|BUL|>istoriya	i s t ɔ r i j ɐ
<|BUL|>povtor	p o f t ɔ r
<|BUL|>danăk	d a n ɐ k
<|BUL|>granata	ɡ r ɐ n a t ɐ
<|BUL|>predpriemach	p r ɛ t p r i ɛ m a t͡ʃ
<|BUL|>katsa	k a t͡s ɐ
<|BUL|>abonamenten	ɐ b o n ɐ m ɛ n t ɛ n
<|BUL|>bekon	b ɛ k ɔ n
<|BUL|>tehnetsiy	t ɛ x n ɛ t͡s i
<|BUL|>kokoshi	k o k ɔ ʃ i
<|BUL|>propast	p r ɔ p ɐ s t
<|BUL|>aviobomba	a v i o b ɔ m b ɐ
<|BUL|>prekalen	p r ɛ k ɐ lʲ ɛ n
<|BUL|>kofa	k ɔ f ɐ
<|BUL|>chiya	t͡ʃ i j a
<|BUL|>vashiya	v a ʃ i j ɐ
<|BUL|>zabelezha	z ɐ b ɛ lʲ ɛ ʒ ɐ
<|BUL|>shtărkel	ʃ t ɤ r kʲ ɛ ɫ
<|BUL|>rezultat	r ɛ z u ɫ t a t
<|BUL|>nerazboriya	n ɛ r ɐ z b o r i j ɐ
<|BUL|>noemvri	n o ɛ m v r i
<|BUL|>pafkam	p a f k ɐ m
<|BUL|>mig	m i k
<|BUL|>siyaehte	s i j a ɛ x t ɛ
<|BUL|>patitsa	p a t i t͡s ɐ
<|BUL|>preda	p r ɛ d ɤ
<|BUL|>dlan	d ɫ a n
<|BUL|>gotov	ɡ ɔ t o f
<|BUL|>bled	b lʲ ɛ t
<|BUL|>vek	v ɛ k
<|BUL|>poilka	p o i ɫ k ɐ
<|BUL|>dosega	d o s ɛ ɡ a
<|BUL|>yadyashtoto	j a dʲ a ʃ t o t o
<|BUL|>izvadya	i z v a dʲ ɐ
<|BUL|>povtorim	p o f t o r i m
<|BUL|>glupost	ɡ ɫ u p o s t
<|BUL|>zavinagi	z ɐ v i n ɐ ɡʲ i
<|BUL|>bărne	b ɐ r n ɛ
<|BUL|>svrachi	s v r a t͡ʃ i
<|BUL|>hidra	xʲ i d r ɐ
<|BUL|>zavivka	z ɐ v i f k ɐ
<|BUL|>chitatelka	t͡ʃ i t a t ɛ ɫ k ɐ
<|BUL|>plen	p lʲ ɛ n
<|BUL|>tsupya	t͡s u pʲ ɐ
<|BUL|>shveytsarski	ʃ v ɛ j t͡s a r s kʲ i
<|BUL|>gadina	ɡ ɐ d i n ɐ
<|BUL|>devoyka	d ɛ v ɔ j k ɐ
<|BUL|>erida	ɛ r i d ɐ
<|BUL|>zryasht	z rʲ a ʃ t
<|BUL|>inakvo	i n a k v o
<|BUL|>deymos	d ɛ j m o s
<|BUL|>sluzha	s ɫ u ʒ ɐ
<|BUL|>nadolu	n ɐ d ɔ ɫ u
<|BUL|>shifăr	ʃ i f ɐ r
<|BUL|>predupredya	p r ɛ d u p r ɛ dʲ ɤ
<|BUL|>karti	k a r t i
<|BUL|>ishtay	i ʃ t a j
<|BUL|>sreda	s r ɛ d a
<|BUL|>bulyak	b u lʲ ɐ k
<|BUL|>stoya	s t o j ɤ
<|BUL|>văzhishtenie	v ɐ s xʲ i ʃ t ɛ n i ɛ
<|BUL|>yala	j a ɫ ɐ
<|BUL|>prust	p r u s t
<|BUL|>volfram	v ɔ ɫ f r ɐ m
<|BUL|>premyana	p r ɛ mʲ a n ɐ
<|BUL|>kaval	k ɐ v a ɫ
<|BUL|>yurod	j u r o t
<|BUL|>bliya	b lʲ i j ɐ
<|BUL|>rog	r ɔ k
<|BUL|>tuhla	t u x ɫ ɐ
<|BUL|>mechok	m ɛ t͡ʃ ɔ k
<|BUL|>neka	n ɛ k ɐ
<|BUL|>zritel	z r i t ɛ ɫ
<|BUL|>apologet	ɐ p o ɫ o ɡʲ ɛ t
<|BUL|>pochti	p o t͡ʃ t i
<|BUL|>tehnichen	t ɛ x n i t͡ʃ ɛ n
<|BUL|>anarhiya	ɐ n a r xʲ i j ɐ
<|BUL|>svra	s v r ɤ
<|BUL|>indiy	i n d i
<|BUL|>supermarket	s u p ɛ r m a r kʲ ɛ t
<|BUL|>mech	m ɛ t͡ʃ
<|BUL|>paresht	p a r ɛ ʃ t
<|BUL|>rusaliya	r u s a lʲ i j ɐ
<|BUL|>shtene	ʃ t ɛ n ɛ
<|BUL|>zarezhdam	z ɐ r ɛ ʒ d ɐ m
<|BUL|>drozen	d r ɔ z ɛ n
<|BUL|>tăpochovka	t ɐ p o t͡ʃ ɔ f k ɐ
<|BUL|>otnesa	o t n ɛ s ɤ
<|BUL|>govno	ɡ o v n ɔ
<|BUL|>haramiya	x ɐ r ɐ m i j ɐ
<|BUL|>vashe	v a ʃ ɛ
<|BUL|>abstrakten	ɐ p s t r a k t ɛ n
<|BUL|>zreshe	z r ɛ ʃ ɛ
<|BUL|>tvorya	t v o rʲ a
<|BUL|>spomnya	s p ɔ m nʲ ɐ
<|BUL|>pankreas	p a n k r ɛ ɐ s
<|BUL|>dărvolazka	d ɐ r v o ɫ a s k ɐ
<|BUL|>pek	p ɛ k
<|BUL|>chutura	t͡ʃ u t u r ɐ
<|BUL|>dăhna	d ɤ x n ɐ
<|BUL|>naselenie	n ɐ s ɛ lʲ ɛ n i ɛ
<|BUL|>săk	s ɤ k
<|BUL|>apologiya	ɐ p o ɫ ɔ ɡʲ i j ɐ
<|BUL|>ton	t ɔ n
<|BUL|>keramika	kʲ ɛ r a m i k ɐ
<|BUL|>biloto	b i ɫ o t o
<|BUL|>treva	t r ɛ v a
<|BUL|>dokazatelstvo	d o k ɐ z a t ɛ ɫ s t v o
<|BUL|>absorbiraniya	ɐ p s o r b i r ɐ n i j ɐ
<|BUL|>sladko	s ɫ a t k o
<|BUL|>otdelen	o d d ɛ lʲ ɛ n
<|BUL|>stihiya	s t i xʲ i j ɐ
<|BUL|>chiito	t͡ʃ i i t o
<|BUL|>prolom	p r o ɫ ɔ m
<|BUL|>lider	lʲ i d ɛ r
<|BUL|>doticham	d o t i t͡ʃ ɐ m
<|BUL|>digna	d i ɡ n ɐ
<|BUL|>net	n ɛ t
<|BUL|>kakadu	k ɐ k ɐ d u
<|BUL|>tekstilen	t ɛ k s t i lʲ ɛ n
<|BUL|>obsăzhdam	o p s ɤ ʒ d ɐ m
<|BUL|>kormoran	k o r m o r a n
<|BUL|>mestnost	m ɛ s n o s t
<|BUL|>chlenuvam	t͡ʃ lʲ ɛ n u v ɐ m
<|BUL|>taros	t a r o s
<|BUL|>nebesa	n ɛ b ɛ s a
<|BUL|>anketen	ɐ n kʲ ɛ t ɛ n
<|BUL|>imala	i m a ɫ ɐ
<|BUL|>vnezapen	v n ɛ z a p ɛ n
<|BUL|>kongres	k o n ɡ r ɛ s
<|BUL|>pepelyav	p ɛ p ɛ lʲ a f
<|BUL|>avgust	a v ɡ u s t
<|BUL|>gyaur	ɡʲ ɐ u r
<|BUL|>stărga	s t ɤ r ɡ ɐ
<|BUL|>sofiyski	s o f i s kʲ i
<|BUL|>neopredelen	n ɛ o p r ɛ d ɛ lʲ ɛ n
<|BUL|>kaygana	k ɐ j ɡ ɐ n a
<|BUL|>shveytsarka	ʃ v ɛ j t͡s a r k ɐ
<|BUL|>zaplitam	z ɐ p lʲ i t ɐ m
<|BUL|>letya	lʲ ɛ tʲ a
<|BUL|>zărnen	z ɤ r n ɛ n
<|BUL|>martenitsa	m a r t ɛ n i t͡s ɐ
<|BUL|>srednovekovie	s r ɛ d n o v ɛ k ɔ v i ɛ
<|BUL|>gradus	ɡ r a d u s
<|BUL|>otvor	o t v ɔ r
<|BUL|>proklitichen	p r o k lʲ i t i t͡ʃ ɛ n
<|BUL|>chuya	t͡ʃ u j ɐ
<|BUL|>zrak	z r a k
<|BUL|>mirta	m i r t ɐ
<|BUL|>mart	m a r t
<|BUL|>napeka	n ɐ p ɛ k ɤ
<|BUL|>karam	k a r ɐ m
<|BUL|>palav	p a ɫ ɐ f
<|BUL|>zashivam	z ɐ ʃ i v ɐ m
<|BUL|>shum	ʃ u m
<|BUL|>nakazhe	n ɐ k a ʒ ɛ
<|BUL|>upravitelen	u p r a v i t ɛ lʲ ɛ n
<|BUL|>avtobiografichno	ɐ f t o b i o ɡ r ɐ f i t͡ʃ n o
<|BUL|>lăzhi	ɫ ɐ ʒ i
<|BUL|>pokazvam	p o k a z v ɐ m
<|BUL|>kărtitsa	k ɐ r t i t͡s ɐ
<|BUL|>yuzhnyachka	j u ʒ nʲ a t͡ʃ k ɐ
<|BUL|>obărna	o b ɤ r n ɐ
<|BUL|>zor	z ɔ r
<|BUL|>grad	ɡ r a t
<|BUL|>obesvam	o b ɛ s v ɐ m
<|BUL|>zyarvam	zʲ a r v ɐ m
<|BUL|>ruse	r u s ɛ
<|BUL|>biografichen	b i o ɡ r ɐ f i t͡ʃ ɛ n
<|BUL|>chestvam	t͡ʃ ɛ s t v ɐ m
<|BUL|>vrăst	v r ɤ s t
<|BUL|>splav	s p ɫ a f
<|BUL|>gurgulitsa	ɡ u r ɡ u lʲ i t͡s ɐ
<|BUL|>namaka	n ɐ m a k ɐ
<|BUL|>protivorechiv	p r o t i v o r ɛ t͡ʃ i f
<|BUL|>kufar	k u f ɐ r
<|BUL|>parfyum	p ɐ r fʲ u m
<|BUL|>den	d ɛ n
<|BUL|>spya	s pʲ ɤ
<|BUL|>zateka	z ɐ t ɛ k ɤ
<|BUL|>korist	k ɔ r i s t
<|BUL|>azot	ɐ z ɔ t
<|BUL|>teatăr	t ɛ a t ɐ r
<|BUL|>gemiya	ɡʲ ɛ m i j ɐ
<|BUL|>predpolagam	p r ɛ t p o ɫ a ɡ ɐ m
<|BUL|>mishtsa	m i ʃ t͡s ɐ
<|BUL|>peka	p ɛ k ɤ
<|BUL|>instinkt	i n s t i n k t
<|BUL|>vestnik	v ɛ s n i k
<|BUL|>abstsisa	ɐ p s t͡s i s ɐ
<|BUL|>pigmenten	p i ɡ m ɛ n t ɛ n
<|BUL|>svalyam	s v a lʲ ɐ m
<|BUL|>laska	ɫ a s k ɐ
<|BUL|>kimna	kʲ i m n ɐ
<|BUL|>pasoh	p a s o x
<|BUL|>dizya	d i zʲ ɐ
<|BUL|>rodnina	r o d n i n ɐ
<|BUL|>paket	p ɐ kʲ ɛ t
<|BUL|>boginya	b o ɡʲ i nʲ ɐ
<|BUL|>shtyahme	ʃ tʲ a x m ɛ
<|BUL|>islandski	i s ɫ a n t s kʲ i
<|BUL|>zhuzhel	ʒ u ʒ ɛ ɫ
<|BUL|>feniks	f ɛ n i k s
<|BUL|>hirurgicheski	xʲ i r u r ɡʲ i t͡ʃ ɛ s kʲ i
<|BUL|>imahte	i m a x t ɛ
<|BUL|>aps	a p s
<|BUL|>măgla	m ɐ ɡ ɫ a
<|BUL|>tămnitsa	t ɐ m n i t͡s ɐ
<|BUL|>avliya	ɐ v lʲ i j ɐ
<|BUL|>stava	s t a v ɐ
<|BUL|>indikativen	i n d i k ɐ t i v ɛ n
<|BUL|>vzriven	v z r i v ɛ n
<|BUL|>luk	ɫ u k
<|BUL|>burgas	b u r ɡ a s
<|BUL|>nagriza	n ɐ ɡ r i z ɐ
<|BUL|>drehi	d r ɛ xʲ i
<|BUL|>tokachka	t o k a t͡ʃ k ɐ
<|BUL|>molya	m ɔ lʲ ɐ
<|BUL|>bălha	b ɐ ɫ x a
<|BUL|>osnovatelnost	o s n o v a t ɛ ɫ n o s t
<|BUL|>zashto	z ɐ ʃ t ɔ
<|BUL|>bregăt	b r ɛ ɡ ɤ t
<|BUL|>kubik	k u b i k
<|BUL|>strog	s t r ɔ k
<|BUL|>cherta	t͡ʃ ɛ r t a
<|BUL|>kotka	k ɔ t k ɐ
<|BUL|>uzakonyah	u z ɐ k o nʲ a x
<|BUL|>soy	s ɔ j
<|BUL|>yurgan	j u r ɡ a n
<|BUL|>ostrie	o s t r i ɛ
<|BUL|>mryashtoto	m rʲ a ʃ t o t o
<|BUL|>ledovit	lʲ ɛ d o v i t
<|BUL|>konkreten	k o n k r ɛ t ɛ n
<|BUL|>ogromen	o ɡ r ɔ m ɛ n
<|BUL|>maham	m a x ɐ m
<|BUL|>razlog	r ɐ z ɫ ɔ k
<|BUL|>arka	a r k ɐ
<|BUL|>lava	ɫ a v ɐ
<|BUL|>mushitrănka	m u ʃ i t r ɤ n k ɐ
<|BUL|>dripav	d r i p ɐ f
<|BUL|>iztrebya	i s t r ɛ bʲ ɐ
<|BUL|>uzakonyavashe	u z ɐ k o nʲ a v ɐ ʃ ɛ
<|BUL|>uzakonyavat	u z ɐ k o nʲ a v ɐ t
<|BUL|>aviatsionen	a v i ɐ t͡s i ɔ n ɛ n
<|BUL|>uzakonenite	u z ɐ k o n ɛ n i t ɛ
<|BUL|>ofis	ɔ f i s
<|BUL|>pryam	p rʲ a m
<|BUL|>zavisim	z ɐ v i s i m
<|BUL|>puyka	p u j k ɐ
<|BUL|>shestvie	ʃ ɛ s t v i ɛ
<|BUL|>trăgna	t r ɐ ɡ n a
<|BUL|>operatsiya	o p ɛ r a t͡s i j ɐ
<|BUL|>nadonesa	n ɐ d o n ɛ s ɤ
<|BUL|>orădie	o r ɤ d i ɛ
<|BUL|>prodavam	p r o d a v ɐ m
<|BUL|>bezsmărten	b ɛ s s m ɤ r t ɛ n
<|BUL|>solen	s o lʲ ɛ n
<|BUL|>uhapete	u x a p ɛ t ɛ
<|BUL|>arestuvahme	a r ɛ s t u v a x m ɛ
<|BUL|>spătnik	s p ɤ t n i k
<|BUL|>dolar	d ɔ ɫ ɐ r
<|BUL|>zhertva	ʒ ɛ r t v ɐ
<|BUL|>padina	p ɐ d i n a
<|BUL|>zabranyavam	z ɐ b r ɐ nʲ a v ɐ m
<|BUL|>doprinasyam	d o p r i n a sʲ ɐ m
<|BUL|>litiy	lʲ i t i
<|BUL|>gradovete	ɡ r ɐ d o v ɛ t ɛ
<|BUL|>trudno	t r u d n o
<|BUL|>fizichen	f i z i t͡ʃ ɛ n
<|BUL|>otpushtam	o t p u ʃ t ɐ m
<|BUL|>tuk	t u k
<|BUL|>vashto	v a ʃ t o
<|BUL|>osven	o s v ɛ n
<|BUL|>bozhe	b ɔ ʒ ɛ
<|BUL|>svităk	s v i t ɐ k
<|BUL|>stranen	s t r a n ɛ n
<|BUL|>skvoze	s k v ɔ z ɛ
<|BUL|>osnovatelno	o s n o v a t ɛ ɫ n o
<|BUL|>kădelya	k ɐ d ɛ lʲ ɐ
<|BUL|>reka	r ɛ k a
<|BUL|>u	u
<|BUL|>săedinitel	s ɐ ɛ d i n i t ɛ ɫ
<|BUL|>gorest	ɡ ɔ r ɛ s t
<|BUL|>otnovo	o t n ɔ v o
<|BUL|>dvorets	d v o r ɛ t͡s
<|BUL|>chăk	t͡ʃ ɤ k
<|BUL|>boets	b o ɛ t͡s
<|BUL|>dilyanka	d i lʲ a n k ɐ
<|BUL|>chetiri	t͡ʃ ɛ t i r i
<|BUL|>zatrese	z ɐ t r ɛ s ɛ
<|BUL|>maniak	m ɐ n i a k
<|BUL|>izkovavam	i s k o v a v ɐ m
<|BUL|>ekip	ɛ kʲ i p
<|BUL|>adet	ɐ d ɛ t
<|BUL|>fabrika	f a b r i k ɐ
<|BUL|>zakonen	z ɐ k ɔ n ɛ n
<|BUL|>pomolvam	p o m ɔ ɫ v ɐ m
<|BUL|>bivam	b i v ɐ m
<|BUL|>uchitelski	u t͡ʃ i t ɛ ɫ s kʲ i
<|BUL|>otves	o t v ɛ s
<|BUL|>takava	t ɐ k a v ɐ
<|BUL|>prozorche	p r o z ɔ r t͡ʃ ɛ
<|BUL|>britaniya	b r i t a n i j ɐ
<|BUL|>kostnitsa	k ɔ s n i t͡s ɐ
<|BUL|>kozhuh	k o ʒ u x
<|BUL|>avarski	ɐ v a r s kʲ i
<|BUL|>bădi	b ɐ d i
<|BUL|>pari	p a r i
<|BUL|>knizhen	k n i ʒ ɛ n
<|BUL|>gadoliniy	ɡ ɐ d o lʲ i n i
<|BUL|>tvoyto	t v ɔ j t o
<|BUL|>zaema	z ɐ ɛ m ɐ
<|BUL|>glas	ɡ ɫ a s
<|BUL|>edinitsa	ɛ d i n i t͡s ɐ
<|BUL|>stilistka	s t i lʲ i s k ɐ
<|BUL|>pate	p a t ɛ
<|BUL|>irlandski	i r ɫ a n t s kʲ i
<|BUL|>deponenten	d ɛ p o n ɛ n t ɛ n
<|BUL|>tayna	t a j n ɐ
<|BUL|>kupi	k u p i
<|BUL|>virus	v i r u s
<|BUL|>lamarinen	ɫ ɐ m ɐ r i n ɛ n
<|BUL|>belezhit	b ɛ lʲ ɛ ʒ i t
<|BUL|>ekspeditsiya	ɛ k s p ɛ d i t͡s i j ɐ
<|BUL|>lyubov	lʲ u b ɔ f
<|BUL|>tants	t a n t͡s
<|BUL|>grazhdanski	ɡ r a ʒ d ɐ n s kʲ i
<|BUL|>entsiklopediya	ɛ n t͡s i k ɫ o p ɛ d i j ɐ
<|BUL|>antre	ɐ n t r ɛ
<|BUL|>shiboy	ʃ i b ɔ j
<|BUL|>pochva	p o t͡ʃ v a
<|BUL|>venera	v ɛ n ɛ r ɐ
<|BUL|>alen	a lʲ ɛ n
<|BUL|>avantyuristicheski	ɐ v ɐ n tʲ u r i s t i t͡ʃ ɛ s kʲ i
<|BUL|>svoyto	s v ɔ j t o
<|BUL|>kalay	k ɐ ɫ a j
<|BUL|>sataninski	s ɐ t ɐ n i n s kʲ i
<|BUL|>elementaren	ɛ lʲ ɛ m ɛ n t a r ɛ n
<|BUL|>yak	j a k
<|BUL|>prochut	p r o t͡ʃ u t
<|BUL|>pristoen	p r i s t ɔ ɛ n
<|BUL|>pismo	p i s m ɔ
<|BUL|>uzakoniloto	u z ɐ k o n i ɫ o t o
<|BUL|>aligator	ɐ lʲ i ɡ a t o r
<|BUL|>văorăzhavam	v ɐ o r ɐ ʒ a v ɐ m
<|BUL|>poluostrov	p o ɫ u ɔ s t r o f
<|BUL|>konop	k o n ɔ p
<|BUL|>podchertavam	p o t t͡ʃ ɛ r t a v ɐ m
<|BUL|>prechupvam	p r ɛ t͡ʃ u p v ɐ m
<|BUL|>lebeditsa	lʲ ɛ b ɛ d i t͡s ɐ
<|BUL|>filosofiya	f i ɫ o s ɔ f i j ɐ
<|BUL|>poluvreme	p o ɫ u v r ɛ m ɛ
<|BUL|>kino	kʲ i n o
<|BUL|>registratsionen	r ɛ ɡʲ i s t r ɐ t͡s i ɔ n ɛ n
<|BUL|>lyubopiten	lʲ u b o p i t ɛ n
<|BUL|>zhaba	ʒ a b ɐ
<|BUL|>roditelen	r o d i t ɛ lʲ ɛ n
<|BUL|>maytneriy	m ɐ j t n ɛ r i
<|BUL|>igriv	i ɡ r i f
<|BUL|>chuzhdenets	t͡ʃ u ʒ d ɛ n ɛ t͡s
<|BUL|>izvikam	i z v i k ɐ m
<|BUL|>otdel	o d d ɛ ɫ
<|BUL|>zhăltenikav	ʒ ɐ ɫ t ɛ n i k ɐ f
<|BUL|>nikta	n i k t ɐ
<|BUL|>chushle	t͡ʃ u ʃ lʲ ɛ
<|BUL|>yadyashto	j a dʲ a ʃ t o
<|BUL|>imate	i m ɐ t ɛ
<|BUL|>monako	m o n a k o
<|BUL|>vid	v i t
<|BUL|>falshiv	f ɐ ɫ ʃ i f
<|BUL|>vodorod	v o d o r ɔ t
<|BUL|>limoni	lʲ i m ɔ n i
<|BUL|>terbiy	t ɛ r b i
<|BUL|>doyda	d ɔ j d ɐ
<|BUL|>razpredelenie	r ɐ s p r ɛ d ɛ lʲ ɛ n i ɛ
<|BUL|>bruya	b r u j ɐ
<|BUL|>bădesh	b ɤ d ɛ ʃ
<|BUL|>nachalen	n ɐ t͡ʃ a lʲ ɛ n
<|BUL|>chervenoshiyka	t͡ʃ ɛ r v ɛ n o ʃ i k ɐ
<|BUL|>hokam	x ɔ k ɐ m
<|BUL|>oktomvri	o k t ɔ m v r i
<|BUL|>tigăr	t i ɡ ɐ r
<|BUL|>vatikana	v ɐ t i k a n ɐ
<|BUL|>magare	m ɐ ɡ a r ɛ
<|BUL|>mir	m i r
<|BUL|>smushtenie	s m u ʃ t ɛ n i ɛ
<|BUL|>sredishte	s r ɛ d i ʃ t ɛ
<|BUL|>uzakoneniyat	u z ɐ k o n ɛ n i j ɐ t
<|BUL|>ozhenya	o ʒ ɛ nʲ ɐ
<|BUL|>bălgarka	b ɤ ɫ ɡ ɐ r k ɐ
<|BUL|>torba	t o r b a
<|BUL|>za	z a
<|BUL|>akumulator	ɐ k u m u ɫ a t o r
<|BUL|>mrazovit	m r ɐ z o v i t
<|BUL|>brosh	b r ɔ ʃ
<|BUL|>zvănliv	z v ɐ n lʲ i f
<|BUL|>yerarh	j ɛ r a r x
<|BUL|>promezhdutăk	p r o m ɛ ʒ d u t ɐ k
<|BUL|>fir	f i r
<|BUL|>ladiya	ɫ ɐ d i j ɐ
<|BUL|>ponapeka	p o n ɐ p ɛ k ɤ
<|BUL|>abisinski	ɐ b i s i n s kʲ i
<|BUL|>chlenuvano	t͡ʃ lʲ ɛ n u v ɐ n o
<|BUL|>chiviya	t͡ʃ i v i j ɐ
<|BUL|>chuk	t͡ʃ u k
<|BUL|>kukuvitsa	k u k u v i t͡s ɐ
<|BUL|>izbiya	i z b i j ɐ
<|BUL|>mazen	m a z ɛ n
<|BUL|>laktatsionen	ɫ ɐ k t ɐ t͡s i ɔ n ɛ n
<|BUL|>mreli	m r ɛ lʲ i
<|BUL|>sluchay	s ɫ u t͡ʃ a j
<|BUL|>shokolad	ʃ o k o ɫ a t
<|BUL|>uzakonyavahte	u z ɐ k o nʲ a v ɐ x t ɛ
<|BUL|>razlat	r ɐ z ɫ a t
<|BUL|>vsyakakva	f sʲ a k ɐ k v ɐ
<|BUL|>măzhkar	m ɐ ʃ k a r
<|BUL|>bedya	b ɛ dʲ ɤ
<|BUL|>kon	k ɔ n
<|BUL|>belarus	b ɛ ɫ ɐ r u s
<|BUL|>dvoystven	d v ɔ j s t v ɛ n
<|BUL|>tolkoz	t ɔ ɫ k o s
<|BUL|>mashina	m ɐ ʃ i n ɐ
<|BUL|>dărvodelets	d ɐ r v o d ɛ lʲ ɛ t͡s
<|BUL|>mosht	m ɔ ʃ t
<|BUL|>tehni	t ɛ x n i
<|BUL|>dragoy	d r ɐ ɡ ɔ j
<|BUL|>otkrivaem	o t k r i v a ɛ m
<|BUL|>zagivam	z ɐ ɡʲ i v ɐ m
<|BUL|>sădeben	s ɐ d ɛ b ɛ n
<|BUL|>seizmichen	s ɛ i z m i t͡ʃ ɛ n
<|BUL|>dayka	d a j k ɐ
<|BUL|>vadya	v a dʲ ɐ
<|BUL|>blagoevgrad	b ɫ ɐ ɡ ɔ ɛ v ɡ r ɐ t
<|BUL|>lilyak	lʲ i lʲ ɐ k
<|BUL|>piron	p i r ɔ n
<|BUL|>shvetsiya	ʃ v ɛ t͡s i j ɐ
<|BUL|>yadyashtata	j a dʲ a ʃ t ɐ t ɐ
<|BUL|>pravo	p r a v o
<|BUL|>robiya	r o b i j ɐ
<|BUL|>strannopriemnitsa	s t r ɐ n n o p r i ɛ m n i t͡s ɐ
<|BUL|>drăvtse	d r ɐ f t͡s ɛ
<|BUL|>vina	v i n a
<|BUL|>otsvetyavam	o t͡s v ɛ tʲ a v ɐ m
<|BUL|>varshava	v ɐ r ʃ a v ɐ
<|BUL|>izrastăk	i z r a s t ɐ k
<|BUL|>elektronen	ɛ lʲ ɛ k t r ɔ n ɛ n
<|BUL|>săshtestvuvam	s ɐ ʃ t ɛ s t v u v ɐ m
<|BUL|>mrenetata	m r ɛ n ɛ t ɐ t ɐ
<|BUL|>podozra	p o d o z r ɤ
<|BUL|>govorete	ɡ o v o r ɛ t ɛ
<|BUL|>bilo	b i ɫ o
<|BUL|>razum	r a z u m
<|BUL|>abdominalen	ɐ b d o m i n a lʲ ɛ n
<|BUL|>kloun	k ɫ ɔ u n
<|BUL|>veroyatno	v ɛ r o j a t n o
<|BUL|>kadife	k ɐ d i f ɛ
<|BUL|>ednovremenen	ɛ d n o v r ɛ m ɛ n ɛ n
<|BUL|>dreha	d r ɛ x ɐ
<|BUL|>shugav	ʃ u ɡ ɐ f
<|BUL|>mastit	m ɐ s t i t
<|BUL|>tayvan	t ɐ j v a n
<|BUL|>matrak	m ɐ t r a k
<|BUL|>razhdane	r a ʒ d ɐ n ɛ
<|BUL|>chedo	t͡ʃ ɛ d o
<|BUL|>izbode	i z b o d ɛ
<|BUL|>cheresharka	t͡ʃ ɛ r ɛ ʃ a r k ɐ
<|BUL|>doverie	d o v ɛ r i ɛ
<|BUL|>arhitekturen	ɐ r xʲ i t ɛ k t u r ɛ n
<|BUL|>siyaehme	s i j a ɛ x m ɛ
<|BUL|>grăncharnitsa	ɡ r ɐ n t͡ʃ a r n i t͡s ɐ
<|BUL|>gălăbitsa	ɡ ɐ ɫ ɐ b i t͡s ɐ
<|BUL|>yastrebov	j a s t r ɛ b o f
<|BUL|>shtem	ʃ t ɛ m
<|BUL|>napălno	n ɐ p ɤ ɫ n o
<|BUL|>negolyam	n ɛ ɡ o lʲ ɐ m
<|BUL|>zrete	z r ɛ t ɛ
<|BUL|>key	kʲ ɛ j
<|BUL|>leydi	lʲ ɛ j d i
<|BUL|>treskav	t r ɛ s k ɐ f
<|BUL|>iglika	i ɡ lʲ i k ɐ
<|BUL|>polichba	p o lʲ i d͡ʒ b ɐ
<|BUL|>bădete	b ɐ d ɛ t ɛ
<|BUL|>poshăl	p ɔ ʃ ɐ ɫ
<|BUL|>izgovori	i z ɡ o v o r i
<|BUL|>nosiya	n o s i j ɐ
<|BUL|>bob	b ɔ p
<|BUL|>krienitsa	k r i ɛ n i t͡s ɐ
<|BUL|>chlenestonogo	t͡ʃ lʲ ɛ n ɛ s t o n ɔ ɡ o
<|BUL|>hlorofil	x ɫ o r o f i ɫ
<|BUL|>lucha	ɫ u t͡ʃ ɐ
<|BUL|>zhiraf	ʒ i r a f
<|BUL|>osobnyak	o s o b nʲ a k
<|BUL|>negovoto	n ɛ ɡ o v o t o
<|BUL|>edinayset	ɛ d i n a j s ɛ t
<|BUL|>neshtastie	n ɛ ʃ t a s t i ɛ
<|BUL|>snoshti	s n ɔ ʃ t i
<|BUL|>mryahme	m rʲ a x m ɛ
<|BUL|>yasmin	j ɐ s m i n
<|BUL|>protome	p r o t ɔ m ɛ
<|BUL|>panair	p ɐ n ɐ i r
<|BUL|>shesti	ʃ ɛ s t i
<|BUL|>struga	s t r u ɡ ɐ
<|BUL|>chesto	t͡ʃ ɛ s t o
<|BUL|>volan	v o ɫ a n
<|BUL|>sraka	s r a k ɐ
<|BUL|>rabotnichka	r ɐ b ɔ t n i t͡ʃ k ɐ
<|BUL|>vashte	v a ʃ t ɛ
<|BUL|>shkola	ʃ k ɔ ɫ ɐ
<|BUL|>văvra	v ɐ v r ɤ
<|BUL|>bog	b ɔ k
<|BUL|>tezi	t ɛ z i
<|BUL|>kărtichi	k ɐ r t i t͡ʃ i
<|BUL|>pasohme	p a s o x m ɛ
<|BUL|>prints	p r i n t͡s
<|BUL|>săchetavam	s ɐ t͡ʃ ɛ t a v ɐ m
<|BUL|>raven	r a v ɛ n
<|BUL|>neyni	n ɛ j n i
<|BUL|>dori	d o r i
<|BUL|>proshtalen	p r o ʃ t a lʲ ɛ n
<|BUL|>otset	o t͡s ɛ t
<|BUL|>hram	x r a m
<|BUL|>dzhiyn	d ʒ i n
<|BUL|>sheptya	ʃ ɛ p tʲ ɤ
<|BUL|>stilov	s t i ɫ o f
<|BUL|>ruho	r u x o
<|BUL|>upravitelka	u p r a v i t ɛ ɫ k ɐ
<|BUL|>razshifrovam	r ɐ ʃ ʃ i f r ɔ v ɐ m
<|BUL|>kinotsentăr	kʲ i n o t͡s ɛ n t ɐ r
<|BUL|>telefon	t ɛ lʲ ɛ f ɔ n
<|BUL|>pasyashtiya	p ɐ sʲ a ʃ t i j ɐ
<|BUL|>chukundur	t͡ʃ u k u n d u r
<|BUL|>oberon	ɔ b ɛ r o n
<|BUL|>zapreda	z ɐ p r ɛ d ɤ
<|BUL|>tatko	t a t k o
<|BUL|>plavey	p ɫ a v ɛ j
<|BUL|>kanara	k ɐ n ɐ r a
<|BUL|>ganimed	ɡ ɐ n i m ɛ t
<|BUL|>kăshto	k ɤ ʃ t o
<|BUL|>kolya	k ɔ lʲ ɐ
<|BUL|>huliganstvo	x u lʲ i ɡ a n s t v o
<|BUL|>sobol	s o b ɔ ɫ
<|BUL|>despotizăm	d ɛ s p o t i z ɐ m
<|BUL|>dvizha	d v i ʒ ɐ
<|BUL|>bi	b i
<|BUL|>otlichim	o t lʲ i t͡ʃ i m
<|BUL|>doya	d o j ɤ
<|BUL|>detsimetăr	d ɛ t͡s i m ɛ t ɐ r
<|BUL|>akusherka	ɐ k u ʃ ɛ r k ɐ
<|BUL|>zlăch	z ɫ ɤ t͡ʃ
<|BUL|>dolina	d o lʲ i n a
<|BUL|>zagreb	z a ɡ r ɛ p
<|BUL|>runtav	r u n t ɐ f
<|BUL|>radvam	r a d v ɐ m
<|BUL|>toalet	t o ɐ lʲ ɛ t
<|BUL|>prevăzhozhdam	p r ɛ v ɐ s x ɔ ʒ d ɐ m
<|BUL|>atentat	ɐ t ɛ n t a t
<|BUL|>gălăb	ɡ ɤ ɫ ɐ p
<|BUL|>gostilnitsa	ɡ o s t i ɫ n i t͡s ɐ
<|BUL|>izgubya	i z ɡ u bʲ ɐ
<|BUL|>preperets	p r ɛ p ɛ r ɛ t͡s
<|BUL|>pantalon	p ɐ n t ɐ ɫ ɔ n
<|BUL|>seren	s ɛ r ɛ n
<|BUL|>vegav	v ɛ ɡ ɐ f
<|BUL|>bodil	b o d i ɫ
<|BUL|>plasht	p ɫ a ʃ t
<|BUL|>lyutiv	lʲ u t i f
<|BUL|>opredelen	o p r ɛ d ɛ lʲ ɛ n
<|BUL|>plashtam	p ɫ a ʃ t ɐ m
<|BUL|>saksiya	s ɐ k s i j ɐ
<|BUL|>pishten	p i ʃ t ɛ n
<|BUL|>ozaglavya	o z ɐ ɡ ɫ ɐ vʲ ɤ
<|BUL|>nevăzmozhno	n ɛ v ɐ z m ɔ ʒ n o
<|BUL|>bastiliya	b ɐ s t i lʲ i j ɐ
<|BUL|>uzakonyavaneto	u z ɐ k o nʲ a v ɐ n ɛ t o
<|BUL|>shtedăr	ʃ t ɛ d ɐ r
<|BUL|>ogorcha	o ɡ o r t͡ʃ a
<|BUL|>mnogo	m n ɔ ɡ o
<|BUL|>braziliya	b r ɐ z i lʲ i j ɐ
<|BUL|>yarăk	j a r ɐ k
<|BUL|>klyun	k lʲ u n
<|BUL|>abdikiralata	ɐ b d i kʲ i r ɐ ɫ ɐ t ɐ
<|BUL|>myah	mʲ a x
<|BUL|>izvikvam	i z v i k v ɐ m
<|BUL|>apsida	ɐ p s i d ɐ
<|BUL|>napredăk	n ɐ p r ɛ d ɐ k
<|BUL|>kultura	k u ɫ t u r ɐ
<|BUL|>bratski	b r a t s kʲ i
<|BUL|>aze	a z ɛ
<|BUL|>zărna	z ɤ r n ɐ
<|BUL|>godinak	ɡ o d i n a k
<|BUL|>razhdam	r a ʒ d ɐ m
<|BUL|>gluh	ɡ ɫ u x
<|BUL|>lyut	lʲ u t
<|BUL|>ochen	ɔ t͡ʃ ɛ n
<|BUL|>fikus	f i k u s
<|BUL|>park	p a r k
<|BUL|>posetitel	p o s ɛ t i t ɛ ɫ
<|BUL|>megametăr	m ɛ ɡ ɐ m ɛ t ɐ r
<|BUL|>stsenariy	s t͡s ɛ n a r i
<|BUL|>kamshik	k ɐ m ʃ i k
<|BUL|>vasheto	v a ʃ ɛ t o
<|BUL|>smradlivets	s m r ɐ d lʲ i v ɛ t͡s
<|BUL|>universitet	u n i v ɛ r s i t ɛ t
<|BUL|>materen	m a t ɛ r ɛ n
<|BUL|>kraen	k r a ɛ n
<|BUL|>nar	n a r
<|BUL|>kartal	k ɐ r t a ɫ
<|BUL|>drozd	d r ɔ s t
<|BUL|>petrol	p ɛ t r ɔ ɫ
<|BUL|>pasene	p ɐ s ɛ n ɛ
<|BUL|>izvlicham	i z v lʲ i t͡ʃ ɐ m
<|BUL|>ishtah	i ʃ t a x
<|BUL|>kolibri	k o lʲ i b r i
<|BUL|>ruslo	r u s ɫ o
<|BUL|>redya	r ɛ dʲ a
<|BUL|>institut	i n s t i t u t
<|BUL|>truden	t r u d ɛ n
<|BUL|>kralski	k r a ɫ s kʲ i
<|BUL|>eksalităr	ɐ t o lʲ i t ɐ r
<|BUL|>gniloch	ɡ n i ɫ ɔ t͡ʃ
<|BUL|>dvulichen	d v u lʲ i t͡ʃ ɛ n
<|BUL|>sărbin	s ɤ r b i n
<|BUL|>tritsi	t r i t͡s i
<|BUL|>mirizma	m i r i z m a
<|BUL|>deeprichastie	d ɛ ɛ p r i t͡ʃ a s t i ɛ
<|BUL|>preginya	p r ɛ ɡʲ i nʲ ɐ
<|BUL|>shtyala	ʃ tʲ a ɫ ɐ
<|BUL|>mamut	m ɐ m u t
<|BUL|>uzakonyat	u z ɐ k o nʲ ɤ t
<|BUL|>leko	lʲ ɛ k o
<|BUL|>prăchitsa	p r ɤ t͡ʃ i t͡s ɐ
<|BUL|>gigantski	ɡʲ i ɡ a n t s kʲ i
<|BUL|>duma	d u m ɐ
<|BUL|>iztok	i s t o k
<|BUL|>usmihvam	u s m i x v ɐ m
<|BUL|>blagosloviya	b ɫ ɐ ɡ o s ɫ o v i j ɐ
<|BUL|>svi	s v i
<|BUL|>germanski	ɡʲ ɛ r m a n s kʲ i
<|BUL|>gibel	ɡʲ i b ɛ ɫ
<|BUL|>bagăr	b a ɡ ɐ r
<|BUL|>bezplaten	b ɛ s p ɫ a t ɛ n
<|BUL|>korona	k o r ɔ n ɐ
<|BUL|>aerometăr	a ɛ r o m ɛ t ɐ r
<|BUL|>surovina	s u r o v i n a
<|RUS|>yavstvenno	j a f s t vʲ i n a
<|RUS|>gomer	ɡ a mʲ e r
<|RUS|>spletavshij	s p lʲ i t a f ʂ i j
<|RUS|>usy'novlyajte	u s i n a v lʲ a j tʲ e
<|RUS|>l'da	lʲ d a
<|RUS|>prozvuchish'	p r a z v u t͡ɕ i ʂ
<|RUS|>satirax	s a tʲ i r a x
<|RUS|>remiksov	rʲ i mʲ i k s a f
<|RUS|>zaleplyayu	z a lʲ i p lʲ a j u
<|RUS|>absorbirovaniyami	a p s a r bʲ i r a v a nʲ i j a mʲ i
<|RUS|>plavkoyu	p ɫ a f k a j u
<|RUS|>zashumit	z a ʂ u mʲ i t
<|RUS|>muzhenenavistnichestvam	m u ʐ i nʲ i n a vʲ i sʲ nʲ i t͡ɕ i s t v a m
<|RUS|>zolotisty'm	z a ɫ a tʲ i s t i m
<|RUS|>katerochkax	k a tʲ i r o t͡ɕ k a x
<|RUS|>smeyalos'	s mʲ i j a ɫ a sʲ
<|RUS|>zamy'slu	z a m i s ɫ u
<|RUS|>semiugol'nika	sʲ i mʲ i u ɡ o lʲ nʲ i k a
<|RUS|>prisyagnuvshi	p rʲ i sʲ i ɡ n u f ʂ i
<|RUS|>ponosyat	p a n o sʲ a t
<|RUS|>izuchites'	i z u t͡ɕ i tʲ i sʲ
<|RUS|>pomojkoyu	p a m o j k a j u
<|RUS|>angliczizaczieyu	a n ɡ lʲ i t͡s i z a t͡s i j i j u
<|RUS|>pry'shhavy'j	p r i ɕː a v i j
<|RUS|>usopla	u s o p ɫ a
<|RUS|>poletat'	p a lʲ i t a tʲ
<|RUS|>ukuty'vayushhij	u k u t i v a j u ɕː i j
<|RUS|>muruj	m u r u j
<|RUS|>summiruesh'	s u mʲ i r u j i ʂ
<|RUS|>sekta	sʲ e k t a
<|RUS|>zaklejte	z a k lʲ e j tʲ e
<|RUS|>amilazoj	a mʲ i ɫ a z a j
<|RUS|>posodejstvovat'	p a s a dʲ e j s t v a v a tʲ
<|RUS|>op'yanivshij	a p ⁽ʲ ⁾ j i nʲ i f ʂ i j
<|RUS|>zagovarivajtes'	z a ɡ a v a rʲ i v a j tʲ i sʲ
<|RUS|>uzhestocheniya	u ʐ i s t a t͡ɕ e nʲ i j a
<|RUS|>raspravax	r a s p r a v a x
<|RUS|>letny'j	lʲ e t n i j
<|RUS|>dubu	d u b u
<|RUS|>zagadit	z a ɡ a dʲ i t
<|RUS|>propitajtes'	p r a pʲ i t a j tʲ i sʲ
<|RUS|>otschyotax	a t͡ɕ ɕː o t a x
<|RUS|>desniczu	dʲ i sʲ nʲ i t͡s u
<|RUS|>obuevala	a b u j i v a ɫ a
<|RUS|>vertlug	vʲ i r t ɫ u k
<|RUS|>navevavshij	n a vʲ i v a f ʂ i j
<|RUS|>poligrafiyax	p a lʲ i ɡ r a fʲ i j a x
<|RUS|>zapadaesh'	z a p a d a j i ʂ
<|RUS|>dozreyu	d a z rʲ e j u
<|RUS|>vzy'skivaete	v z i s kʲ i v a j i tʲ e
<|RUS|>iz''yanami	i z j a n a mʲ i
<|RUS|>metafiziku	mʲ i t a fʲ i zʲ i k u
<|RUS|>veseleesh'	vʲ i sʲ i lʲ e j i ʂ
<|RUS|>texnokratiyu	tʲ i x n a k r a tʲ i j u
<|RUS|>prigorodom	p rʲ i ɡ a r a d a m
<|RUS|>pionerov	pʲ i a nʲ e r a f
<|RUS|>poruchitel'stvom	p a r u t͡ɕ i tʲ i lʲ s t v a m
<|RUS|>gost'yax	ɡ o sʲ tʲ j a x
<|RUS|>podtyagivayus'	p a tʲː a ɡʲ i v a j u sʲ
<|RUS|>prischity'vaj	p rʲ i ɕː i t i v a j
<|RUS|>ottayalo	a t a j i ɫ a
<|RUS|>opushalas'	a p u ʂ a ɫ a sʲ
<|RUS|>poklonnichestvo	p a k ɫ o nʲ i t͡ɕ i s t v a
<|RUS|>ablautov	a b ɫ a u t a f
<|RUS|>otekayu	a tʲ i k a j u
<|RUS|>stipendij	sʲ tʲ i pʲ e nʲ dʲ i j
<|RUS|>kromkoj	k r o m k a j
<|RUS|>vlyapalsya	v lʲ a p a ɫ s ⁽ʲ ⁾ a
<|RUS|>uverovat'	u vʲ e r a v a tʲ
<|RUS|>tusknevshi	t u s k nʲ e f ʂ i
<|RUS|>prokaly'vaesh'	p r a k a ɫ i v a j i ʂ
<|RUS|>skonfuzyat	s k a n f u zʲ a t
<|RUS|>izvinyali	i z vʲ i nʲ a lʲ i
<|RUS|>pofigizmami	p a fʲ i ɡʲ i z m a mʲ i
<|RUS|>murzikami	m u r zʲ i k a mʲ i
<|RUS|>rekvizicziyami	rʲ i k vʲ i zʲ i t͡s i j a mʲ i
<|RUS|>administracziyax	a d mʲ i nʲ i s t r a t͡s i j a x
<|RUS|>ottashhila	a t a ɕː i ɫ a
<|RUS|>srodnivshij	s r a dʲ nʲ i f ʂ i j
<|RUS|>nedolyublivajte	nʲ i d a lʲ u b lʲ i v a j tʲ e
<|RUS|>mnozhitsya	m n o ʐ i t͡s a
<|RUS|>nardy'	n a r d i
<|RUS|>isteki	i sʲ tʲ i kʲ i
<|RUS|>pravooxranitel'ny'j	p r a v a a x r a nʲ i tʲ i lʲ n i j
<|RUS|>vy'skablivaya	v i s k a b lʲ i v a j a
<|RUS|>audite	a u dʲ i tʲ e
<|RUS|>obvil	a b vʲ i ɫ
<|RUS|>shepnuv	ʂ i p n u f
<|RUS|>gorkoj	ɡ o r k a j
<|RUS|>fleksijny'j	f lʲ i k sʲ i j n i j
<|RUS|>svyatoyu	s vʲ i t o j u
<|RUS|>kastan'ety'	k a s t a nʲ j e t i
<|RUS|>podejstvovat'	p a dʲ e j s t v a v a tʲ
<|RUS|>kebabax	kʲ i b a b a x
<|RUS|>ozhivlyajtes'	a ʐ i v lʲ a j tʲ i sʲ
<|RUS|>osklablyayu	a s k ɫ a b lʲ a j u
<|RUS|>uklonenii	u k ɫ a nʲ e nʲ i i
<|RUS|>adekvatnostyax	a d i k v a t n a sʲ tʲ a x
<|RUS|>analiziruet	a n a lʲ i zʲ i r u j i t
<|RUS|>lososya	ɫ a s o sʲ a
<|RUS|>babosam	b a b o s a m
<|RUS|>vosstanut	v a s t a n u t
<|RUS|>krasiv	k r a sʲ i f
<|RUS|>chajkovskij	t͡ɕ i j k o f s kʲ i j
<|RUS|>asinxronny'j	a sʲ i n x r o n i j
<|RUS|>mirovy'mi	mʲ i r a v i mʲ i
<|RUS|>vakansiyu	v a k a n ⁽ʲ ⁾ sʲ i j u
<|RUS|>vodyanogo	v a dʲ i n o v a
<|RUS|>obrosshij	a b r o ʂ i j
<|RUS|>tekilax	tʲ i kʲ i ɫ a x
<|RUS|>nasazhdavshi	n a s a ʐ d a f ʂ i
<|RUS|>disketax	dʲ i s kʲ e t a x
<|RUS|>priplyasy'vat'	p rʲ i p lʲ a s i v a tʲ
<|RUS|>plesh'	p lʲ e ʂ
<|RUS|>pred''yavitsya	p rʲ i d j a vʲ i t͡s a
<|RUS|>razmyagchaemy'j	r a z mʲ i x t͡ɕ a j i m i j
<|RUS|>zapryagut	z a p rʲ i ɡ u t
<|RUS|>nastuchav	n a s t u t͡ɕ a f
<|RUS|>guberniyax	ɡ u bʲ e r nʲ i j a x
<|RUS|>unesyotes'	u nʲ i sʲ o tʲ i sʲ
<|RUS|>raskachivaemsya	r a s k a t͡ɕ i v a j i m sʲ a
<|RUS|>bol'nai	b a lʲ n a i
<|RUS|>pomazannikov	p a m a z a nʲ i k a f
<|RUS|>numeracziej	n u mʲ i r a t͡s i j i j
<|RUS|>izgotovleniem	i z ɡ a t a v lʲ e nʲ i j i m
<|RUS|>derzhava	dʲ i r ʐ a v a
<|RUS|>umirish'	u mʲ i rʲ i ʂ
<|RUS|>ubezhim	u bʲ i ʐ i m
<|RUS|>dovodyat	d a v o dʲ a t
<|RUS|>otbud'te	a d b u tʲː e
<|RUS|>xity'	xʲ i t i
<|RUS|>silache	sʲ i ɫ a t͡ɕ e
<|RUS|>prery'vavshi	p rʲ i r i v a f ʂ i
<|RUS|>zondiruem	z a nʲ dʲ i r u j i m
<|RUS|>uprosi	u p r a sʲ i
<|RUS|>giryam	ɡʲ i rʲ a m
<|RUS|>naznachenii	n a z n a t͡ɕ e nʲ i i
<|RUS|>obleplyaemy'j	a b lʲ i p lʲ a j i m i j
<|RUS|>reabilitiruem	rʲ i a bʲ i lʲ i tʲ i r u j i m
<|RUS|>likbezam	lʲ i ɡ bʲ e z a m
<|RUS|>moty'l'kam	m a t i lʲ k a m
<|RUS|>uskorish'sya	u s k o rʲ i ʂ sʲ a
<|RUS|>fasolej	f a s o lʲ i j
<|RUS|>due'ta	d u e t a
<|RUS|>mimikrij	mʲ i mʲ i k rʲ i j
<|RUS|>mejtneriev	mʲ i j tʲ nʲ e rʲ i j i f
<|RUS|>skleilo	s k lʲ e i ɫ a
<|RUS|>burevestnika	b u rʲ i vʲ e sʲ nʲ i k a
<|RUS|>blagoustroj	b ɫ a ɡ a u s t r o j
<|RUS|>zaglinizirovannosti	z a ɡ lʲ i nʲ i zʲ i r a v a n a sʲ tʲ i
<|RUS|>ukreplenij	u k rʲ i p lʲ e nʲ i j
<|RUS|>gostyu	ɡ o sʲ tʲ u
<|RUS|>sgushhayus'	z ɡ u ɕː a j u sʲ
<|RUS|>razgovlyayutsya	r a z ɡ a v lʲ a j u t͡s a
<|RUS|>biotoksichnost'	bʲ i a t a k sʲ i t͡ɕ n a sʲ tʲ
<|RUS|>klavdiya	k ɫ a v dʲ i j a
<|RUS|>dekanaty'	d i k a n a t i
<|RUS|>vozobnovite	v a z a b n a vʲ i tʲ e
<|RUS|>ukry'lsya	u k r i ɫ s ⁽ʲ ⁾ a
<|RUS|>rozhaete	r a ʐ a j i tʲ e
<|RUS|>ugrozhayushhij	u ɡ r a ʐ a j u ɕː i j
<|RUS|>tolkovanii	t a ɫ k a v a nʲ i i
<|RUS|>derevyashkoj	dʲ i rʲ i vʲ a ʂ k a j
<|RUS|>sachkujte	s a t͡ɕ k u j tʲ e
<|RUS|>gvardejcza	ɡ v a r dʲ e j t͡s a
<|RUS|>zaveshivajte	z a vʲ e ʂ i v a j tʲ e
<|RUS|>viselo	vʲ i sʲ e ɫ a
<|RUS|>kapibarami	k a pʲ i b a r a mʲ i
<|RUS|>rastilo	r a sʲ tʲ i ɫ a
<|RUS|>vazochkami	v a z a t͡ɕ k a mʲ i
<|RUS|>l'dinok	lʲ dʲ i n a k
<|RUS|>tuzemczami	t u zʲ e m t͡s a mʲ i
<|RUS|>chaxotke	t͡ɕ i x o t kʲ e
<|RUS|>privstayushhij	p rʲ i f s t a j u ɕː i j
<|RUS|>relikta	rʲ i lʲ i k t a
<|RUS|>otdalyat'	a d a lʲ a tʲ
<|RUS|>blumfontejn	b ɫ u m f a n t i j n
<|RUS|>otstavshij	a t͡s s t a f ʂ i j
<|RUS|>toksichny'j	t a k sʲ i t͡ɕ n i j
<|RUS|>valenkom	v a lʲ i n k a m
<|RUS|>prizemlyavshijsya	p rʲ i zʲ i m lʲ a f ʂ i j sʲ a
<|RUS|>nevezhestvenna	nʲ i vʲ e ʐ i s t vʲ i n a
<|RUS|>artistka	a r tʲ i s t k a
<|RUS|>shampunya	ʂ a m p u nʲ a
<|RUS|>negodovaniyu	nʲ i ɡ a d a v a nʲ i j u
<|RUS|>prigotovleniem	p rʲ i ɡ a t a v lʲ e nʲ i j i m
<|RUS|>magnatov	m a ɡ n a t a f
<|RUS|>vstupleniyax	f s t u p lʲ e nʲ i j a x
<|RUS|>okopa	a k o p a
<|RUS|>ozarila	a z a rʲ i ɫ a
<|RUS|>otvorachivayushhijsya	a t v a r a t͡ɕ i v a j u ɕː i j sʲ a
<|RUS|>prostudivshi	p r a s t u dʲ i f ʂ i
<|RUS|>komissiyami	k a mʲ i sʲ i j a mʲ i
<|RUS|>rasxishhav	r a s xʲ i ɕː a f
<|RUS|>narekla	n a rʲ i k ɫ a
<|RUS|>srovnyajte	s r a v nʲ a j tʲ e
<|RUS|>osiyavaesh'	a sʲ i j i v a j i ʂ
<|RUS|>inaktiviruyu	i n a k tʲ i vʲ i r u j u
<|RUS|>umudrit	u m u d rʲ i t
<|RUS|>guglite	ɡ u ɡ lʲ i tʲ e
<|RUS|>propity'vav	p r a pʲ i t i v a f
<|RUS|>samoczveta	s a m a t͡s vʲ e t a
<|RUS|>tolstyakom	t a ɫ s ⁽ʲ ⁾ tʲ i k o m
<|RUS|>vsklokochenny'j	f s k ɫ a k o t͡ɕ i n i j
<|RUS|>nervnichavshij	nʲ e r v nʲ i t͡ɕ i f ʂ i j
<|RUS|>boryushhijsya	b o rʲ u ɕː i j sʲ a
<|RUS|>zachity'vajsya	z a t͡ɕ i t i v a j sʲ a
<|RUS|>ostuzhav	a s t u ʐ a f
<|RUS|>los'onam	ɫ a sʲ j o n a m
<|RUS|>val'czuyushhij	v a lʲ t͡s u j u ɕː i j
<|RUS|>raspinaya	r a s pʲ i n a j a
<|RUS|>topazu	t a p a z u
<|RUS|>teletekstax	tʲ e lʲ i tʲ e k s t a x
<|RUS|>podzagolovkov	p a d͡z z a ɡ a ɫ o f k a f
<|RUS|>revel	rʲ i vʲ e ɫ
<|RUS|>blagoslovimsya	b ɫ a ɡ a s ɫ a vʲ i m sʲ a
<|RUS|>kakuyu	k a k u j u
<|RUS|>zazhglis'	z a ʐ ɡ lʲ i sʲ
<|RUS|>oroshu	a r a ʂ u
<|RUS|>sharaxat'	ʂ a r a x a tʲ
<|RUS|>rukovodstv	r u k a v o t͡s t f
<|RUS|>klyanchu	k lʲ a nʲ t͡ɕ u
<|RUS|>zaczeplyalo	z a t͡s i p lʲ a ɫ a
<|RUS|>abadancze	a b a d a n t͡s i
<|RUS|>reyav	rʲ e j i f
<|RUS|>ranetki	r a nʲ e t kʲ i
<|RUS|>pokladaya	p a k ɫ a d a j a
<|RUS|>predpishem	p rʲ i t pʲ i ʂ i m
<|RUS|>borozdim	b a r a zʲ dʲ i m
<|RUS|>nuvorisham	n u v a rʲ i ʂ a m
<|RUS|>arke	a r kʲ e
<|RUS|>vzbegav	v z bʲ i ɡ a f
<|RUS|>gumanizme	ɡ u m a nʲ i z mʲ e
<|RUS|>rozh'yu	r o ʐ j u
<|RUS|>gidraty'	ɡʲ i d r a t i
<|RUS|>doveritel'nostyam	d a vʲ i rʲ i tʲ i lʲ n a sʲ tʲ a m
<|RUS|>xolodavshi	x a ɫ a d a f ʂ i
<|RUS|>tyul'pana	tʲ u lʲ p a n a
<|RUS|>vy'krasilo	v i k r a sʲ i ɫ a
<|RUS|>vzvinchival	v z vʲ i nʲ t͡ɕ i v a ɫ
<|RUS|>vuj	v u j
<|RUS|>marazmy'	m a r a z m i
<|RUS|>disgarmonieyu	dʲ i z ɡ a r m o nʲ i j i j u
<|RUS|>lomaku	ɫ a m a k u
<|RUS|>pamyatej	p a mʲ i tʲ i j
<|RUS|>vsedozvolennostyax	f sʲ i d a z v o lʲ i n a sʲ tʲ a x
<|RUS|>kurkumoj	k u r k u m a j
<|RUS|>tushuj	t u ʂ u j
<|RUS|>zanosit	z a n o sʲ i t
<|RUS|>kinoapparatom	kʲ i n a a p a r a t a m
<|RUS|>pripominaesh'	p rʲ i p a mʲ i n a j i ʂ
<|RUS|>zeval	zʲ i v a ɫ
<|RUS|>nakaly'vat'	n a k a ɫ i v a tʲ
<|RUS|>kontraktnikax	k a n t r a k tʲ nʲ i k a x
<|RUS|>obuchavshijsya	a b u t͡ɕ a f ʂ i j sʲ a
<|RUS|>upominayutsya	u p a mʲ i n a j u t͡s a
<|RUS|>abderitami	a b dʲ i rʲ i t a mʲ i
<|RUS|>terebejchuk	tʲ i rʲ i bʲ i j t͡ɕ u k
<|RUS|>uchugov	u t͡ɕ u ɡ a f
<|RUS|>izvedav	i z vʲ e d a f
<|RUS|>dopolnivshij	d a p o ɫ nʲ i f ʂ i j
<|RUS|>davleniyam	d a v lʲ e nʲ i j a m
<|RUS|>prikolot'	p rʲ i k a ɫ o tʲ
<|RUS|>kolos'yam	k a ɫ o sʲ j a m
<|RUS|>mongolom	m a n ɡ o ɫ a m
<|RUS|>vy'sevok	v i sʲ i v a k
<|RUS|>zateshesh'	z a tʲ e ʂ i ʂ
<|RUS|>durakov	d u r a k o f
<|RUS|>korenivshis'	k a rʲ i nʲ i f ʂ i sʲ
<|RUS|>tulii	t u lʲ i i
<|RUS|>vy'kraivayutsya	v i k r a i v a j u t͡s a
<|RUS|>mnenij	m nʲ e nʲ i j
<|RUS|>prosvetlevshij	p r a s vʲ i t lʲ e f ʂ i j
<|RUS|>pervy'e	pʲ e r v i j e
<|RUS|>buxanke	b u x a n kʲ e
<|RUS|>svetit'sya	s vʲ i tʲ i t͡s a
<|RUS|>zavorazhivat'	z a v a r a ʐ i v a tʲ
<|RUS|>epitraxilej	j i pʲ i t r a xʲ i lʲ i j
<|RUS|>statejkoj	s t a tʲ e j k a j
<|RUS|>vmazy'vaj	v m a z i v a j
<|RUS|>proshhan'ya	p r a ɕː a nʲ j a
<|RUS|>kochevnike	k a t͡ɕ e v nʲ i kʲ e
<|RUS|>xlebczem	x lʲ e p t͡s i m
<|RUS|>upotreblyali	u p a t rʲ i b lʲ a lʲ i
<|RUS|>xadisa	x a dʲ i s a
<|RUS|>oshhetinila	a ɕː i tʲ i nʲ i ɫ a
<|RUS|>sochineniem	s a t͡ɕ i nʲ e nʲ i j i m
<|RUS|>pripolzat'	p rʲ i p a ɫ z a tʲ
<|RUS|>s''edutsya	s j e d u t͡s a
<|RUS|>czesarem	t͡s e s a rʲ i m
<|RUS|>sosnoyu	s a s n o j u
<|RUS|>patrul'nomu	p a t r u lʲ n a m u
<|RUS|>gobelene	ɡ a bʲ i lʲ e nʲ e
<|RUS|>anusax	a n u s a x
<|RUS|>ispisy'valo	i s pʲ i s i v a ɫ a
<|RUS|>besnovaty'mi	bʲ i s n a v a t i mʲ i
<|RUS|>rize	rʲ i zʲ e
<|RUS|>terroriste	t i r a rʲ i sʲ tʲ e
<|RUS|>prisluzhili	p rʲ i s ɫ u ʐ i lʲ i
<|RUS|>oslixam	a s ⁽ʲ ⁾ lʲ i x a m
<|RUS|>artistke	a r tʲ i s t kʲ e
<|RUS|>oblyuyu	a b lʲ u j u
<|RUS|>vkrady'valas'	f k r a d i v a ɫ a sʲ
<|RUS|>peretekli	pʲ i rʲ i tʲ i k lʲ i
<|RUS|>popravish'	p a p r a vʲ i ʂ
<|RUS|>okayu	o k a j u
<|RUS|>reznyami	rʲ i zʲ nʲ a mʲ i
<|RUS|>podvorotne	p a d v a r o tʲ nʲ e
<|RUS|>zhazhda	ʐ a ʐ d a
<|RUS|>prozhidyax	p r o ʐ i dʲ a x
<|RUS|>xayali	x a j i lʲ i
<|RUS|>svechnike	s vʲ i t͡ɕ nʲ i kʲ e
<|RUS|>obnazhite	a b n a ʐ i tʲ e
<|RUS|>razdvinulis'	r a z d vʲ i n u lʲ i sʲ
<|RUS|>podmetajte	p a d mʲ i t a j tʲ e
<|RUS|>skorogovorka	s k a r a ɡ a v o r k a
<|RUS|>osmotrami	a s m o t r a mʲ i
<|RUS|>kroshenny'j	k r o ʂ i n i j
<|RUS|>rastrevozhivayut	r a s t rʲ i v o ʐ i v a j u t
<|RUS|>zagar	z a ɡ a r
<|RUS|>tolkalos'	t a ɫ k a ɫ a sʲ
<|RUS|>serdczebieniyax	sʲ i r t͡s i bʲ i j e nʲ i j a x
<|RUS|>obvetshaly'j	a b vʲ i t͡ʂ ʂ a ɫ i j
<|RUS|>traktuete	t r a k t u j i tʲ e
<|RUS|>nenadobny'j	nʲ i n a d a b n i j
<|RUS|>slyozy'	s ⁽ʲ ⁾ lʲ o z i
<|RUS|>peretyagivavshi	pʲ i rʲ i tʲ a ɡʲ i v a f ʂ i
<|RUS|>obodam	o b a d a m
<|RUS|>uvezyosh'	u vʲ i zʲ o ʂ
<|RUS|>pregradivshij	p rʲ i ɡ r a dʲ i f ʂ i j
<|RUS|>zasvistim	z a s vʲ i sʲ tʲ i m
<|RUS|>kinoaktrisoj	kʲ i n a a k t rʲ i s a j
<|RUS|>uedinyavshis'	u j i dʲ i nʲ a f ʂ i sʲ
<|RUS|>aktiviziruete	a k tʲ i vʲ i zʲ i r u j i tʲ e
<|RUS|>ogon'kam	a ɡ a nʲ k a m
<|RUS|>dy'mili	d i mʲ i lʲ i
<|RUS|>akkompanirovali	a k a m p a nʲ i r a v a lʲ i
<|RUS|>butiliruyut	b u tʲ i lʲ i r u j u t
<|RUS|>vladislavom	v ɫ a dʲ i s ɫ a v a m
<|RUS|>tolknyosh'	t a ɫ k nʲ o ʂ
<|RUS|>zatiraya	z a tʲ i r a j a
<|RUS|>pol'zovaniyax	p o lʲ z a v a nʲ i j a x
<|RUS|>praporshhik	p r a p a r ɕː i k
<|RUS|>sorevnujtes'	s a rʲ i v n u j tʲ i sʲ
<|RUS|>fabrikuyu	f a b rʲ i k u j u
<|RUS|>vosprinyala	v a s p rʲ i nʲ i ɫ a
<|RUS|>poxoronish'	p a x a r o nʲ i ʂ
<|RUS|>sxodna	s x o d n a
<|RUS|>vozvy'shenno	v a z v i ʂ i n a
<|RUS|>avtogene	a f t a ɡʲ e nʲ e
<|RUS|>promokavshij	p r a m a k a f ʂ i j
<|RUS|>peregrelis'	pʲ i rʲ i ɡ rʲ e lʲ i sʲ
<|RUS|>podgotovlyajte	p a d ɡ a t a v lʲ a j tʲ e
<|RUS|>potrebnostyax	p a t rʲ e b n a sʲ tʲ a x
<|RUS|>odarivaya	a d a rʲ i v a j a
<|RUS|>chugunno	t͡ɕ u ɡ u n a
<|RUS|>otvazhivaemsya	a t v a ʐ i v a j i m sʲ a
<|RUS|>prezumpcziyami	p rʲ i z u m p t͡s i j a mʲ i
<|RUS|>rasstraivalsya	r a s t r a i v a ɫ s ⁽ʲ ⁾ a
<|RUS|>dovlelo	d a v lʲ e ɫ a
<|RUS|>smradish'	s m r a dʲ i ʂ
<|RUS|>adsorbirovav	a t͡s s a r bʲ i r a v a f
<|RUS|>refraktore	rʲ i f r a k t a rʲ e
<|RUS|>izliyaniyami	i z ⁽ʲ ⁾ lʲ i j a nʲ i j a mʲ i
<|RUS|>gobelenami	ɡ a bʲ i lʲ e n a mʲ i
<|RUS|>priglyady'vavshijsya	p rʲ i ɡ lʲ a d i v a f ʂ i j sʲ a
<|RUS|>e'ksczessov	i k s t͡s e s a f
<|RUS|>vzyatochnikam	v zʲ a t a t͡ɕ nʲ i k a m
<|RUS|>potyorla	p a tʲ o r ɫ a
<|RUS|>abstraktam	a p s t r a k t a m
<|RUS|>soskami	s o s k a mʲ i
<|RUS|>bryoxa	b rʲ o x a
<|RUS|>poblagodarit'	p a b ɫ a ɡ a d a rʲ i tʲ
<|RUS|>zhuchkov	ʐ u t͡ɕ k o f
<|RUS|>osechkam	a sʲ e t͡ɕ k a m
<|RUS|>speczializmy'	s pʲ i t͡s i a lʲ i z m i
<|RUS|>sertifikata	sʲ i r tʲ i fʲ i k a t a
<|RUS|>gonorei	ɡ a n a rʲ e i
<|RUS|>ukradyosh'	u k r a dʲ o ʂ
<|RUS|>vozdadite	v a z d a dʲ i tʲ e
<|RUS|>prozhigaem	p r a ʐ i ɡ a j i m
<|RUS|>butaforiej	b u t a f o rʲ i j i j
<|RUS|>discziplinirovala	dʲ i s t͡s i p lʲ i nʲ i r a v a ɫ a
<|RUS|>osunetsya	a s u nʲ i t͡s a
<|RUS|>vinovniczax	vʲ i n o v nʲ i t͡s a x
<|RUS|>pitomcze	pʲ i t o m t͡s i
<|RUS|>zamyalo	z a mʲ a ɫ a
<|RUS|>porochili	p a r o t͡ɕ i lʲ i
<|RUS|>detochka	dʲ e t a t͡ɕ k a
<|RUS|>pereskazy'vaem	pʲ i rʲ i s k a z i v a j i m
<|RUS|>bashke	b a ʂ kʲ e
<|RUS|>poblagodarim	p a b ɫ a ɡ a d a rʲ i m
<|RUS|>dublyonki	d u b lʲ o n kʲ i
<|RUS|>razvernuvshij	r a z vʲ i r n u f ʂ i j
<|RUS|>protivopolozhu	p r o tʲ i v a p a ɫ a ʐ u
<|RUS|>nyuxal'shhiki	nʲ u x a lʲ ɕː i kʲ i
<|RUS|>ozari	a z a rʲ i
<|RUS|>otchuzhu	a t͡ɕ u ʐ u
<|RUS|>buferax	b u fʲ i r a x
<|RUS|>dotyagivayushhijsya	d a tʲ a ɡʲ i v a j u ɕː i j sʲ a
<|RUS|>venchaniya	vʲ i nʲ t͡ɕ a nʲ i j a
<|RUS|>okuplenny'j	a k u p lʲ i n i j
<|RUS|>postroit	p a s t r o i t
<|RUS|>uyazvlyaya	u j i z v lʲ a j a
<|RUS|>pogovorite	p a ɡ a v a rʲ i tʲ e
<|RUS|>czarevna	t͡s a rʲ e v n a
<|RUS|>bolte	b a ɫ tʲ e
<|RUS|>zabil	z a bʲ i ɫ
<|RUS|>lyuks	lʲ u k s
<|RUS|>sbilo	z bʲ i ɫ a
<|RUS|>chayachij	t͡ɕ a j i t͡ɕ i j
<|RUS|>nadavavshij	n a d a v a f ʂ i j
<|RUS|>konku	k o n k u
<|RUS|>usmexayas'	u s mʲ i x a j i sʲ
<|RUS|>privyaz'	p rʲ i vʲ i sʲ
<|RUS|>paradigmam	p a r a dʲ i ɡ m a m
<|RUS|>zachyorkivaem	z a t͡ɕ o r kʲ i v a j i m
<|RUS|>sushhnost'yu	s u ɕː n a sʲ tʲ j u
<|RUS|>podmechavshij	p a d mʲ i t͡ɕ a f ʂ i j
<|RUS|>reek	rʲ e j i k
<|RUS|>prosvetish'	p r a s vʲ e tʲ i ʂ
<|RUS|>niderlandskogo	nʲ i dʲ i r ɫ a n t s k a v a
<|RUS|>poladiv	p a ɫ a dʲ i f
<|RUS|>novoanglichanax	n o v a a n ɡ lʲ i t͡ɕ a n a x
<|RUS|>pozhiraet	p a ʐ i r a j i t
<|RUS|>tarifov	t a rʲ i f a f
<|RUS|>naschyot	n a ɕː o t
<|RUS|>raspuskavshis'	r a s p u s k a f ʂ i sʲ
<|RUS|>zaby'valsya	z a b i v a ɫ s ⁽ʲ ⁾ a
<|RUS|>oklemaetes'	a k lʲ i m a j i tʲ i sʲ
<|RUS|>provozya	p r a v a zʲ a
<|RUS|>udelax	u dʲ e ɫ a x
<|RUS|>vy'tryaxivaet	v i t rʲ a xʲ i v a j i t
<|RUS|>zatrudni	z a t r u dʲ nʲ i
<|RUS|>prinimavshis'	p rʲ i nʲ i m a f ʂ i sʲ
<|RUS|>proklady'vayushhij	p r a k ɫ a d i v a j u ɕː i j
<|RUS|>rusificziruesh'sya	r u sʲ i fʲ i t͡s i r u j i ʂ sʲ a
<|RUS|>stvoru	s t v o r u
<|RUS|>rasxodovali	r a s x o d a v a lʲ i
<|RUS|>zacharovav	z a t͡ɕ i r a v a f
<|RUS|>chempionami	t͡ɕ i m ⁽ʲ ⁾ pʲ i o n a mʲ i
<|RUS|>raschyosy'valas'	r a ɕ t͡ɕ o s i v a ɫ a sʲ
<|RUS|>zarevom	z a rʲ i v a m
<|RUS|>neformal'no	nʲ i f a r m a lʲ n a
<|RUS|>otslezhivaet	a t͡s s ⁽ʲ ⁾ lʲ e ʐ i v a j i t
<|RUS|>priglyady'vaem	p rʲ i ɡ lʲ a d i v a j i m
<|RUS|>bryussel'skij	b rʲ u sʲ e lʲ s kʲ i j
<|RUS|>rokax	r o k a x
<|RUS|>raskruchivalo	r a s k r u t͡ɕ i v a ɫ a
<|RUS|>chelnok	t͡ɕ i ɫ n o k
<|RUS|>remeshkam	rʲ i mʲ i ʂ k a m
<|RUS|>vedavshij	vʲ e d a f ʂ i j
<|RUS|>ivolgoyu	i v a ɫ ɡ a j u
<|RUS|>kolledzh	k o lʲ i t͡ʂ ʂ
<|RUS|>proveriv	p r a vʲ e rʲ i f
<|RUS|>mikrosxemy'	mʲ i k r a s xʲ e m i
<|RUS|>vy'yasnyaesh'	v i j i sʲ nʲ a j i ʂ
<|RUS|>nadkolennike	n a t k a lʲ e nʲ i kʲ e
<|RUS|>perekusyat	pʲ i rʲ i k u sʲ a t
<|RUS|>pokruchenny'j	p a k r u t͡ɕ i n i j
<|RUS|>zatirav	z a tʲ i r a f
<|RUS|>perechtyom	pʲ i rʲ i t͡ɕ tʲ o m
<|RUS|>poddanstvu	p o d a n s t v u
<|RUS|>vy'livalsya	v i lʲ i v a ɫ s ⁽ʲ ⁾ a
<|RUS|>porastyot	p a r a sʲ tʲ o t
<|RUS|>provajdery'	p r a v a j d i r i
<|RUS|>polemiku	p a lʲ e mʲ i k u
<|RUS|>perelomlyu	pʲ i rʲ i ɫ a m lʲ u
<|RUS|>raz''yom	r a z j o m
<|RUS|>izmenyalo	i z mʲ i nʲ a ɫ a
<|RUS|>absorbatam	a p s a r b a t a m
<|RUS|>pisatelyami	pʲ i s a tʲ i lʲ a mʲ i
<|RUS|>lad	ɫ a t
<|RUS|>axi	a xʲ i
<|RUS|>izvlekut	i z v lʲ i k u t
<|RUS|>vzbiraetes'	v z bʲ i r a j i tʲ i sʲ
<|RUS|>fotokartochkami	f a t a k a r t a t͡ɕ k a mʲ i
<|RUS|>ob''edaemy'j	a b j i d a j i m i j
<|RUS|>zavalites'	z a v a lʲ i tʲ i sʲ
<|RUS|>zaklady'vaj	z a k ɫ a d i v a j
<|RUS|>urezy'vav	u rʲ e z i v a f
<|RUS|>pridelat'	p rʲ i dʲ e ɫ a tʲ
<|RUS|>perestavit'	pʲ i rʲ i s t a vʲ i tʲ
<|RUS|>kremniev	k rʲ e m nʲ i j i f
<|RUS|>vsovavshi	f s a v a f ʂ i
<|RUS|>czingoyu	t͡s i n ɡ o j u
<|RUS|>kriptonov	k rʲ i p t o n a f
<|RUS|>gomoni	ɡ a m a nʲ i
<|RUS|>dumaem	d u m a j i m
<|RUS|>povyazanny'j	p a vʲ a z a n i j
<|RUS|>zastreliv	z a s t rʲ i lʲ i f
<|RUS|>apograf	a p o ɡ r a f
<|RUS|>podsolnuxe	p a t͡s s o ɫ n u xʲ e
<|RUS|>privivaj	p rʲ i vʲ i v a j
<|RUS|>bukkery'	b u kʲ i r i
<|RUS|>yumoristicheskaya	j u m a rʲ i sʲ tʲ i t͡ɕ i s k a j a
<|RUS|>vy'dvoryavshi	v i d v a rʲ a f ʂ i
<|RUS|>podlodke	p a d ɫ o t kʲ e
<|RUS|>lapali	ɫ a p a lʲ i
<|RUS|>otshheplyajte	a t͡ɕ ɕː i p lʲ a j tʲ e
<|RUS|>zavedovaniem	z a vʲ e d a v a nʲ i j i m
<|RUS|>smudrit	s m u d rʲ i t
<|RUS|>zdes'	zʲ dʲ e sʲ
<|RUS|>zaimejte	z a i mʲ e j tʲ e
<|RUS|>kuvshinkax	k u f ʂ i n k a x
<|RUS|>pokataesh'	p a k a t a j i ʂ
<|RUS|>podshipnikam	p a t͡ʂ ʂ i p nʲ i k a m
<|RUS|>nesby'tochny'j	nʲ i z b i t a t͡ɕ n i j
<|RUS|>stoil	s t o i ɫ
<|RUS|>zaebat'	z a j i b a tʲ
<|RUS|>zarazyatsya	z a r a zʲ a t͡s a
<|RUS|>sprosonok	s p r a s o n a k
<|RUS|>zaperlis'	z a pʲ i r lʲ i sʲ
<|RUS|>geroinyax	ɡʲ i r a i nʲ a x
<|RUS|>muchu	m u t͡ɕ u
<|RUS|>zapirayus'	z a pʲ i r a j u sʲ
<|RUS|>nepogreshimy'j	nʲ i p a ɡ rʲ i ʂ i m i j
<|RUS|>pakistanczy'	p a kʲ i s t a n t͡s i
<|RUS|>povertit	p a vʲ e r tʲ i t
<|RUS|>eparxiya	j i p a r xʲ i j a
<|RUS|>pokry'shka	p a k r i ʂ k a
<|RUS|>teatre	tʲ i a t a rʲ e
<|RUS|>tuchnosti	t u t͡ɕ n a sʲ tʲ i
<|RUS|>spyor	s pʲ o r
<|RUS|>vstavish'sya	f s t a vʲ i ʂ sʲ a
<|RUS|>vy'pravlyat'	v i p r a v lʲ a tʲ
<|RUS|>vetshaem	vʲ i t͡ʂ ʂ a j i m
<|RUS|>nadushu	n a d u ʂ u
<|RUS|>liznuv	lʲ i z n u f
<|RUS|>opaseniya	a p a sʲ e nʲ i j a
<|RUS|>perelivaet	pʲ i rʲ i lʲ i v a j i t
<|RUS|>chuvstvujte	t͡ɕ u s t v u j tʲ e
<|RUS|>osushal	a s u ʂ a ɫ
<|RUS|>vvodimsya	v o dʲ i m sʲ a
<|RUS|>sekundy'	sʲ i k u n d i
<|RUS|>poxodom	p a x o d a m
<|RUS|>osvedomlyayushhijsya	a s vʲ i d a m lʲ a j u ɕː i j sʲ a
<|RUS|>plyuralizmam	p lʲ u r a lʲ i z m a m
<|RUS|>zvenet'	z vʲ i nʲ e tʲ
<|RUS|>pejdzher	p e j d͡ʐ ʐ i r
<|RUS|>povalila	p a v a lʲ i ɫ a
<|RUS|>asketom	a s kʲ e t a m
<|RUS|>sinteza	sʲ i n t i z a
<|RUS|>kinoplyonkax	kʲ i n a p lʲ o n k a x
<|RUS|>kletku	k lʲ e t k u
<|RUS|>otvorachivayus'	a t v a r a t͡ɕ i v a j u sʲ
<|RUS|>zakopushkoj	z a k a p u ʂ k a j
<|RUS|>preobrazovy'vavshijsya	p rʲ i a b r a z o v i v a f ʂ i j sʲ a
<|RUS|>otbory'	a d b o r i
<|RUS|>alkinov	a ɫ kʲ i n a f
<|RUS|>treklistax	t r i k lʲ i s t a x
<|RUS|>obnadyozhivaj	a b n a dʲ o ʐ i v a j
<|RUS|>posty'levshij	p a s t i lʲ i f ʂ i j
<|RUS|>nakalyalas'	n a k a lʲ a ɫ a sʲ
<|RUS|>goryachnostej	ɡ a rʲ a t͡ɕ n a sʲ tʲ i j
<|RUS|>otvorachivaj	a t v a r a t͡ɕ i v a j
<|RUS|>simuliruj	sʲ i m u lʲ i r u j
<|RUS|>tumannostyax	t u m a n a sʲ tʲ a x
<|RUS|>uslozhnyaem	u s ɫ a ʐ nʲ a j i m
<|RUS|>razgonyaete	r a z ɡ a nʲ a j i tʲ e
<|RUS|>translyacziyam	t r a n s ⁽ʲ ⁾ lʲ a t͡s i j a m
<|RUS|>udaryaemsya	u d a rʲ a j i m sʲ a
<|RUS|>osmy'slivaemy'j	a s m i s ⁽ʲ ⁾ lʲ i v a j i m i j
<|RUS|>vlastolyubiya	v ɫ a s t a lʲ u bʲ i j a
<|RUS|>zaleplyaya	z a lʲ i p lʲ a j a
<|RUS|>volokut	v a ɫ a k u t
<|RUS|>sharomy'goj	ʂ a r a m i ɡ a j
<|RUS|>cheremshax	t͡ɕ i rʲ i m ʂ a x
<|RUS|>ostrotoj	a s t r o t a j
<|RUS|>druzhestvenen	d r u ʐ i s t vʲ i nʲ i n
<|RUS|>assemblera	a s e m b lʲ i r a
<|RUS|>poprosis'	p a p r a sʲ i sʲ
<|RUS|>temperamentami	tʲ i m ⁽ʲ ⁾ pʲ i r a mʲ i n t a mʲ i
<|RUS|>utkom	u t k o m
<|RUS|>proburchala	p r a b u r t͡ɕ a ɫ a
<|RUS|>oprobovanny'j	a p r o b a v a n i j
<|RUS|>potaskushki	p a t a s k u ʂ kʲ i
<|RUS|>zaiskivali	z a i s kʲ i v a lʲ i
<|RUS|>gidrologiyax	ɡʲ i d r a ɫ o ɡʲ i j a x
<|RUS|>spokojstvii	s p a k o j s t vʲ i i
<|RUS|>tablichku	t a b lʲ i t͡ɕ k u
<|RUS|>informaczionny'j	i n f a r m a t͡s i o n i j
<|RUS|>potoptalos'	p a t a p t a ɫ a sʲ
<|RUS|>interpretirovanny'j	i n t i r p rʲ i tʲ i r a v a n i j
<|RUS|>kusaem	k u s a j i m
<|RUS|>nasy'laem	n a s i ɫ a j i m
<|RUS|>stalkivayus'	s t a ɫ kʲ i v a j u sʲ
<|RUS|>nakaplivaem	n a k a p lʲ i v a j i m
<|RUS|>sistola	sʲ i s t a ɫ a
<|RUS|>min'etchikom	mʲ i nʲ j e t͡ɕ i k a m
<|RUS|>kratkam	k r a t k a m
<|RUS|>arumy'nkoj	a r u m i n k a j
<|RUS|>vy'risovy'vat'sya	v i rʲ i s o v i v a t͡s a
<|RUS|>obidami	a bʲ i d a mʲ i
<|RUS|>sostryapaete	s a s t rʲ a p a j i tʲ e
<|RUS|>ody'shka	a d i ʂ k a
<|RUS|>trotuaru	t r a t u a r u
<|RUS|>bezobraziem	bʲ i z a b r a zʲ i j i m
<|RUS|>vy'sprashivaemy'j	v i s p r a ʂ i v a j i m i j
<|RUS|>placzenta	p ɫ a t͡s e n t a
<|RUS|>furgonu	f u r ɡ o n u
<|RUS|>vy'vorachivaete	v i v a r a t͡ɕ i v a j i tʲ e
<|RUS|>vy'razhen	v i r a ʐ i n
<|RUS|>soizvoleniem	s a i z v a lʲ e nʲ i j i m
<|RUS|>razdel'no	r a zʲ dʲ e lʲ n a
<|RUS|>olimpijkoyu	a lʲ i m ⁽ʲ ⁾ pʲ i j k a j u
<|RUS|>sformuliroval	s f a r m u lʲ i r a v a ɫ
<|RUS|>vskinul	f s kʲ i n u ɫ
<|RUS|>perebolevala	pʲ i rʲ i b a lʲ i v a ɫ a
<|RUS|>s''yazvil	s j i z vʲ i ɫ
<|RUS|>dolzhny'e	d o ɫ ʐ n i j e
<|RUS|>vy'tvoryaesh'	v i t v a rʲ a j i ʂ
<|RUS|>povedy'vaete	p a vʲ e d i v a j i tʲ e
<|RUS|>prigibayut	p rʲ i ɡʲ i b a j u t
<|RUS|>sigalo	sʲ i ɡ a ɫ a
<|RUS|>opasku	a p a s k u
<|RUS|>ambra	a m b r a
<|RUS|>katrane	k a t r a nʲ e
<|RUS|>snashivala	s n a ʂ i v a ɫ a
<|RUS|>smy'kal	s m i k a ɫ
<|RUS|>signalyu	sʲ i ɡ n a lʲ u
<|RUS|>razroznivshi	r a z r o zʲ nʲ i f ʂ i
<|RUS|>zamenyalis'	z a mʲ i nʲ a lʲ i sʲ
<|RUS|>uxazhivavshi	u x a ʐ i v a f ʂ i
<|RUS|>nalegke	n a lʲ i xʲ kʲ e
<|RUS|>zhidkostyami	ʐ i t k a sʲ tʲ a mʲ i
<|RUS|>svinina	s vʲ i nʲ i n a
<|RUS|>risoval	rʲ i s a v a ɫ
<|RUS|>livijka	lʲ i vʲ i j k a
<|RUS|>choxoj	t͡ɕ i x o j
<|RUS|>allyuziyami	a lʲ u zʲ i j a mʲ i
<|RUS|>shumov	ʂ u m a f
<|RUS|>xachike	x a t͡ɕ i kʲ e
<|RUS|>tekil	tʲ i kʲ i ɫ
<|RUS|>ponudit	p a n u dʲ i t
<|RUS|>samosvalax	s a m a s v a ɫ a x
<|RUS|>vskrikov	f s k rʲ i k a f
<|RUS|>silikony'	sʲ i lʲ i k o n i
<|RUS|>plevav	p lʲ i v a f
<|RUS|>ty'kva	t i k v a
<|RUS|>rasprostranyajsya	r a s p r a s t r a nʲ a j sʲ a
<|RUS|>var'iruyut	v a rʲ j i r u j u t
<|RUS|>intrigan	i n t rʲ i ɡ a n
<|RUS|>prosveshhaj	p r a s vʲ i ɕː a j
<|RUS|>zavernut'	z a vʲ i r n u tʲ
<|RUS|>pozhivavshij	p a ʐ i v a f ʂ i j
<|RUS|>adsorbiruya	a t͡s s a r bʲ i r u j a
<|RUS|>operativnost'yu	a pʲ i r a tʲ i v n a sʲ tʲ j u
<|RUS|>popolnyat'	p a p a ɫ nʲ a tʲ
<|RUS|>vrezaete	v rʲ i z a j i tʲ e
<|RUS|>priyatny'	p rʲ i j a t n i
<|RUS|>utopaem	u t o p a j i m
<|RUS|>poeli	p a j e lʲ i
<|RUS|>mankoj	m a n k a j
<|RUS|>sadit	s a dʲ i t
<|RUS|>opushavshis'	a p u ʂ a f ʂ i sʲ
<|RUS|>antidote	a nʲ tʲ i d o tʲ e
<|RUS|>kombiniruesh'	k a m ⁽ʲ ⁾ bʲ i nʲ i r u j i ʂ
<|RUS|>soprovodish'	s a p r a v a dʲ i ʂ
<|RUS|>normirovaniyami	n a r mʲ i r a v a nʲ i j a mʲ i
<|RUS|>kuvshinku	k u f ʂ i n k u
<|RUS|>dosadovavshij	d a s a d a v a f ʂ i j
<|RUS|>oresh'	o rʲ i ʂ
<|RUS|>prigodnost'	p rʲ i ɡ o d n a sʲ tʲ
<|RUS|>sy'rovarov	s i r a v a r a f
<|RUS|>oktyabr'	a k tʲ a b rʲ
<|RUS|>prozhyovy'vaemy'j	p r a ʐ o v i v a j i m i j
<|RUS|>kasajtes'	k a s a j tʲ i sʲ
<|RUS|>zhenit	ʐ e nʲ i t
<|RUS|>zhyornov	ʐ o r n a f
<|RUS|>otpugivalo	a t p u ɡʲ i v a ɫ a
<|RUS|>fajlikax	f a j lʲ i k a x
<|RUS|>izobaroyu	i z a b a r a j u
<|RUS|>razmezhuet	r a z mʲ i ʐ u j i t
<|RUS|>opushajsya	a p u ʂ a j sʲ a
<|RUS|>baklaga	b a k ɫ a ɡ a
<|RUS|>kategorichnostej	k a tʲ i ɡ a rʲ i t͡ɕ n a sʲ tʲ i j
<|RUS|>vy'vodkam	v i v a t k a m
<|RUS|>vzveshivavshi	v z vʲ e ʂ i v a f ʂ i
<|RUS|>proigraesh'	p r a i ɡ r a j i ʂ
<|RUS|>e'nergonositeli	i n e r ɡ a n a sʲ i tʲ i lʲ i
<|RUS|>pogreshu	p a ɡ rʲ i ʂ u
<|RUS|>promaxax	p r o m a x a x
<|RUS|>operom	o pʲ i r a m
<|RUS|>zaela	z a j e ɫ a
<|RUS|>kotirovat'	k a tʲ i r a v a tʲ
<|RUS|>neustroennostyam	nʲ i u s t r o j i n a sʲ tʲ a m
<|RUS|>podchyorkivayut	p a t͡ɕ o r kʲ i v a j u t
<|RUS|>genetikam	ɡʲ i n e tʲ i k a m
<|RUS|>kaskadam	k a s k a d a m
<|RUS|>vklady'vayut	f k ɫ a d i v a j u t
<|RUS|>pitonu	pʲ i t o n u
<|RUS|>iskalechilo	i s k a lʲ e t͡ɕ i ɫ a
<|RUS|>neumeren	nʲ i u mʲ e rʲ i n
<|RUS|>finansirovalo	fʲ i n a n ⁽ʲ ⁾ sʲ i r a v a ɫ a
<|RUS|>obshho	a p ɕː o
<|RUS|>vampirax	v a m ⁽ʲ ⁾ pʲ i r a x
<|RUS|>vy'lovyat	v i ɫ a vʲ a t
<|RUS|>nanosa	n a n o s a
<|RUS|>prismotrev	p rʲ i s m a t rʲ e f
<|RUS|>bogoslovy'	b a ɡ a s ɫ o v i
<|RUS|>rasstilavshi	r a sʲ tʲ i ɫ a f ʂ i
<|RUS|>iskoryozhilo	i s k a rʲ o ʐ i ɫ a
<|RUS|>otchislyaem	a t͡ɕ i s ⁽ʲ ⁾ lʲ a j i m
<|RUS|>vy'dacheyu	v i d a t͡ɕ i j u
<|RUS|>rodoslovny'mi	r a d a s ɫ o v n i mʲ i
<|RUS|>okolyosiczax	a k a lʲ o sʲ i t͡s a x
<|RUS|>moratorij	m a r a t o rʲ i j
<|RUS|>shtrafoval	ʂ t r a f a v a ɫ
<|RUS|>zautren'	z a u t rʲ i nʲ
<|RUS|>pridavaemy'j	p rʲ i d a v a j i m i j
<|RUS|>sdavilo	z d a vʲ i ɫ a
<|RUS|>stremyanku	s t rʲ i mʲ a n k u
<|RUS|>vremechke	v rʲ e mʲ i t͡ɕ kʲ e
<|RUS|>ponimaetes'	p a nʲ i m a j i tʲ i sʲ
<|RUS|>prisudim	p rʲ i s u dʲ i m
<|RUS|>skorrektiroval	s k a rʲ i k tʲ i r a v a ɫ
<|RUS|>iskusite	i s k u sʲ i tʲ e
<|RUS|>svergala	s vʲ i r ɡ a ɫ a
<|RUS|>trudovoj	t r u d a v o j
<|RUS|>zablagorassudim	z a b ɫ a ɡ a r a s u dʲ i m
<|RUS|>pozhelteem	p a ʐ i ɫ tʲ e j i m
<|RUS|>gruzimy'j	ɡ r u zʲ i m i j
<|RUS|>spary'vali	s p a r i v a lʲ i
<|RUS|>vostokovedam	v a s t a k a vʲ e d a m
<|RUS|>pravoberezhny'j	p r a v a bʲ i rʲ e ʐ n i j
<|RUS|>zherlax	ʐ e r ɫ a x
<|RUS|>bespolezny'j	bʲ i s p a lʲ e z n i j
<|RUS|>vy'pryamlyal	v i p rʲ i m lʲ a ɫ
<|RUS|>vy'tryaxnesh'	v i t rʲ i x nʲ i ʂ
<|RUS|>vatka	v a t k a
<|RUS|>sadku	s a t k u
<|RUS|>zakolebat'	z a k a lʲ i b a tʲ
<|RUS|>razzhivalas'	r a ʐ i v a ɫ a sʲ
<|RUS|>vorvites'	v a r vʲ i tʲ i sʲ
<|RUS|>zadremlyut	z a d rʲ e m lʲ u t
<|RUS|>raskraskoj	r a s k r a s k a j
<|RUS|>kurskij	k u r s kʲ i j
<|RUS|>guvernantku	ɡ u vʲ i r n a n t k u
<|RUS|>brizantnostyax	b rʲ i z a n t n a sʲ tʲ a x
<|RUS|>druzhila	d r u ʐ i ɫ a
<|RUS|>kontrollera	k a n t r o lʲ i r a
<|RUS|>okanchivavshis'	a k a nʲ t͡ɕ i v a f ʂ i sʲ
<|RUS|>tupish'	t u pʲ i ʂ
<|RUS|>bibliotekarsha	bʲ i b lʲ i a tʲ e k a r ʂ a
<|RUS|>srazhen'yu	s r a ʐ e nʲ j u
<|RUS|>koshelyax	k a ʂ i lʲ a x
<|RUS|>vkaly'vaya	f k a ɫ i v a j a
<|RUS|>slivami	s ⁽ʲ ⁾ lʲ i v a mʲ i
<|RUS|>polut'max	p a ɫ u tʲ m a x
<|RUS|>vy'dayut	v i d a j u t
<|RUS|>putayus'	p u t a j u sʲ
<|RUS|>sovratili	s a v r a tʲ i lʲ i
<|RUS|>manovenii	m a n a vʲ e nʲ i i
<|RUS|>matrasami	m a t r a s a mʲ i
<|RUS|>lesomaterialam	lʲ e s a m a tʲ i rʲ i a ɫ a m
<|RUS|>privyazhu	p rʲ i vʲ i ʐ u
<|RUS|>despotami	dʲ e s p a t a mʲ i
<|RUS|>propitaniyax	p r a pʲ i t a nʲ i j a x
<|RUS|>otvoryav	a t v a rʲ a f
<|RUS|>myasorubkami	mʲ i s a r u p k a mʲ i
<|RUS|>ukutavshi	u k u t a f ʂ i
<|RUS|>dy'nyami	d i nʲ a mʲ i
<|RUS|>mudoyoba	m u d a j o b a
<|RUS|>podstraxoval	p a t͡s s t r a x a v a ɫ
<|RUS|>obzvonit	a b z v a nʲ i t
<|RUS|>lejkozom	lʲ i j k o z a m
<|RUS|>ustanovit	u s t a n o vʲ i t
<|RUS|>sovershatsya	s a vʲ i r ʂ a t͡s a
<|RUS|>desyatiugol'niku	dʲ i sʲ i tʲ i u ɡ o lʲ nʲ i k u
<|RUS|>upryatav	u p rʲ a t a f
<|RUS|>shhitkax	ɕː i t k a x
<|RUS|>nedoedavshij	nʲ i d a j i d a f ʂ i j
<|RUS|>zaprosyat	z a p r o sʲ a t
<|RUS|>lzhenauka	ɫ ʐ i n a u k a
<|RUS|>vyozsya	vʲ o sʲ a
<|RUS|>odinoka	a dʲ i n o k a
<|RUS|>vy'davlivaya	v i d a v lʲ i v a j a
<|RUS|>kotelki	k a tʲ i ɫ kʲ i
<|RUS|>priderus'	p rʲ i dʲ i r u sʲ
<|RUS|>tipazhax	tʲ i p a ʐ a x
<|RUS|>angstrem	a n k s t r i m
<|RUS|>zhestokij	ʐ i s t o kʲ i j
<|RUS|>posvisty'vali	p a s vʲ i s t i v a lʲ i
<|RUS|>udochereniyax	u d a t͡ɕ i rʲ e nʲ i j a x
<|RUS|>azikami	a zʲ i k a mʲ i
<|RUS|>privinti	p rʲ i vʲ i nʲ tʲ i
<|RUS|>sinxronizaczij	sʲ i n x r a nʲ i z a t͡s i j
<|RUS|>zarzhavet'	z a r ʐ a vʲ i tʲ
<|RUS|>otlezhalas'	a t lʲ i ʐ a ɫ a sʲ
<|RUS|>devajsam	dʲ i v a j s a m
<|RUS|>e'liksirom	i lʲ i k sʲ i r a m
<|RUS|>vzmyoty'vaemy'j	v z mʲ o t i v a j i m i j
<|RUS|>otkraivaesh'	a t k r a i v a j i ʂ
<|RUS|>pioneru	pʲ i a nʲ e r u
<|RUS|>akojt	a k o j t
<|RUS|>dotaskav	d a t a s k a f
<|RUS|>zavershalo	z a vʲ i r ʂ a ɫ a
<|RUS|>niku	nʲ i k u
<|RUS|>raz''yaryaete	r a z j i rʲ a j i tʲ e
<|UKR|>demokratyčno	d ɪ m ɔ k r ɛ t ɪ t͡ʃ n ɔ
<|UKR|>samobutnij	s ɛ m ɔ b u tʲ nʲ i i
<|UKR|>satana	s ɛ t ɛ n ɑ
<|UKR|>afhans'kyj	ɛ f ɦ ɑ nʲ sʲ k ɪ i
<|UKR|>lit	lʲ i t
<|UKR|>avtobusna	ɛ u t ɔ b u s n ɛ
<|UKR|>ščokoju	ʃ t͡ʃ ɔ k ɔ j u
<|UKR|>olenyna	ɔ ɫ ɪ n ɪ n ɛ
<|UKR|>kosmodrom	k ɔ s m ɔ d r ɔ m
<|UKR|>postupku	p ɔ s t u p k u
<|UKR|>oznajomlennja	ɔ z n ɛ j ɔ m ɫ ɪ nʲ ɛ
<|UKR|>druhyj	d r u ɦ ɪ i
<|UKR|>sviča	sʲ ʋ i t͡ʃ ɛ
<|UKR|>kapital	k ɛ p i t ɑ ɫ
<|UKR|>im'ja	i m j ɛ
<|UKR|>nasolodytysja	n ɛ s ɔ ɫ ɔ d ɪ t ɪ sʲ ɛ
<|UKR|>čort	t͡ʃ ɔ r t
<|UKR|>kaplyci	k ɛ p ɫ ɪ t͡sʲ i
<|UKR|>perevyxovaty	p ɪ r ɪ ʋ ɪ x ɔ ʋ ɛ t ɪ
<|UKR|>svojak	s ʋ ɔ j ɑ k
<|UKR|>nezaležnosty	n ɪ z ɛ ɫ ɛ ʒ n ɔ s t ɪ
<|UKR|>dosjahnennja	d ɔ sʲ ɑ ɦ n ɪ nʲ ɛ
<|UKR|>ideal'nyj	i d ɪ ɑ lʲ n ɪ i
<|UKR|>zavdjaky	z ɛ u dʲ ɛ k ɪ
<|UKR|>tuneljax	t u n ɛ lʲ ɛ x
<|UKR|>obhovorjuvaty	ɔ b ɦ ɔ ʋ ɔ rʲ u ʋ ɛ t ɪ
<|UKR|>lakros	ɫ ɛ k r ɔ s
<|UKR|>zanotuvaty	z ɛ n ɔ t u ʋ ɑ t ɪ
<|UKR|>epoxy	ɪ p ɔ x ɪ
<|UKR|>nepryjnjatnyj	n ɪ p r ɪ i nʲ ɛ t n ɪ i
<|UKR|>pryčynnyj	p r ɪ t͡ʃ ɪ n ɪ i
<|UKR|>ščotyžnevyj	ʃ t͡ʃ ɔ t ɪ ʒ n ɛ ʋ ɪ i
<|UKR|>kapituljuvaty	k ɛ p i t u lʲ u ʋ ɑ t ɪ
<|UKR|>protytankovyj	p r ɔ t ɪ t ɑ n k ɔ ʋ ɪ i
<|UKR|>traktor	t r ɑ k t ɔ r
<|UKR|>konflikt	k ɔ n f lʲ i k t
<|UKR|>lebedynyj	ɫ ɪ b ɪ d ɪ n ɪ i
<|UKR|>pšenycja	p ʃ ɪ n ɪ t͡sʲ ɛ
<|UKR|>krab	k r ɑ b
<|UKR|>nedostupnyj	n ɪ d ɔ s t u p n ɪ i
<|UKR|>rozzbrojuvaty	r ɔ z b r ɔ j u ʋ ɛ t ɪ
<|UKR|>klaviatur	k ɫ ɛ ʋ i ɛ t u r
<|UKR|>trotuary	t r ɔ t u ɑ r ɪ
<|UKR|>izraïl'tjanyn	i z r ɛ j i lʲ tʲ ɑ n ɪ n
<|UKR|>čudovys'ko	t͡ʃ u d ɔ ʋ ɪ sʲ k ɔ
<|UKR|>usta	u s t ɑ
<|UKR|>rozpočaty	r ɔ z p ɔ t͡ʃ ɑ t ɪ
<|UKR|>dynamika	d ɪ n ɑ m i k ɛ
<|UKR|>hospitalizacija	ɦ ɔ sʲ p i t ɛ lʲ i z ɑ t͡sʲ i j ɛ
<|UKR|>afrykanec'	ɛ f r ɪ k ɑ n ɪ t͡sʲ
<|UKR|>povist'	p ɔ ʋ i sʲ tʲ
<|UKR|>hirs'kyj	ɦ i r sʲ k ɪ i
<|UKR|>ostatočnyj	ɔ s t ɛ t ɔ t͡ʃ n ɪ i
<|UKR|>pohnaty	p ɔ ɦ n ɑ t ɪ
<|UKR|>siryj	sʲ i r ɪ i
<|UKR|>pokaran'	p ɔ k ɛ r ɑ nʲ
<|UKR|>pošyryty	p ɔ ʃ ɪ r ɪ t ɪ
<|UKR|>plivka	p lʲ i u k ɛ
<|UKR|>policijax	p ɔ lʲ i t͡sʲ i j ɛ x
<|UKR|>potvornyj	p ɔ t ʋ ɔ r n ɪ i
<|UKR|>motocykl	m ɔ t ɔ t͡s ɪ k ɫ
<|UKR|>postupky	p ɔ s t u p k ɪ
<|UKR|>pozbavljaty	p ɔ z b ɛ u lʲ ɑ t ɪ
<|UKR|>vysnažuvaty	ʋ ɪ s n ɑ ʒ u ʋ ɛ t ɪ
<|UKR|>smertonosnyj	s m ɪ r t ɔ n ɔ s n ɪ i
<|UKR|>hlava	ɦ ɫ ɛ ʋ ɑ
<|UKR|>rozdil	r ɔ zʲ dʲ i ɫ
<|UKR|>pozdorovljaty	p ɔ z d ɔ r ɔ u lʲ ɑ t ɪ
<|UKR|>doroha	d ɔ r ɔ ɦ ɛ
<|UKR|>analizuvaty	ɛ n ɛ lʲ i z u ʋ ɑ t ɪ
<|UKR|>iljuzija	i lʲ u zʲ i j ɛ
<|UKR|>personal'nyj	p ɪ r s ɔ n ɑ lʲ n ɪ i
<|UKR|>koronavirus	k ɔ r ɔ n ɛ ʋ i r u s
<|UKR|>zaspokijlyvyj	z ɛ s p ɔ k i i ɫ ɪ ʋ ɪ i
<|UKR|>dev'janostyj	d ɪ ʋ j ɛ n ɔ s t ɪ i
<|UKR|>vstupaty	ʋ s t u p ɑ t ɪ
<|UKR|>vybyraty	ʋ ɪ b ɪ r ɑ t ɪ
<|UKR|>zaručaty	z ɛ r u t͡ʃ ɑ t ɪ
<|UKR|>pomyraty	p ɔ m ɪ r ɑ t ɪ
<|UKR|>promovljaty	p r ɔ m ɔ u lʲ ɑ t ɪ
<|UKR|>mikroskop	m i k r ɔ s k ɔ p
<|UKR|>spivrobitnyk	sʲ p i u r ɔ b i t n ɪ k
<|UKR|>nominal'nyj	n ɔ m i n ɑ lʲ n ɪ i
<|UKR|>prybičnycja	p r ɪ b i t͡ʃ n ɪ t͡sʲ ɛ
<|UKR|>den'	d ɛ nʲ
<|UKR|>z'jasuvaty	z j ɛ s u ʋ ɑ t ɪ
<|UKR|>virtual'nyj	ʋ i r t u ɑ lʲ n ɪ i
<|UKR|>peresičnyj	p ɪ r ɪ sʲ i t͡ʃ n ɪ i
<|UKR|>spivisnuvannja	sʲ p i ʋ i s n u ʋ ɑ nʲ ɛ
<|UKR|>melodijam	m ɪ ɫ ɔ dʲ i j ɛ m
<|UKR|>vidokremyty	ʋ i d ɔ k r ɛ m ɪ t ɪ
<|UKR|>procedurnyj	p r ɔ t͡s ɪ d u r n ɪ i
<|UKR|>allo	ɛ ɫ ɔ
<|UKR|>hipoteza	ɦ i p ɔ t ɪ z ɛ
<|UKR|>rozv'jazuvaty	r ɔ z ʋ j ɑ z u ʋ ɛ t ɪ
<|UKR|>ti	tʲ i
<|UKR|>antydot	ɛ n t ɪ d ɔ t
<|UKR|>movoznavec'	m ɔ ʋ ɔ z n ɑ ʋ ɪ t͡sʲ
<|UKR|>zabobon	z ɛ b ɔ b ɔ n
<|UKR|>orenda	ɔ r ɛ n d ɛ
<|UKR|>etap	ɪ t ɑ p
<|UKR|>poviky	p ɔ ʋ i k ɪ
<|UKR|>avstromarksyst	ɛ u s t r ɔ m ɛ r k s ɪ s t
<|UKR|>etyka	ɛ t ɪ k ɛ
<|UKR|>bolharyn	b ɔ ɫ ɦ ɑ r ɪ n
<|UKR|>postat'	p ɔ s t ɛ tʲ
<|UKR|>mil'jon	m i lʲ j ɔ n
<|UKR|>šči	ʃ t͡ʃʲ i
<|UKR|>lavandovyj	ɫ ɛ ʋ ɑ n d ɔ ʋ ɪ i
<|UKR|>šveds'kyj	ʃ ʋ ɛ d͡zʲ sʲ k ɪ i
<|UKR|>ocymy	ɔ t͡s ɪ m ɪ
<|UKR|>včytel'	ʋ t͡ʃ ɪ t ɪ lʲ
<|UKR|>bezžurnyj	b ɪ ʒ u r n ɪ i
<|UKR|>xotitysja	x ɔ tʲ i t ɪ sʲ ɛ
<|UKR|>slyna	s ɫ ɪ n ɛ
<|UKR|>variantamy	ʋ ɛ rʲ i ɑ n t ɛ m ɪ
<|UKR|>vidčuty	ʋ i d͡ʒ t͡ʃ u t ɪ
<|UKR|>perlyna	p ɪ r ɫ ɪ n ɛ
<|UKR|>relihijnyj	r ɪ lʲ i ɦ i i n ɪ i
<|UKR|>stat'	s t ɑ tʲ
<|UKR|>strymaty	s t r ɪ m ɛ t ɪ
<|UKR|>vypromenyty	ʋ ɪ p r ɔ m ɪ n ɪ t ɪ
<|UKR|>nahromadžuvaty	n ɛ ɦ r ɔ m ɑ d͡ʒ u ʋ ɛ t ɪ
<|UKR|>korin'	k ɔ rʲ i nʲ
<|UKR|>klasovyj	k ɫ ɑ s ɔ ʋ ɪ i
<|UKR|>vorota	ʋ ɔ r ɔ t ɛ
<|UKR|>j	j
<|UKR|>dyvnyj	d ɪ u n ɪ i
<|UKR|>vidpočyvaty	ʋ i d p ɔ t͡ʃ ɪ ʋ ɑ t ɪ
<|UKR|>žodnyj	ʒ ɔ d n ɪ i
<|UKR|>zmova	z m ɔ ʋ ɛ
<|UKR|>viddanyj	ʋ i d ɛ n ɪ i
<|UKR|>teplota	t ɪ p ɫ ɔ t ɑ
<|UKR|>xrest	x r ɛ s t
<|UKR|>ovid	ɔ ʋ i d
<|UKR|>kozel	k ɔ z ɛ ɫ
<|UKR|>boršč	b ɔ r ʃ t͡ʃ
<|UKR|>rodillja	r ɔ dʲ i lʲ ɛ
<|UKR|>periodyzacijam	p ɪ rʲ i ɔ d ɪ z ɑ t͡sʲ i j ɛ m
<|UKR|>orhanična	ɔ r ɦ ɛ nʲ i t͡ʃ n ɛ
<|UKR|>vyriznjatysja	ʋ ɪ rʲ i zʲ nʲ ɑ t ɪ sʲ ɛ
<|UKR|>driždži	dʲ rʲ i ʒ d͡ʒ i
<|UKR|>kryklyvyj	k r ɪ k ɫ ɪ ʋ ɪ i
<|UKR|>vymykaty	ʋ ɪ m ɪ k ɑ t ɪ
<|UKR|>uosobyty	u ɔ s ɔ b ɪ t ɪ
<|UKR|>vydatnyj	ʋ ɪ d ɛ t n ɪ i
<|UKR|>intensyvnist'	i n t ɪ n s ɪ u nʲ i sʲ tʲ
<|UKR|>toščo	t ɔ ʃ t͡ʃ ɔ
<|UKR|>povsjudnyj	p ɔ u sʲ u d n ɪ i
<|UKR|>perezapysaty	p ɪ r ɪ z ɛ p ɪ s ɑ t ɪ
<|UKR|>feje	f ɛ j ɪ
<|UKR|>menše	m ɛ n ʃ ɪ
<|UKR|>čarivnyk	t͡ʃ ɛ rʲ i u n ɪ k
<|UKR|>zymovyj	z ɪ m ɔ ʋ ɪ i
<|UKR|>lamaty	ɫ ɛ m ɑ t ɪ
<|UKR|>zara	z ɑ r ɛ
<|UKR|>naukovyj	n ɛ u k ɔ ʋ ɪ i
<|UKR|>aviapidžyvlennja	ɛ ʋ i ɛ p i d͡ʒ ɪ u ɫ ɪ nʲ ɛ
<|UKR|>prynyzyty	p r ɪ n ɪ z ɪ t ɪ
<|UKR|>brest	b r ɛ s t
<|UKR|>japonije	j ɛ p ɔ nʲ i j ɪ
<|UKR|>dyktator	d ɪ k t ɑ t ɔ r
<|UKR|>šestyhrannyk	ʃ ɪ s t ɪ ɦ r ɑ n ɪ k
<|UKR|>aviapasažyr	ɛ ʋ i ɛ p ɛ s ɛ ʒ ɪ r
<|UKR|>bel'hijs'kyj	b ɪ lʲ ɦ i i sʲ k ɪ i
<|UKR|>lehenja	ɫ ɪ ɦ ɛ nʲ ɛ
<|UKR|>sjudy	sʲ u d ɪ
<|UKR|>oxopyty	ɔ x ɔ p ɪ t ɪ
<|UKR|>šynok	ʃ ɪ n ɔ k
<|UKR|>trahičnyj	t r ɛ ɦ i t͡ʃ n ɪ i
<|UKR|>vkus	ʋ k u s
<|UKR|>brexnjamy	b r ɛ x nʲ ɛ m ɪ
<|UKR|>vysokosnyj	ʋ ɪ s ɔ k ɔ s n ɪ i
<|UKR|>blokadoju	b ɫ ɔ k ɑ d ɔ j u
<|UKR|>trav'janyj	t r ɛ ʋ j ɛ n ɪ i
<|UKR|>zajavyty	z ɛ j ɛ ʋ ɪ t ɪ
<|UKR|>birža	b i r ʒ ɛ
<|UKR|>pinystyj	p i n ɪ s t ɪ i
<|UKR|>ščoku	ʃ t͡ʃ ɔ k u
<|UKR|>vidvažnyj	ʋ i d ʋ ɑ ʒ n ɪ i
<|UKR|>bojko	b ɔ i k ɔ
<|UKR|>texnokratyčnyj	t ɪ x n ɔ k r ɛ t ɪ t͡ʃ n ɪ i
<|UKR|>myxajlo	m ɪ x ɑ i ɫ ɔ
<|UKR|>upasty	u p ɑ s t ɪ
<|UKR|>tajemnycjamy	t ɛ j ɪ m n ɪ t͡sʲ ɛ m ɪ
<|UKR|>kompaktnyj	k ɔ m p ɑ k t n ɪ i
<|UKR|>epidemiolohija	ɪ p i d ɪ m i ɔ ɫ ɔ ɦ i j ɛ
<|UKR|>strax	s t r ɑ x
<|UKR|>reči	r ɛ t͡ʃʲ i
<|UKR|>spožyvčyj	s p ɔ ʒ ɪ u t͡ʃ ɪ i
<|UKR|>skaržytysja	s k ɑ r ʒ ɪ t ɪ sʲ ɛ
<|UKR|>biolohija	b i ɔ ɫ ɔ ɦ i j ɛ
<|UKR|>koxanyj	k ɔ x ɛ n ɪ i
<|UKR|>vodosxovyšče	ʋ ɔ d ɔ s x ɔ ʋ ɪ ʃ t͡ʃ ɪ
<|UKR|>ateïstyčnyj	ɛ t ɪ j i s t ɪ t͡ʃ n ɪ i
<|UKR|>zvidkys'	zʲ ʋ i d k ɪ sʲ
<|UKR|>lypa	ɫ ɪ p ɛ
<|UKR|>stina	sʲ tʲ i n ɑ
<|UKR|>klasty	k ɫ ɑ s t ɪ
<|UKR|>myslyty	m ɪ s ɫ ɪ t ɪ
<|UKR|>abrohacija	ɛ b r ɔ ɦ ɑ t͡sʲ i j ɛ
<|UKR|>džhut	d͡ʒ ɦ u t
<|UKR|>hlek	ɦ ɫ ɛ k
<|UKR|>dos'je	d ɔ sʲ j ɛ
<|UKR|>vulycja	ʋ u ɫ ɪ t͡sʲ ɛ
<|UKR|>evoljucionuvaty	ɪ ʋ ɔ lʲ u t͡sʲ i ɔ n u ʋ ɑ t ɪ
<|UKR|>cnotlyvyj	t͡s n ɔ t ɫ ɪ ʋ ɪ i
<|UKR|>orhanizacije	ɔ r ɦ ɛ nʲ i z ɑ t͡sʲ i j ɪ
<|UKR|>dobuvaty	d ɔ b u ʋ ɑ t ɪ
<|UKR|>peremyr'ja	p ɪ r ɪ m ɪ r j ɛ
<|UKR|>splačuvaty	s p ɫ ɑ t͡ʃ u ʋ ɛ t ɪ
<|UKR|>restoran	r ɪ s t ɔ r ɑ n
<|UKR|>mrijamy	m rʲ i j ɛ m ɪ
<|UKR|>pauzu	p ɑ u z u
<|UKR|>emihruvaty	ɪ m i ɦ r u ʋ ɑ t ɪ
<|UKR|>najmaty	n ɛ i m ɑ t ɪ
<|UKR|>počaty	p ɔ t͡ʃ ɑ t ɪ
<|UKR|>mikrofon	m i k r ɔ f ɔ n
<|UKR|>hranycja	ɦ r ɛ n ɪ t͡sʲ ɛ
<|UKR|>bydlo	b ɪ d ɫ ɔ
<|UKR|>piramida	p i r ɛ m i d ɛ
<|UKR|>bere	b ɪ r ɛ
<|UKR|>xerson	x ɪ r s ɔ n
<|UKR|>lehitymacija	ɫ ɪ ɦ i t ɪ m ɑ t͡sʲ i j ɛ
<|UKR|>rukoju	r u k ɔ j u
<|UKR|>blahyj	b ɫ ɛ ɦ ɪ i
<|UKR|>pozazemnyj	p ɔ z ɛ z ɛ m n ɪ i
<|UKR|>buvaty	b u ʋ ɑ t ɪ
<|UKR|>roslyna	r ɔ s ɫ ɪ n ɛ
<|UKR|>dytsadkiv	d ɪ t͡s ɛ dʲ k i u
<|UKR|>revoljucija	r ɪ ʋ ɔ lʲ u t͡sʲ i j ɛ
<|UKR|>firma	f i r m ɛ
<|UKR|>rejtuzy	r ɪ i t u z ɪ
<|UKR|>lehenevyj	ɫ ɪ ɦ ɪ n ɛ ʋ ɪ i
<|UKR|>kaštan	k ɛ ʃ t ɑ n
<|UKR|>pidvyščuvaty	p i d ʋ ɪ ʃ t͡ʃ u ʋ ɛ t ɪ
<|UKR|>splanuvaty	s p ɫ ɛ n u ʋ ɑ t ɪ
<|UKR|>movyty	m ɔ ʋ ɪ t ɪ
<|UKR|>turnir	t u r nʲ i r
<|UKR|>pesymistyčnyj	p ɪ s ɪ m i s t ɪ t͡ʃ n ɪ i
<|UKR|>cerkovnyj	t͡s ɪ r k ɔ u n ɪ i
<|UKR|>šapoval	ʃ ɛ p ɔ ʋ ɑ ɫ
<|UKR|>pidxožyj	p i d x ɔ ʒ ɪ i
<|UKR|>pereorijentuvaty	p ɪ r ɪ ɔ rʲ i j ɪ n t u ʋ ɑ t ɪ
<|UKR|>vidsvjatkuvaty	ʋ i d͡z sʲ ʋ ɛ t k u ʋ ɑ t ɪ
<|UKR|>tryhliceryd	t r ɪ ɦ lʲ i t͡s ɪ r ɪ d
<|UKR|>bezperebijnyj	b ɪ z p ɪ r ɪ b i i n ɪ i
<|UKR|>pisnja	p i sʲ nʲ ɛ
<|UKR|>portfeljax	p ɔ r t f ɛ lʲ ɛ x
<|UKR|>velosyped	ʋ ɪ ɫ ɔ s ɪ p ɛ d
<|UKR|>končyna	k ɔ n t͡ʃ ɪ n ɛ
<|UKR|>mifolohija	m i f ɔ ɫ ɔ ɦ i j ɛ
<|UKR|>domašnje	d ɔ m ɑ ʃ nʲ ɪ
<|UKR|>roman	r ɔ m ɑ n
<|UKR|>patriotyzmi	p ɛ tʲ rʲ i ɔ t ɪ zʲ m i
<|UKR|>aviatrasa	ɛ ʋ i ɛ t r ɑ s ɛ
<|UKR|>porivnjannja	p ɔ rʲ i u nʲ ɑ nʲ ɛ
<|UKR|>stabil'nyj	s t ɛ b i lʲ n ɪ i
<|UKR|>prybičnyk	p r ɪ b i t͡ʃ n ɪ k
<|UKR|>vidvaha	ʋ i d ʋ ɑ ɦ ɛ
<|UKR|>zhodnyj	z ɦ ɔ d n ɪ i
<|UKR|>hercohynja	ɦ ɪ r t͡s ɔ ɦ ɪ nʲ ɛ
<|UKR|>akul	ɛ k u ɫ
<|UKR|>hony	ɦ ɔ n ɪ
<|UKR|>ryba	r ɪ b ɛ
<|UKR|>vidriznjatysja	ʋ i dʲ rʲ i zʲ nʲ ɑ t ɪ sʲ ɛ
<|UKR|>navihacijnyj	n ɛ ʋ i ɦ ɛ t͡sʲ i i n ɪ i
<|UKR|>rušnycja	r u ʃ n ɪ t͡sʲ ɛ
<|UKR|>afhanistan	ɛ f ɦ ɛ nʲ i s t ɑ n
<|UKR|>osvižyty	ɔ sʲ ʋ i ʒ ɪ t ɪ
<|UKR|>perevaha	p ɪ r ɪ ʋ ɑ ɦ ɛ
<|UKR|>aristotel'	ɛ rʲ i s t ɔ t ɪ lʲ
<|UKR|>kvadratnyj	k ʋ ɛ d r ɑ t n ɪ i
<|UKR|>vybyratysja	ʋ ɪ b ɪ r ɑ t ɪ sʲ ɛ
<|UKR|>zmahatysja	z m ɛ ɦ ɑ t ɪ sʲ ɛ
<|UKR|>absoljutno	ɛ b s ɔ lʲ u t n ɔ
<|UKR|>dovojennyj	d ɔ ʋ ɔ j ɛ n ɪ i
<|UKR|>riznomanitnyj	rʲ i z n ɔ m ɛ nʲ i t n ɪ i
<|UKR|>zločynec'	z ɫ ɔ t͡ʃ ɪ n ɪ t͡sʲ
<|UKR|>vereteno	ʋ ɪ r ɪ t ɛ n ɔ
<|UKR|>postijno	p ɔ sʲ tʲ i i n ɔ
<|UKR|>bruxt	b r u x t
<|UKR|>zvernennja	z ʋ ɛ r n ɪ nʲ ɛ
<|UKR|>meva	m ɛ ʋ ɛ
<|UKR|>vnaslidok	ʋ n ɑ sʲ lʲ i d ɔ k
<|UKR|>druhovi	d r u ɦ ɔ ʋ i
<|UKR|>fejax	f ɛ j ɛ x
<|UKR|>čverti	t͡ʃ ʋ ɛ r tʲ i
<|UKR|>kyšen'kovi	k ɪ ʃ ɪ nʲ k ɔ ʋ i
<|UKR|>dyvizijax	d ɪ ʋ i zʲ i j ɛ x
<|UKR|>cikavyj	t͡sʲ i k ɑ ʋ ɪ i
<|UKR|>kryterijam	k r ɪ t ɛ rʲ i j ɛ m
<|UKR|>aeroskopija	ɛ ɪ r ɔ s k ɔ p i j ɛ
<|UKR|>zaveršennja	z ɛ ʋ ɛ r ʃ ɪ nʲ ɛ
<|UKR|>vil'nodumec'	ʋ i lʲ n ɔ d u m ɪ t͡sʲ
<|UKR|>sklovydnyj	s k ɫ ɔ ʋ ɪ d n ɪ i
<|UKR|>dovičnyj	d ɔ ʋ i t͡ʃ n ɪ i
<|UKR|>nyrka	n ɪ r k ɛ
<|UKR|>kovzkyj	k ɔ u z k ɪ i
<|UKR|>dobročesnyj	d ɔ b r ɔ t͡ʃ ɛ s n ɪ i
<|UKR|>obstežuvaty	ɔ b s t ɛ ʒ u ʋ ɛ t ɪ
<|UKR|>tancjuvaty	t ɛ nʲ t͡sʲ u ʋ ɑ t ɪ
<|UKR|>opytaty	ɔ p ɪ t ɑ t ɪ
<|UKR|>rady	r ɑ d ɪ
<|UKR|>slymak	s ɫ ɪ m ɑ k
<|UKR|>zelen	z ɛ ɫ ɪ n
<|UKR|>epox	ɪ p ɔ x
<|UKR|>rumuns'kyj	r u m u nʲ sʲ k ɪ i
<|UKR|>hriznyj	ɦ rʲ i z n ɪ i
<|UKR|>sytuacijax	s ɪ t u ɑ t͡sʲ i j ɛ x
<|UKR|>bezžal'nyj	b ɪ ʒ ɑ lʲ n ɪ i
<|UKR|>taka	t ɛ k ɑ
<|UKR|>dramaturhičnyj	d r ɛ m ɛ t u r ɦ i t͡ʃ n ɪ i
<|UKR|>avtovlasnyk	ɛ u t ɔ u ɫ ɑ s n ɪ k
<|UKR|>ukraïns'kymy	u k r ɛ j i nʲ sʲ k ɪ m ɪ
<|UKR|>horod	ɦ ɔ r ɔ d
<|UKR|>unikal'nyj	u nʲ i k ɑ lʲ n ɪ i
<|UKR|>spožyvannja	s p ɔ ʒ ɪ ʋ ɑ nʲ ɛ
<|UKR|>posud	p ɔ s u d
<|UKR|>nas	n ɑ s
<|UKR|>diafrahmamy	dʲ i ɛ f r ɑ ɦ m ɛ m ɪ
<|UKR|>krytykuvaty	k r ɪ t ɪ k u ʋ ɑ t ɪ
<|UKR|>bolnycja	b ɔ ɫ n ɪ t͡sʲ ɛ
<|UKR|>pryvitaty	p r ɪ ʋ i t ɑ t ɪ
<|UKR|>vorožneča	ʋ ɔ r ɔ ʒ n ɛ t͡ʃ ɛ
<|UKR|>nedoocinjuvaty	n ɪ d ɔ ɔ t͡sʲ i nʲ u ʋ ɛ t ɪ
<|UKR|>stilec'	sʲ tʲ i ɫ ɛ t͡sʲ
<|UKR|>turyzm	t u r ɪ z m
<|UKR|>albanija	ɛ ɫ b ɑ nʲ i j ɛ
<|UKR|>hlid	ɦ lʲ i d
<|UKR|>medytacija	m ɪ d ɪ t ɑ t͡sʲ i j ɛ
<|UKR|>diafrahmi	dʲ i ɛ f r ɑ ɦ m i
<|UKR|>zasnovnyk	z ɛ s n ɔ u n ɪ k
<|UKR|>sklo	s k ɫ ɔ
<|UKR|>doškax	d ɔ ʃ k ɛ x
<|UKR|>kil'ce	k i lʲ t͡s ɛ
<|UKR|>izumrudnyj	i z u m r u d n ɪ i
<|UKR|>kelyx	k ɛ ɫ ɪ x
<|UKR|>antybiotyky	ɛ n t ɪ b i ɔ t ɪ k ɪ
<|UKR|>suknja	s u k nʲ ɛ
<|UKR|>kyšenjax	k ɪ ʃ ɛ nʲ ɛ x
<|UKR|>radist'	r ɑ dʲ i sʲ tʲ
<|UKR|>portfelja	p ɔ r t f ɛ lʲ ɛ
<|UKR|>možna	m ɔ ʒ n ɛ
<|UKR|>riznomanittja	rʲ i z n ɔ m ɛ nʲ i tʲ ɛ
<|UKR|>ambicija	ɛ m b i t͡sʲ i j ɛ
<|UKR|>rodzynka	r ɔ d͡z ɪ n k ɛ
<|UKR|>nenarodženyj	n ɪ n ɛ r ɔ d͡ʒ ɪ n ɪ i
<|UKR|>ščoko	ʃ t͡ʃ ɔ k ɔ
<|UKR|>karas'	k ɛ r ɑ sʲ
<|UKR|>suspil'stvo	s u sʲ p i lʲ s t ʋ ɔ
<|UKR|>praty	p r ɑ t ɪ
<|UKR|>sercevyj	s ɪ r t͡s ɛ ʋ ɪ i
<|UKR|>ščavel'	ʃ t͡ʃ ɛ ʋ ɛ lʲ
<|UKR|>termometryčnyj	t ɪ r m ɔ m ɪ t r ɪ t͡ʃ n ɪ i
<|UKR|>dlja	dʲ lʲ ɑ
<|UKR|>šovkovyj	ʃ ɔ u k ɔ ʋ ɪ i
<|UKR|>skljanka	s k lʲ ɑ n k ɛ
<|UKR|>volejbolistka	ʋ ɔ ɫ ɪ i b ɔ lʲ i s t k ɛ
<|UKR|>zyma	z ɪ m ɑ
<|UKR|>zmi	zʲ m i
<|UKR|>pomsta	p ɔ m s t ɛ
<|UKR|>kara	k ɑ r ɛ
<|UKR|>parxomenko	p ɛ r x ɔ m ɪ n k ɔ
<|UKR|>enerhij	ɪ n ɛ r ɦ i i
<|UKR|>terpelyvist'	t ɪ r p ɪ ɫ ɪ ʋ i sʲ tʲ
<|UKR|>zdohaduvatysja	z d ɔ ɦ ɑ d u ʋ ɛ t ɪ sʲ ɛ
<|UKR|>jalovyčynu	j ɑ ɫ ɔ ʋ ɪ t͡ʃ ɪ n u
<|UKR|>dynamično	d ɪ n ɛ m i t͡ʃ n ɔ
<|UKR|>jahoda	j ɑ ɦ ɔ d ɛ
<|UKR|>dijevyj	dʲ i j ɛ ʋ ɪ i
<|UKR|>vyžloktaty	ʋ ɪ ʒ ɫ ɔ k t ɛ t ɪ
<|UKR|>trahedija	t r ɛ ɦ ɛ dʲ i j ɛ
<|UKR|>pidpryjemstvo	p i d p r ɪ j ɛ m s t ʋ ɔ
<|UKR|>tešča	t ɛ ʃ t͡ʃ ɛ
<|UKR|>debjutuvaty	d ɪ b u t u ʋ ɑ t ɪ
<|UKR|>vidčynjaty	ʋ i d͡ʒ t͡ʃ ɪ nʲ ɑ t ɪ
<|UKR|>upevnenist'	u p ɛ u n ɪ nʲ i sʲ tʲ
<|UKR|>najavnyj	n ɛ j ɑ u n ɪ i
<|UKR|>komora	k ɔ m ɔ r ɛ
<|UKR|>podibnist'	p ɔ dʲ i b nʲ i sʲ tʲ
<|UKR|>sub'jekt	s u b j ɛ k t
<|UKR|>zvidsy	zʲ ʋ i d͡z s ɪ
<|UKR|>nevrolohija	n ɪ u r ɔ ɫ ɔ ɦ i j ɛ
<|UKR|>dolonjax	d ɔ ɫ ɔ nʲ ɛ x
<|UKR|>meksykanka	m ɪ k s ɪ k ɑ n k ɛ
<|UKR|>pobačennja	p ɔ b ɑ t͡ʃ ɪ nʲ ɛ
<|UKR|>maskat	m ɛ s k ɑ t
<|UKR|>obidaty	ɔ b i d ɛ t ɪ
<|UKR|>cehla	t͡s ɛ ɦ ɫ ɛ
<|UKR|>transformacijax	t r ɛ n s f ɔ r m ɑ t͡sʲ i j ɛ x
<|UKR|>dvadcjatyodnokutnyk	d ʋ ɛ d͡zʲ t͡sʲ ɛ t ɪ ɔ d n ɔ k u t n ɪ k
<|UKR|>pidnjaty	p i dʲ nʲ ɑ t ɪ
<|UKR|>postatjax	p ɔ s t ɛ tʲ ɛ x
<|UKR|>bilyj	b i ɫ ɪ i
<|UKR|>pidvikonnja	p i dʲ ʋ i k ɔ nʲ ɛ
<|UKR|>vizovyj	ʋ i z ɔ ʋ ɪ i
<|UKR|>antahonizm	ɛ n t ɛ ɦ ɔ nʲ i z m
<|UKR|>syntezuvaty	s ɪ n t ɪ z u ʋ ɑ t ɪ
<|UKR|>zorovyj	z ɔ r ɔ ʋ ɪ i
<|UKR|>spryjnjattja	s p r ɪ i nʲ ɛ tʲ ɑ
<|UKR|>koncept	k ɔ n t͡s ɛ p t
<|UKR|>šanuval'nyk	ʃ ɛ n u ʋ ɑ lʲ n ɪ k
<|UKR|>položennja	p ɔ ɫ ɔ ʒ ɪ nʲ ɛ
<|UKR|>zaboronjaty	z ɛ b ɔ r ɔ nʲ ɑ t ɪ
<|UKR|>pomidor	p ɔ m i d ɔ r
<|UKR|>abort	ɛ b ɔ r t
<|UKR|>občysljuvaty	ɔ b t͡ʃ ɪ sʲ lʲ u ʋ ɛ t ɪ
<|UKR|>halstuk	ɦ ɑ ɫ s t u k
<|UKR|>druh	d r u ɦ
<|UKR|>skoro	s k ɔ r ɔ
<|UKR|>akcentuvaty	ɛ k t͡s ɪ n t u ʋ ɑ t ɪ
<|UKR|>častka	t͡ʃ ɑ s t k ɛ
<|UKR|>skroni	s k r ɔ nʲ i
<|UKR|>komedija	k ɔ m ɛ dʲ i j ɛ
<|UKR|>pozycija	p ɔ z ɪ t͡sʲ i j ɛ
<|UKR|>mif	m i f
<|UKR|>licenzija	lʲ i t͡s ɛ nʲ zʲ i j ɛ
<|UKR|>komanda	k ɔ m ɑ n d ɛ
<|UKR|>arka	ɑ r k ɛ
<|UKR|>aerolit	ɛ ɪ r ɔ lʲ i t
<|UKR|>pryjmaty	p r ɪ i m ɑ t ɪ
<|UKR|>dobryvečir	d ɔ b r ɪ ʋ ɛ t͡ʃʲ i r
<|UKR|>sxematyzuvaty	s x ɪ m ɛ t ɪ z u ʋ ɑ t ɪ
<|UKR|>kolys'	k ɔ ɫ ɪ sʲ
<|UKR|>žasmyn	ʒ ɛ s m ɪ n
<|UKR|>aviameteoslužba	ɛ ʋ i ɛ m ɪ t ɪ ɔ s ɫ u ʒ b ɛ
<|UKR|>katehoryčnyj	k ɛ t ɪ ɦ ɔ r ɪ t͡ʃ n ɪ i
<|UKR|>hucul'ščyna	ɦ u t͡s u lʲ ʃ t͡ʃ ɪ n ɛ
<|UKR|>mast'	m ɑ sʲ tʲ
<|UKR|>portatyvnyj	p ɔ r t ɛ t ɪ u n ɪ i
<|UKR|>represyvnyj	r ɪ p r ɪ s ɪ u n ɪ i
<|UKR|>pros'ba	p r ɔ zʲ b ɛ
<|UKR|>ubohyj	u b ɔ ɦ ɪ i
<|UKR|>bezpilotnyj	b ɪ zʲ p i ɫ ɔ t n ɪ i
<|UKR|>lysycja	ɫ ɪ s ɪ t͡sʲ ɛ
<|UKR|>hladiator	ɦ ɫ ɛ dʲ i ɑ t ɔ r
<|UKR|>humanistka	ɦ u m ɛ nʲ i s t k ɛ
<|UKR|>plast	p ɫ ɑ s t
<|UKR|>jevrejs'kyj	j ɪ u r ɛ i sʲ k ɪ i
<|UKR|>volokty	ʋ ɔ ɫ ɔ k t ɪ
<|UKR|>niderlandy	nʲ i d ɪ r ɫ ɑ n d ɪ
<|UKR|>orhany	ɔ r ɦ ɛ n ɪ
<|UKR|>ščytopodibna	ʃ t͡ʃ ɪ t ɔ p ɔ dʲ i b n ɛ
<|UKR|>ruku	r u k u
<|UKR|>tisnyj	tʲ i s n ɪ i
<|UKR|>žurnal	ʒ u r n ɑ ɫ
<|UKR|>lis	lʲ i s
<|UKR|>nablyzyty	n ɛ b ɫ ɪ z ɪ t ɪ
<|UKR|>kvantova	k ʋ ɑ n t ɔ ʋ ɛ
<|UKR|>nesterpnyj	n ɪ s t ɛ r p n ɪ i
<|UKR|>plavec'	p ɫ ɛ ʋ ɛ t͡sʲ
<|UKR|>vyboramy	ʋ ɪ b ɔ r ɛ m ɪ
<|UKR|>neperervnyj	n ɪ p ɪ r ɛ r ʋ n ɪ i
<|UKR|>tjažkyj	tʲ ɛ ʒ k ɪ i
<|UKR|>eksponat	ɪ k s p ɔ n ɑ t
<|UKR|>arterijam	ɛ r t ɛ rʲ i j ɛ m
<|UKR|>bohoslov'ja	b ɔ ɦ ɔ s ɫ ɔ ʋ j ɛ
<|UKR|>parašutyzm	p ɛ r ɛ ʃ u t ɪ z m
<|UKR|>rodytysja	r ɔ d ɪ t ɪ sʲ ɛ
<|UKR|>molekuljarna	m ɔ ɫ ɪ k u lʲ ɑ r n ɛ
<|UKR|>avtoryzuvaty	ɛ u t ɔ r ɪ z u ʋ ɑ t ɪ
<|UKR|>pojednannja	p ɔ j ɪ d n ɑ nʲ ɛ
<|UKR|>lystopad	ɫ ɪ s t ɔ p ɑ d
<|UKR|>ikra	i k r ɑ
<|UKR|>pracivnyci	p r ɛ t͡sʲ i u n ɪ t͡sʲ i
<|UKR|>samocil'	s ɛ m ɔ t͡sʲ i lʲ
<|UKR|>trener	t r ɛ n ɪ r
<|UKR|>boloto	b ɔ ɫ ɔ t ɔ
<|UKR|>isnujučyj	i s n u j u t͡ʃ ɪ i
<|UKR|>spryjatlyvyj	s p r ɪ j ɑ t ɫ ɪ ʋ ɪ i
<|UKR|>možlyvist'	m ɔ ʒ ɫ ɪ ʋ i sʲ tʲ
<|UKR|>rodovyj	r ɔ d ɔ ʋ ɪ i
<|UKR|>stymul	s t ɪ m u ɫ
<|UKR|>naselyty	n ɛ s ɪ ɫ ɪ t ɪ
<|UKR|>terem	t ɛ r ɪ m
<|UKR|>krym	k r ɪ m
<|UKR|>arkuš	ɑ r k u ʃ
<|UKR|>hnaty	ɦ n ɑ t ɪ
<|UKR|>vivsiv	ʋ i u sʲ i u
<|UKR|>pryslivnykovyj	p r ɪ sʲ lʲ i u n ɪ k ɔ ʋ ɪ i
<|UKR|>bezvidsotkovyj	b ɪ zʲ ʋ i d͡z s ɔ t k ɔ ʋ ɪ i
<|UKR|>navruz	n ɛ u r u z
<|UKR|>pen'	p ɛ nʲ
<|UKR|>dzyga	d͡z ɪ ɡ ɛ
<|UKR|>blokadamy	b ɫ ɔ k ɑ d ɛ m ɪ
<|UKR|>hamanec'	ɦ ɛ m ɛ n ɛ t͡sʲ
<|UKR|>švedka	ʃ ʋ ɛ d k ɛ
<|UKR|>poema	p ɔ ɛ m ɛ
<|UKR|>čajna	t͡ʃ ɛ i n ɑ
<|UKR|>korovaj	k ɔ r ɔ ʋ ɑ i
<|UKR|>kalendarem	k ɛ ɫ ɪ n d ɛ r ɛ m
<|UKR|>ornitolohija	ɔ r nʲ i t ɔ ɫ ɔ ɦ i j ɛ
<|UKR|>riznovyd	rʲ i z n ɔ ʋ ɪ d
<|UKR|>bonusom	b ɔ n u s ɔ m
<|UKR|>dosvidčenyj	d ɔ sʲ ʋ i d͡ʒ t͡ʃ ɪ n ɪ i
<|UKR|>hejmplej	ɦ ɪ i m p ɫ ɛ i
<|UKR|>hryven'	ɦ r ɪ ʋ ɪ nʲ
<|UKR|>vžyty	ʋ ʒ ɪ t ɪ
<|UKR|>korčma	k ɔ r t͡ʃ m ɛ
<|UKR|>enzym	ɪ n z ɪ m
<|UKR|>postupci	p ɔ s t u p t͡sʲ i
<|UKR|>morozyvo	m ɔ r ɔ z ɪ ʋ ɔ
<|UKR|>batjary	b ɛ tʲ ɑ r ɪ
<|UKR|>blaho	b ɫ ɑ ɦ ɔ
<|UKR|>uosobljuvaty	u ɔ s ɔ b lʲ u ʋ ɛ t ɪ
<|UKR|>idealistyčnyj	i d ɪ ɛ lʲ i s t ɪ t͡ʃ n ɪ i
<|UKR|>proporciï	p r ɔ p ɔ r t͡sʲ i j i
<|UKR|>promoknuty	p r ɔ m ɔ k n u t ɪ
<|UKR|>monopolist	m ɔ n ɔ p ɔ lʲ i s t
<|UKR|>sobivartist'	s ɔ b i ʋ ɑ r tʲ i sʲ tʲ
<|UKR|>švydkist'	ʃ ʋ ɪ dʲ k i sʲ tʲ
<|UKR|>sluxač	s ɫ u x ɑ t͡ʃ
<|UKR|>pozbutysja	p ɔ z b u t ɪ sʲ ɛ
<|UKR|>tistečko	tʲ i s t ɪ t͡ʃ k ɔ
<|UKR|>sonja	s ɔ nʲ ɛ
<|UKR|>nejtralitet	n ɪ i t r ɛ lʲ i t ɛ t
<|UKR|>kiš	k i ʃ
<|UKR|>fil'tr	f i lʲ t r
<|UKR|>tekstovyj	t ɪ k s t ɔ ʋ ɪ i
<|UKR|>imperija	i m p ɛ rʲ i j ɛ
<|UKR|>xmel'nyc'kyj	x m ɪ lʲ n ɪ t͡sʲ k ɪ i
<|UKR|>faktyčnyj	f ɛ k t ɪ t͡ʃ n ɪ i
<|UKR|>tysjač	t ɪ sʲ ɛ t͡ʃ
<|UKR|>viddanist'	ʋ i d ɛ nʲ i sʲ tʲ
<|UKR|>priorytet	p rʲ i ɔ r ɪ t ɛ t
<|UKR|>manipuljuvaty	m ɛ nʲ i p u lʲ u ʋ ɑ t ɪ
<|UKR|>akademičnyj	ɛ k ɛ d ɪ m i t͡ʃ n ɪ i
<|UKR|>hryb	ɦ r ɪ b
<|UKR|>ukraïnoju	u k r ɛ j i n ɔ j u
<|UKR|>agrusivka	ɛ ɡ r u sʲ i u k ɛ
<|UKR|>supruhoju	s u p r u ɦ ɔ j u
<|UKR|>ab'juracija	ɛ b j u r ɑ t͡sʲ i j ɛ
<|UKR|>dysbalans	d ɪ z b ɛ ɫ ɑ n s
<|UKR|>pereocinjuvaty	p ɪ r ɪ ɔ t͡sʲ i nʲ u ʋ ɛ t ɪ
<|UKR|>pozbavyty	p ɔ z b ɑ ʋ ɪ t ɪ
<|UKR|>hibrydnyj	ɦ i b r ɪ d n ɪ i
<|UKR|>duš	d u ʃ
<|UKR|>filosofija	f i ɫ ɔ s ɔ f i j ɛ
<|UKR|>susidka	s u sʲ i d k ɛ
<|UKR|>peršist'	p ɛ r ʃ i sʲ tʲ
<|UKR|>intensyfikuvaty	i n t ɪ n s ɪ f i k u ʋ ɑ t ɪ
<|UKR|>feministyčnyj	f ɪ m i nʲ i s t ɪ t͡ʃ n ɪ i
<|UKR|>daty	d ɑ t ɪ
<|UKR|>pidmet	p i d m ɪ t
<|UKR|>pramova	p r ɛ m ɔ ʋ ɛ
<|UKR|>kaplyceju	k ɛ p ɫ ɪ t͡s ɪ j u
<|UKR|>systematyčnyj	s ɪ s t ɪ m ɛ t ɪ t͡ʃ n ɪ i
<|UKR|>rosijanyn	r ɔ sʲ i j ɑ n ɪ n
<|UKR|>topoli	t ɔ p ɔ lʲ i
<|UKR|>aktyvnist'	ɛ k t ɪ u nʲ i sʲ tʲ
<|UKR|>aviasalon	ɛ ʋ i ɛ s ɛ ɫ ɔ n
<|UKR|>daremnist'	d ɛ r ɛ m nʲ i sʲ tʲ
<|UKR|>holovnyj	ɦ ɔ ɫ ɔ u n ɪ i
<|UKR|>sportyvnyj	s p ɔ r t ɪ u n ɪ i
<|UKR|>klimatyčnyj	k lʲ i m ɛ t ɪ t͡ʃ n ɪ i
<|UKR|>vyščyj	ʋ ɪ ʃ t͡ʃ ɪ i
<|UKR|>vidpočylyj	ʋ i d p ɔ t͡ʃ ɪ ɫ ɪ i
<|UKR|>čaber	t͡ʃ ɛ b ɛ r
<|UKR|>psyxolohičnyj	p s ɪ x ɔ ɫ ɔ ɦ i t͡ʃ n ɪ i
<|UKR|>mizernyj	m i z ɪ r n ɪ i
<|UKR|>tokar	t ɔ k ɛ r
<|UKR|>uhors'komovnyj	u ɦ ɔ r sʲ k ɔ m ɔ u n ɪ i
<|UKR|>šokolad	ʃ ɔ k ɔ ɫ ɑ d
<|UKR|>jama	j ɑ m ɛ
<|UKR|>dani	d ɑ nʲ i
<|UKR|>zovni	z ɔ u nʲ i
<|UKR|>sumnivatysja	s u m nʲ i ʋ ɑ t ɪ sʲ ɛ
<|UKR|>vitebs'k	ʋ i t ɪ b sʲ k
<|UKR|>druže	d r u ʒ ɪ
<|UKR|>nazyvaty	n ɛ z ɪ ʋ ɑ t ɪ
<|UKR|>koncepcija	k ɔ n t͡s ɛ p t͡sʲ i j ɛ
<|UKR|>konli	k ɔ nʲ lʲ i
<|UKR|>rosty	r ɔ s t ɪ
<|UKR|>budda	b u d ɛ
<|UKR|>aktyvuvaty	ɛ k t ɪ ʋ u ʋ ɑ t ɪ
<|UKR|>vizantijs'kyj	ʋ i z ɛ nʲ tʲ i i sʲ k ɪ i
<|UKR|>sudno	s u d n ɔ
<|UKR|>frazeolohičnyj	f r ɛ z ɪ ɔ ɫ ɔ ɦ i t͡ʃ n ɪ i
<|UKR|>arterije	ɛ r t ɛ rʲ i j ɪ
<|UKR|>mižvojennyj	m i ʒ ʋ ɔ j ɛ n ɪ i
<|UKR|>zekonomyty	z ɪ k ɔ n ɔ m ɪ t ɪ
<|UKR|>apatyčnyj	ɛ p ɛ t ɪ t͡ʃ n ɪ i
<|UKR|>dyslokacija	d ɪ s ɫ ɔ k ɑ t͡sʲ i j ɛ
<|UKR|>ščonajmenše	ʃ t͡ʃ ɔ n ɛ i m ɛ n ʃ ɪ
<|UKR|>kutok	k u t ɔ k
<|UKR|>nespodivanyj	n ɪ s p ɔ dʲ i ʋ ɛ n ɪ i
<|UKR|>material'nyj	m ɛ t ɪ rʲ i ɑ lʲ n ɪ i
<|UKR|>xvority	x ʋ ɔ rʲ i t ɪ
<|UKR|>košulja	k ɔ ʃ u lʲ ɛ
<|UKR|>prodavaty	p r ɔ d ɛ ʋ ɑ t ɪ
<|UKR|>petycija	p ɪ t ɪ t͡sʲ i j ɛ
<|UKR|>ablastyka	ɛ b ɫ ɑ s t ɪ k ɛ
<|UKR|>aviaučylyšče	ɛ ʋ i ɛ u t͡ʃ ɪ ɫ ɪ ʃ t͡ʃ ɪ
<|UKR|>dovh	d ɔ u ɦ
<|UKR|>obmežennja	ɔ b m ɛ ʒ ɪ nʲ ɛ
<|UKR|>žolud'	ʒ ɔ ɫ u dʲ
<|UKR|>pljuvaty	p lʲ u ʋ ɑ t ɪ
<|UKR|>salon	s ɛ ɫ ɔ n
<|UKR|>rozuminnja	r ɔ z u m i nʲ ɛ
<|UKR|>svitanok	sʲ ʋ i t ɑ n ɔ k
<|UKR|>neformal'nyj	n ɪ f ɔ r m ɑ lʲ n ɪ i
<|UKR|>prodavščycja	p r ɔ d ɛ u ʃ t͡ʃ ɪ t͡sʲ ɛ
<|UKR|>trok	t r ɔ k
<|UKR|>deklaraciju	d ɪ k ɫ ɛ r ɑ t͡sʲ i j u
<|UKR|>lyxomanka	ɫ ɪ x ɔ m ɑ n k ɛ
<|UKR|>matr'oška	m ɛ tʲ rʲ ɔ ʃ k ɛ
<|UKR|>dytsadok	d ɪ t͡s ɛ d ɔ k
<|UKR|>sympatyčnyj	s ɪ m p ɛ t ɪ t͡ʃ n ɪ i
<|UKR|>povidomlennja	p ɔ ʋ i d ɔ m ɫ ɪ nʲ ɛ
<|UKR|>dovhyj	d ɔ u ɦ ɪ i
<|UKR|>reproduktyvnyj	r ɪ p r ɔ d u k t ɪ u n ɪ i
<|UKR|>pohrožuvaty	p ɔ ɦ r ɔ ʒ u ʋ ɛ t ɪ
<|UKR|>batal'jon	b ɛ t ɛ lʲ j ɔ n
<|UKR|>traven'	t r ɑ ʋ ɪ nʲ
<|UKR|>napružyty	n ɛ p r u ʒ ɪ t ɪ
<|UKR|>tretij	t r ɛ tʲ i i
<|UKR|>stričky	s tʲ rʲ i t͡ʃ k ɪ
<|UKR|>pracivnykamy	p r ɛ t͡sʲ i u n ɪ k ɑ m ɪ
<|UKR|>rozmova	r ɔ z m ɔ ʋ ɛ
<|UKR|>ofira	ɔ f i r ɛ
<|UKR|>lytva	ɫ ɪ t ʋ ɑ
<|UKR|>načynnja	n ɛ t͡ʃ ɪ nʲ ɛ
<|UKR|>slux	s ɫ u x
<|UKR|>pivden'	p i u d ɪ nʲ
<|UKR|>abrazija	ɛ b r ɑ zʲ i j ɛ
<|UKR|>cvjax	t͡sʲ ʋ ɑ x
<|UKR|>rekonstrukcija	r ɪ k ɔ n s t r u k t͡sʲ i j ɛ
<|UKR|>xorošyj	x ɔ r ɔ ʃ ɪ i
<|UKR|>zovnišnij	z ɔ u nʲ i ʃ nʲ i i
<|UKR|>ustanova	u s t ɛ n ɔ ʋ ɛ
<|UKR|>prysvijnyj	p r ɪ sʲ ʋ i i n ɪ i
<|UKR|>vlasti	ʋ ɫ ɑ sʲ tʲ i
<|UKR|>zakonosluxnjanyj	z ɛ k ɔ n ɔ s ɫ u x nʲ ɑ n ɪ i
<|UKR|>pryšvydšyty	p r ɪ ʃ ʋ ɪ d͡ʒ ʃ ɪ t ɪ
<|UKR|>slivcja	sʲ lʲ i u t͡sʲ ɛ
<|UKR|>žytnij	ʒ ɪ tʲ nʲ i i
<|UKR|>otočuvaty	ɔ t ɔ t͡ʃ u ʋ ɛ t ɪ
<|UKR|>zdaten	z d ɑ t ɪ n
<|UKR|>nehatyvno	n ɪ ɦ ɛ t ɪ u n ɔ
<|UKR|>infikuvannja	i nʲ f i k u ʋ ɑ nʲ ɛ
<|UKR|>teoriju	t ɪ ɔ rʲ i j u
<|UKR|>erotyka	ɪ r ɔ t ɪ k ɛ
<|UKR|>federaciï	f ɪ d ɪ r ɑ t͡sʲ i j i
<|UKR|>problema	p r ɔ b ɫ ɛ m ɛ
<|UKR|>brexnju	b r ɪ x nʲ u
<|UKR|>psyxika	p s ɪ x i k ɛ
<|UKR|>bilok	b i ɫ ɔ k
<|UKR|>lyst	ɫ ɪ s t
<|UKR|>avstralopitek	ɛ u s t r ɛ ɫ ɔ p i t ɛ k
<|UKR|>kajman	k ɛ i m ɑ n
<|UKR|>nihot'	nʲ i ɦ ɔ tʲ
<|UKR|>marija	m ɛ rʲ i j ɛ
<|UKR|>zvyknuty	z ʋ ɪ k n u t ɪ
<|UKR|>bonusamy	b ɔ n u s ɛ m ɪ
<|UKR|>konkurs	k ɔ n k u r s
<|UKR|>ptycja	p t ɪ t͡sʲ ɛ
<|UKR|>kota	k ɔ t ɑ
<|UKR|>mohutnij	m ɔ ɦ u tʲ nʲ i i
<|UKR|>dytsadky	d ɪ t͡s ɛ d k ɪ
<|UKR|>aviamajak	ɛ ʋ i ɛ m ɛ j ɑ k
<|UKR|>novyny	n ɔ ʋ ɪ n ɪ
<|UKR|>bezprytul'nyj	b ɪ z p r ɪ t u lʲ n ɪ i
<|UKR|>skandynavija	s k ɛ n d ɪ n ɑ ʋ i j ɛ
<|UKR|>kyšeneju	k ɪ ʃ ɛ n ɪ j u
<|UKR|>žona	ʒ ɔ n ɑ
<|UKR|>pracivnycjam	p r ɛ t͡sʲ i u n ɪ t͡sʲ ɛ m
<|UKR|>industrializuvaty	i n d u s tʲ rʲ i ɛ lʲ i z u ʋ ɑ t ɪ
<|UKR|>cijeju	t͡sʲ i j ɛ j u
<|UKR|>katastrofy	k ɛ t ɛ s t r ɔ f ɪ
<|UKR|>v'jaznycja	ʋ j ɛ z n ɪ t͡sʲ ɛ
<|UKR|>kozyrok	k ɔ z ɪ r ɔ k
<|UKR|>dorohyj	d ɔ r ɔ ɦ ɪ i
<|UKR|>potylyce	p ɔ t ɪ ɫ ɪ t͡s ɪ
<|UKR|>hrjaz'	ɦ rʲ ɑ zʲ
<|UKR|>bacjar	b ɑ t͡sʲ ɛ r
<|UKR|>abrykos	ɛ b r ɪ k ɔ s
<|UKR|>zajec'	z ɑ j ɪ t͡sʲ
<|UKR|>škola	ʃ k ɔ ɫ ɛ
<|UKR|>kuryty	k u r ɪ t ɪ
<|UKR|>importuvaty	i m p ɔ r t u ʋ ɑ t ɪ
<|UKR|>tysjačolittjamy	t ɪ sʲ ɛ t͡ʃ ɔ lʲ i tʲ ɛ m ɪ
<|UKR|>fiskal'nyj	f i s k ɑ lʲ n ɪ i
<|UKR|>absans	ɛ b s ɑ n s
<|UKR|>avtobusyk	ɛ u t ɔ b u s ɪ k
<|UKR|>utomlenyj	u t ɔ m ɫ ɪ n ɪ i
<|UKR|>izraïl'tjanka	i z r ɛ j i lʲ tʲ ɑ n k ɛ
<|UKR|>povernuty	p ɔ ʋ ɪ r n u t ɪ
<|UKR|>pozyčaty	p ɔ z ɪ t͡ʃ ɑ t ɪ
<|UKR|>rajon	r ɛ j ɔ n
<|UKR|>bil'šaty	b i lʲ ʃ ɛ t ɪ
<|UKR|>zaïr	z ɛ j i r
<|UKR|>masštab	m ɛ ʃ t ɑ b
<|UKR|>zoloto	z ɔ ɫ ɔ t ɔ
<|UKR|>fejamy	f ɛ j ɛ m ɪ
<|UKR|>snidaty	sʲ nʲ i d ɛ t ɪ
<|UKR|>vtručannja	ʋ t r u t͡ʃ ɑ nʲ ɛ
<|UKR|>bjurokratka	b u r ɔ k r ɑ t k ɛ
<|UKR|>transformacijam	t r ɛ n s f ɔ r m ɑ t͡sʲ i j ɛ m
<|UKR|>bilorus'kyj	b i ɫ ɔ r u sʲ k ɪ i
<|UKR|>nevydymyj	n ɪ ʋ ɪ d ɪ m ɪ i
<|UKR|>smak	s m ɑ k
<|UKR|>naprykinci	n ɛ p r ɪ k i nʲ t͡sʲ i
<|UKR|>avtobiohraf	ɛ u t ɔ b i ɔ ɦ r ɛ f
<|UKR|>neboha	n ɪ b ɔ ɦ ɛ
<|UKR|>zaoxotyty	z ɛ ɔ x ɔ t ɪ t ɪ
<|UKR|>konfeta	k ɔ n f ɛ t ɛ
<|UKR|>lohistyčnyj	ɫ ɔ ɦ i s t ɪ t͡ʃ n ɪ i
<|UKR|>vyrišennja	ʋ ɪ rʲ i ʃ ɪ nʲ ɛ
<|UKR|>teatr	t ɪ ɑ t r
<|UKR|>kubičnyj	k u b i t͡ʃ n ɪ i
<|UKR|>dodatkax	d ɔ d ɑ t k ɛ x
<|UKR|>ameryka	ɛ m ɛ r ɪ k ɛ
<|UKR|>nymy	n ɪ m ɪ
<|UKR|>vykonannja	ʋ ɪ k ɔ n ɑ nʲ ɛ
<|UKR|>abstrakcija	ɛ b s t r ɑ k t͡sʲ i j ɛ
<|UKR|>čotyrykutnyj	t͡ʃ ɔ t ɪ r ɪ k u t n ɪ i
<|UKR|>p'jatdesjat	p j ɛ d d ɪ sʲ ɑ t
<|UKR|>humanistyčnyj	ɦ u m ɛ nʲ i s t ɪ t͡ʃ n ɪ i
<|UKR|>bat'kivščyna	b ɛ tʲ k i u ʃ t͡ʃ ɪ n ɛ
<|UKR|>proporcijax	p r ɔ p ɔ r t͡sʲ i j ɛ x
<|UKR|>povečerjaty	p ɔ ʋ ɪ t͡ʃ ɛ rʲ ɛ t ɪ
<|UKR|>nevidvorotnyj	n ɪ ʋ i d ʋ ɔ r ɔ t n ɪ i
<|UKR|>inna	i n ɛ
<|UKR|>systema	s ɪ s t ɛ m ɛ
<|UKR|>heometryčnyj	ɦ ɪ ɔ m ɪ t r ɪ t͡ʃ n ɪ i
<|UKR|>zabahty	z ɛ b ɑ ɦ t ɪ
<|UKR|>homoseksualizm	ɦ ɔ m ɔ s ɪ k s u ɛ lʲ i z m
<|UKR|>troje	t r ɔ j ɪ
<|UKR|>vmerty	ʋ m ɛ r t ɪ
<|UKR|>al'batros	ɛ lʲ b ɛ t r ɔ s
<|UKR|>ratyfikacija	r ɛ t ɪ f i k ɑ t͡sʲ i j ɛ
<|UKR|>tož	t ɔ ʒ
<|UKR|>spivperežyvannja	sʲ p i u p ɪ r ɪ ʒ ɪ ʋ ɑ nʲ ɛ
<|UKR|>diahnostyka	dʲ i ɛ ɦ n ɔ s t ɪ k ɛ
<|UKR|>vidvernuty	ʋ i d ʋ ɪ r n u t ɪ
<|UKR|>kubynec'	k u b ɪ n ɪ t͡sʲ
<|UKR|>vymknuty	ʋ ɪ m k n u t ɪ
<|UKR|>svojeridnyj	s ʋ ɔ j ɪ rʲ i d n ɪ i
<|UKR|>proporcijam	p r ɔ p ɔ r t͡sʲ i j ɛ m
<|UKR|>jantar	j ɛ n t ɑ r
<|UKR|>stanislav	s t ɛ nʲ i s ɫ ɑ u
<|UKR|>melanija	m ɪ ɫ ɑ nʲ i j ɛ
<|UKR|>bahato	b ɛ ɦ ɑ t ɔ
<|UKR|>cytryna	t͡s ɪ t r ɪ n ɛ
<|UKR|>rozpiznavannja	r ɔ zʲ p i z n ɛ ʋ ɑ nʲ ɛ
<|UKR|>svekruxa	s ʋ ɪ k r u x ɛ
<|UKR|>tysjačolittjax	t ɪ sʲ ɛ t͡ʃ ɔ lʲ i tʲ ɛ x
<|UKR|>bat'ko	b ɑ tʲ k ɔ
<|UKR|>nepravdi	n ɪ p r ɑ u dʲ i
<|UKR|>diahrama	dʲ i ɛ ɦ r ɑ m ɛ
<|UKR|>dzerkalo	d͡z ɛ r k ɛ ɫ ɔ
<|UKR|>mur	m u r
<|UKR|>molodyj	m ɔ ɫ ɔ d ɪ i
<|UKR|>vizual'nyj	ʋ i z u ɑ lʲ n ɪ i
<|UKR|>zoopark	z ɔ ɔ p ɑ r k
<|UKR|>aviapark	ɛ ʋ i ɛ p ɑ r k
<|UKR|>pljuš	p lʲ u ʃ
<|UKR|>p'jatnycja	p j ɑ t n ɪ t͡sʲ ɛ
<|UKR|>pys'mennyj	p ɪ sʲ m ɛ n ɪ i
<|UKR|>ukraïns'kyx	u k r ɛ j i nʲ sʲ k ɪ x
<|UKR|>xlib	x lʲ i b
<|UKR|>zaležnyj	z ɛ ɫ ɛ ʒ n ɪ i
<|UKR|>movoznavstvo	m ɔ ʋ ɔ z n ɑ u s t ʋ ɔ
<|UKR|>učast'	u t͡ʃ ɛ sʲ tʲ
<|UKR|>sauna	s ɑ u n ɛ
<|UKR|>misjac'	m i sʲ ɛ t͡sʲ
<|UKR|>fol'klor	f ɔ lʲ k ɫ ɔ r
<|UKR|>uspišnyj	u sʲ p i ʃ n ɪ i
<|UKR|>zasmutyty	z ɛ s m u t ɪ t ɪ
<|UKR|>taceju	t ɑ t͡s ɪ j u
<|UKR|>kryterijem	k r ɪ t ɛ rʲ i j ɪ m
<|UKR|>aviavystavka	ɛ ʋ i ɛ ʋ ɪ s t ɛ u k ɛ
<|UKR|>pidkresljuvaty	p i d k r ɛ sʲ lʲ u ʋ ɛ t ɪ
<|UKR|>til'ky	tʲ i lʲ k ɪ
<|UKR|>vozyty	ʋ ɔ z ɪ t ɪ
<|UKR|>zmenšen'	z m ɛ n ʃ ɪ nʲ
<|UKR|>triska	tʲ rʲ i s k ɛ
<|UKR|>rišyty	rʲ i ʃ ɪ t ɪ
<|UKR|>intuïtyvno	i n t u j i t ɪ u n ɔ
<|UKR|>xlopčyk	x ɫ ɔ p t͡ʃ ɪ k
<|UKR|>kolino	k ɔ lʲ i n ɔ
<|UKR|>žorstokyj	ʒ ɔ r s t ɔ k ɪ i
<|UKR|>amfibija	ɛ m f i b i j ɛ
<|UKR|>tranzyt	t r ɛ n z ɪ t
<|UKR|>vyjavytysja	ʋ ɪ j ɛ ʋ ɪ t ɪ sʲ ɛ
<|UKR|>sprostyty	s p r ɔ s t ɪ t ɪ
<|UKR|>kryholam	k r ɪ ɦ ɔ ɫ ɑ m
<|UKR|>moknuty	m ɔ k n u t ɪ
<|UKR|>rostyty	r ɔ s t ɪ t ɪ
<|UKR|>zrosty	z r ɔ s t ɪ
<|UKR|>kudy	k u d ɪ
<|UKR|>vidrodžennja	ʋ i d r ɔ d͡ʒ ɪ nʲ ɛ
<|UKR|>postalyj	p ɔ s t ɑ ɫ ɪ i
<|UKR|>joho	j ɔ ɦ ɔ
<|UKR|>kryvavyj	k r ɪ ʋ ɑ ʋ ɪ i
<|UKR|>neskladovyj	n ɪ s k ɫ ɛ d ɔ ʋ ɪ i
<|UKR|>avtodydakt	ɛ u t ɔ d ɪ d ɑ k t
<|UKR|>ïžakevyč	j i ʒ ɛ k ɛ ʋ ɪ t͡ʃ
<|UKR|>mem	m ɛ m
