oঁkol̪	ɔ k o l
okɔrt̪a	ɔ k ɔ ɹ t̪ a
okɔrma	ɔ k ɔ ɹ m a
okɔl̪ɔŋkin̪i	ɔ k ɔ l o ŋ k i n i
okɔl̪pit̪	ɔ k o l p i t̪ o
okɔʂtɔbɔd̪d̪̤ɔ	ɔ k ɔ ʃ ʈ o b ɔ d̪ d̪ʰ o
okard͡zɔkɔri	ɔ k a ɾ d͡ʒ ɔ k ɔ ɾ i
okal̪	ɔ k a l
okus̪t̪ʰɔl̪ɔ	o k u s t̪ʰ ɔ l
okɽipɔnɔt̪a	ɔ k r i p ɔ n ɔ t̪ a
okɽiʂtɔpɔt͡ɕd͡zɔ	ɔ k r i ʃ ʈ o p o c c o
oktopas̪	ɔ k t o p a ʃ
okrie̯a	ɔ k k r iʲ a
okl̪eɕe	ɔ k k l e ʃ e
okʂɔt̪ɔɕɔrire	ɔ k kʰ ɔ t̪ o ʃ o r i r e
okʂar	ɔ k kʰ a r
okʂubd̪̤ɔ	ɔ k kʰ u b d̪ʱ o
oks̪ideɕɔn̪ɔ	ɔ k ʃ i ɖ e ʃ ɔ n
oɡɔmd͡za	ɔ ɡ o m m a
oɡɔs̪tɔ	ɔ ɡ ɔ s t
oɡn̪ikundɔ	ɔ ɡ n i k u n d o
oɡn̪iɡɔrb̤ɔ	o ɡ n i ɡ ɔ r bʱ o
oɡn̪it̪ɔpt̪ɔ	o ɡ n i t̪ ɔ p t̪ o
oɡn̪id̪ahɔ	o ɡ n i d̪ a h o
oɡn̪ibɔrʂi	o ɡ n i b o r ʃ i
oɡn̪ibɽiʂti	o ɡ n i b r i ʃ ʈ i
oɡn̪id͡zuɡ	o ɡ n i ɟ u ɡ
oɡn̪ihot̪ri	o ɡ n i h o t̪ t̪ r i
oɡɔn̪d͡zud̪ɡar	o ɡ n u d̪ ɡ a r
oɡɔn̪d͡zud̪‌ɡar	o ɡ n u d̪ ɡ a r
oŋkɔs̪t̪ʰit̪	ɔ ŋ k o s t̪ʰ i t̪ o
oŋɡɔ	ɔ ŋ ɡ o
oŋɡar	ɔ ŋ ɡ a r
od͡ʑɔɡɔrɔ	ɔ d͡ʒ ɔ ɡ ɔ ɾ
ont͡ɕɔl̪ɔ	ɔ n t ʃ ɔ l
ot̪imɔŋɡɔl̪d͡zɔ	o t i m o ŋ ɡ o lː ɔ
ot̪ʰɔt͡ɕɔ	ɔ t̪ʰ ɔ t͡ʃ o
ot̪ʰba	ɔ t̪ʰ ɔ b ɑ
on̪uraɡ	o n u ɹ a ɡ
on̪ek	ɔ n e k
on̪n̪ɔ	ɔ nː ɔ
on̪d͡zae̯	ɔ n n ɛ e̯
opareɕɔn̪ɔ	ɔ p ɑ ɾ e ʃ ɔ n
ob̤in̪et̪a	ɔ bʱ i n e t̪ a
omard͡ʑɔn̪ie̯	ɔ m ɑ ɾ d͡ʒ ɔ n i ɔ
orɔnd͡zɔ	ɔ ɾ o nː o
ort̪ʰat̪	ɔ r t̪ʰ a t̪
orpit̪a	ɔ ɹ p i t̪ a
oɕn̪i	ɔ ʃ o n i
oɕikʂit̪	ɔ ʃ i kʰː i t̪ o
oɕot̪	ɔ ʃ o t
os̪us̪t̪ʰɔ	ɔ ʃ u s tʰ ɔ
ohɔrɔhɔ	ɔ ɦ ɔ ɾ ɔ ɦ ɔ
aঁi	ã i
aঁs̪ɔ	a ʃ
aŋɕik	a ŋ ʃ i k
aid͡ʑ	a i z
aid͡ʑkail̪	a i z k a i l
aid͡ʑko	a i z k ɔ
aid͡ʑd͡za	a i d͡ʑ d͡ʑ a
akʰbar	a kʰ b a ɹ
aɡun̪	a ɡ u n
aɡrabad̪	a ɡ ɾ a b a d
ad͡ʑ	a d ʒ
ad͡ʑɔbɔ	a d ʒ o b
ant͡ɕɔl̪ik	a n t ʃ ɔ l i k
ant͡ɕɔl̪ikt̪a	a n t ʃ ɔ l i k ɔ t̪ a
ada	a d̺ a
aɽ̤	a ɾ
anda	a ɳ ɖ a
at̪ka	a t̪ k a
at̪ɔɕɔ	a t̪ o ʃ
ad̪ɔmɔɕumar	ɑ d̪ ɔ m ʃ u m ɑ ɾ
ad̪eɕ	ɑ d̪ e ʃ
an̪t̪ɔrd͡ʑat̪ik	a n t̪ ɔ ɹ d ʑ a t̪ i k
an̪t̪ɔrd͡ʑal̪	ɑ n t̪ ɔ ɾ d͡ʒ ɑ l
an̪d̪̤air	a n d̪ʱ a i ɾ
apn̪ake	a p n a k e
apn̪ad̪er	a p n a d̪ e ɹ
apn̪e	a p n e
apa	a p a
abɔhaoe̯a	a b o h a w a
abir	ä b i ɾ
abeɡ	a b e ɡ
abbu	a b b u
amɽa	a m ɽ a
amrar	a m ɾ a ɾ
amɔl̪ɔki	a m l o k i
amaɡɔrɔ	a m a ɡ ɔ ɾ
amad̪er	ɑ m ɑ d e r
amar	ɑː m ɑ ɹ
amme	a m m e
ard͡ʑuman̪d̪ɔ	a ɹ d ʑ u m a n
ard͡ʑi	a ɹ d ʑ i
art̪ɔbɔ	ɑ ɾ t̪ ɔ b
al̪ap	a l a p
al̪em	a l e m
al̪o	a l o
al̪okɔrɔɕmi	a l o k r o ʃ m i
aɕot̪	a ʃ o t
aʂtɔ	a ʃ t̺ ɔ
as̪am	a s a m
as̪iɸ	a s i f
as̪t̪e	a s t̪ e
iŋred͡ʑi	i ŋ ɹ e d ʑ i
ikue̯edɔrɔ	i k u̯ e d ɔ ɹ
iɡa	i ɡ a
itan̪o	i ʈ a n o
ida	i d̺ a
in̪	i n
in̪kil̪ab	i n k i l ɑ b
in̪kil̪abi	i n k i l ɑ b i
in̪ɕaal̪l̪ah	i n ʃ a a l l aʱ
in̪d̪u	i n d̪ u
ie̯an̪	i a n
il̪iɕ	i l i ʃ
is̪pat̪	i ʃ p a t̪
iɡɔl̪ɔ	i ɡ ɔ l
ukka	u k k a
uŋ̤ɡ̤an̪o	u ŋ ɡʱ a n ɔ
ud̪in̪	u d̪ i n
un̪d̪ur	u n d̪ u ɾ
upas̪n̪a	u p a ʃ ɔ n a
ue̯as̪	u a ʃ
ul̪ka	u l k ɐ
ul̪ki	u l k i
uʂnɔ	u ʃ n o
ut̪ɔpɔt̪t̪i	u t̪ p ɔ t̪ː i
ɽit̪u	ɾ i t̪ u
ɽiʂi	r i ʃ i
ekd͡ʑibiɕɔn̪ɔ	e k d͡ʒ i b i ʃ ɔ n
ekʰɔn̪ɔ	æ kʰ ɔ n
ekʰn̪o	æ kʰ ɔ n o
eti	e t i
ebe	e b e
el̪aka	e l a k a
es̪rad͡ʑ	e s ɹ a d ʑ
ojt̪ihas̪ik	o i t̪ i ɦ ɑ s i k
otʰa	o ʈʰ a
od̪er	ɔː ð ɛ ɹ
oɸat̪	o f a t̪
oe̯ad̪a	w a d a
kɔks̪ɔbad͡ʑar	k ɔ k ʃ ɔ b a d ʑ a ɹ
kɔkʰɔn̪ɔ	k ɒ kʰ ɒ n
kɔkʰɔn̪o	k ɔ kʰ ɔ n o
kɔtʰin̪	k ɔ ʈʰ i n
kɔt̪ɔ	k ɔ t̪ o
kɔd̪ɔmɔ	k ɔ d ɔ m
kɔd̪at͡ɕit̪	k ɔ d̪ ɑ t͡ʃ i t̪
kɔd̪u	k o d̪ u
kɔn̪ɔkɔt͡ɕɔ̃pa	k ɔ n ɔ k c ã p a
kɔn̪dɔmɔ	k ɔ n ɖ ɔ m
kɔɸɔ	k ɔ pʰ
kɔbut̪ɔrɔ	k o b u t̪ ɔ r
kɔbe	k oː b ɛ
kɔmɔl̪a	k ɔ m l a
ke̯ɔ	k ɔ e̯
ke̯ɔɸɔl̪ɔ	k ɒ e̯ ɸ ɒ l
ke̯ɔl̪akʰn̪i	k ɔ e̯ l ɑ kʰ ɔ n i
ke̯ed̪	k ɔ e̯ e d̪
ke̯ed̪kʰan̪a	k ɔ e̯ e d̪ kʰ a n a
kɔrɔnd͡ʑɔ	k ɔ ɾ ɔ n ɟ ɔ
kɔrɔbi	k ɔ ɾ ɔ b i
kɔl̪a	k ɔ l a
kɔʂtɔ	k ɔ ʃ t o
kɔ̃tʰal̪	k a ʈʰ a l
kɔ̃s̪a	k ã s a
kail̪	k a i l
kaun̪	k a u̯ n
kak	k a k
kad͡ʑakʰɔs̪t̪an̪	k a z a kʰ s t̪ a n
katue̯a	k a t̺ u a
katʰ	k a ʈʰ
kanta	k a n t̺ a
kantami	k a n t̺ a m i
kat̪ʰie̯abaɽ	k a t̪ʰ i a b a ɹ
kan̪ada	k a n a ɖ a
kan̪d̪in̪d͡za	k a n d̪ ɔ i n n a
kan̪d̪ain̪d͡za	k a n d̪ a i n n a
kamraŋɡa	k a m ɾ a ŋ ɡ a
kaman̪o	k a m a n o
kamuk	k a m u k
karkʰan̪a	k a r kʰ a n a
karɔnɔ	k a r o n
kariɡɔrɔ	k a r i ɡ ɔ r
kal̪a	k a l a
kahi	k a h ɔ i
kiŋba	k i ŋ b ɑ
kit͡ɕt͡ɕʰa	k i t ʃ t ʃʰ a
kit̪a	k i t̪ a
kit̪ab	k i t a b
kin̪in̪d͡za	k i n ɔ i n n a
kin̪ar	k i n a r
kuu	k u̯ u
kukur	k u k u ɾ
kund͡ʑɔl̪ɔt̪a	k u n ɟ ɔ l ɔ t a
kum	k u m
kue̯aɕa	k u a ʃ a
kus̪um	k u ʃ u m
kus̪t̪un̪t̪un̪ie̯a	k u s t̪ u n t̪ u n i̯ a
keɡa	k e ɡ a
keda	k ɛ d̺ a
ken̪	k ɛ n oː
kel̪a	k ɛ l a
komɔrɔ	k ɔ m ɔ ɹ
kowl̪ik	k o u̯ l i k
kd͡za	k ɛ
kd͡zan̪di	k æ n ɖ i
kʂɔt̪rie̯	kʰ o t̪ ɹ i̯ o
kʂɔmahin̪	kʰ ɔ m a ɦ i n
kɔt̪ɔbel̪	k ɔ t b e l
kʰe̯er	kʰ ɔ e ɾ
kʰɔrɔɡoɕ	kʰ ɔ r ɡ o ʃ
kʰɔrɔt͡ɕɔ	kʰ ɔ ɾ o t ʃ
kʰat̪ir	kʰ a t̪ i ɾ
kʰan̪ki	kʰ a ŋ k i
kʰan̪a	kʰ a n a
kʰarap	kʰ a ɾ a p
kʰarab	kʰ a ɹ a b
kʰal̪i	kʰ a l i
kʰal̪i	kʰ a l i
kʰud͡ʑutipaɽa	kʰ u d͡ʒ u ʈ̟ i p ɑ ɽ̟ ɑ
kʰub	kʰ u b
kʰub	kʰ u b
kʰed͡ʑur	kʰ e d ʒ u r
kʰee̯al̪	kʰ e a l
kʰel̪a	kʱ æ l a
ɡɔŋɡopad̪̤d͡zae̯	ɡ ɔ ŋ ɡ o p a d̪ʱː a e̯
ɡɔndar	ɡ ɔ n ɖ a r
ɡɔn̪d̪̤ɔt̪ɽin	ɡ ɔ n dʱ ɔ t ɾ i n ɔ
ɡɔn̪d̪̤ɔb̤ad̪al̪	ɡ ɔ n dʱ ɔ bʱ a d a l
ɡɔrd̪an̪	ɡ ɔ ɾ d̪ a n
ɡɔl̪pɔ	ɡ ɔ l p o
ɡɔ̃iɽa	ɡ a i ɾ a
ɡaiɽa	ɡ a i ɾ a
ɡaɽi	ɡ a ɽ i
ɡuɸa	ɡ u pʰ ɑ
ɡum	ɡ u m
ɡumot	ɡ u m o t
ɡumɸa	ɡ u m pʰ ɑ
ɡeram	ɡ e ɾ ɑ m
ɡoɸa	ɡ o pʰ ɑ
ɡoe̯a	ɡ o̯ a
ɡoru	ɡ o ɹ u
ɡoɕ	ɡ o ʃ
ɡowt̪ɔmɔ	ɡ o u t̪ ɔ m
ɡɔram	ɡ ɾ ɑ m
ɡɔreɸt̪ar	ɡ ɾ e f t̪ a ɾ
̤ɡ̤ɔnta	ɡʱ ɔ n t a
̤ɡ̤ɔrɔ	ɡʱ ɔ ɾ
̤ɡ̤ɔʂa	ɡʱ ɔ ʃ a
̤ɡ̤aɽ	ɡʱ a ɽ
̤ɡ̤oŋɡa	ɡʱ o ŋ ɡ ä
̤ɡ̤oɽa	ɡʱ o ɽ a
̤ɡ̤oʂ	ɡʱ o ʃ
t͡ɕɔɽa	t ɕ ɔ ɹ a
t͡ɕɔmpa	t ɕ ɔ m p a
t͡ɕɔrbi	t ʃ o r b i
t͡ɕɔɕɔma	t ʃ ɔ ʃ m a
t͡ɕaul̪	c a u̯ l
t͡ɕakma	t͡ʃ ɐ k m ɐ
t͡ɕakri	t ɕ a k ɹ i
t͡ɕatɔɡɔ̃	t ɕ a t ɡ a
t͡ɕata	t ʃ a ʈ a
t͡ɕamɔt͡ɕɔ	t ɕ a m o t ɕ
t͡ɕamɔt͡ɕɔɽa	s a m s ɔ ɾ a
t͡ɕal̪t̪a	c a l t a
t͡ɕal̪an̪o	t ʃ a l a n o
t͡ɕiŋɽi	t͡ʃ i ŋ r i
t͡ɕitʰi	t ɕ i tʰ i
t͡ɕin̪t̪a	t ʃ i n t̪ a
t͡ɕil̪ɔmɔt͡ɕi	t ʃ i l ɔ m t ʃ i
t͡ɕud̪a	t͡ʃ u d̪ ɑ
t͡ɕumbɔn̪ɔ	t ʃ u m b ɔ n
t͡ɕuri	t͡ʃ u r i
t͡ɕurut	t͡ʃ u ɾ u ʈ̟
t͡ɕee̯ar	t͡ʃ e ä ɾ
t͡ɕee̯e	t͡ʃ e j e
t͡ɕokʰ	t ʃ o kʰ
t͡ɕʰa	t ɕʰ a
t͡ɕʰat̪rɔ	t ʃʰ a t̪ ɾ o
t͡ɕʰitɔmɔhɔl̪ɔ	t ʃʰ i ʈ m ɔ ɦ ɔ l
t͡ɕʰet͡ɕɔl̪l̪iɕ	t ɕʰ e t ɕ ɔ lː i ʃ
d͡ʑɔn̪mɔd̪in̪	d ʒ ɔ n m o d̪ i n
d͡ʑɔn̪d͡ze	d ʒ ɔ nː e
d͡ʑɔbai	d ʒ ɔ b a i
d͡ʑɔmi	d ʒ o m i
d͡ʑɔmin̪	d ʒ o m i n
d͡ʑab̤a	d ʒ a bʰ a
d͡ʑama	d ʒ a m a
d͡ʑamin̪	z a m i n
d͡ʑae̯ɡa	d ʒ a e̯ ɡ a
d͡ʑahad͡ʑ	d ʑ a ɦ a d ʑ
d͡ʑiɡan̪o	z i ɡ a n ɔ
d͡ʑin̪is̪	d ʒ i n i ʃ
d͡ʑirb̤a	z i ɾ bʱ a
d͡ʑetʰ	z ɛ t̺ʰ
d͡ʑore	d ʑ o ɹ e
d͡ʑ̤aɽɔkʰɔndɔ	d ʑʱ a ɹ ɔ kʰ ɔ n d o
d͡ʑ̤al̪	ɟʱ a l
d͡ʑ̤iŋa	ɟʱ i ŋ a
d͡ʑ̤iŋɡa	ɟʱ i ŋ ɡ a
tɔmɔtɔmɔ	t ɔ m t ɔ m
tɔl̪a	t̺ ɒ l a
tikɔtɔ	ʈ̟ i k ɔ ʈ̟
tikit	ʈ̟ i k i ʈ̟
tupi	ʈ u p i
teŋɡa	t̺ ɛ ŋ ɡ a
teha	t̺ ɛ ɦ a
td͡zaks̪i	ʈ æ k s i
tʰɔ̃ঁi	ʈʰ ã i
tʰɔ̃i	ʈʰ ã i
tʰik	tʰ i k
dɔɡɔ	d̺ ɒ ɡ
dakt̪ar	ɖ a k t̪ a ɾ
daŋɔrɔ	d a ŋ ɔ ɾ
dim	d i m
durie̯an̪	ɖ̟ u ɾ i ɑ n
deha	d̺ ɛ ɦ a
d̤eঁɽɔs̪ɔ	ɖʱ æ̃ ɽ o ʃ
t̪ɔtin̪i	t o ʈ i n i
t̪ɔɽit̪	t̪ ɔ ɽ i t̪
t̪ɔbuo	t̪ ɔ b u o
t̪ɔbe	t̪ ɔ b e
t̪ɔl̪l̪aɕi	t̪ ɔ l l a ʃ i
t̪ɔ̃ra	t̪ ã r a
t̪aoe̯a	t̪ a w a
t̪akan̪o	t̪ a k a n̪ o
t̪ama	t a m a
t̪amaɕa	t̪ ä m ä s̠ ä
t̪amuk	t̪ a m u k
t̪ara	t̪ a r a
t̪arip	t̪ ä ɾ i p
t̪ariɸ	t̪ ä ɾ i pʰ
t̪is̪i	t i ʃ i
t̪ir	t̪ ɪː ɾ
t̪uঁi	t̪ ũ i
t̪uɸan̪	t̪ u f a n
t̪urit̪	t̪ u ɾ i t̪
t̪eঁt̪ul̪	t ẽ t u l
t̪oɕɔkɔ	t̪ o ʃ o k
t̪rit͡ɕɔkrɔd͡zan̪	t̪ ɹ i t ɕ ɔ k ɹ ɔ d ʑ a n
t̪ripɔt̪rɔ	t ɾ i p ɔ tː ɾ ɔ
t̪ʰɔn̪ɔ	t̪ʰ ɒ n
t̪ʰɔn̪e	t̪ʰ ɒ n e
t̪ʰɔl̪i	t̪ʰ ɔ l i
t̪ʰan̪kun̪i	tʰ a n k u n i
t̪ʰarmɔmitar	t̪ʰ ɑ ɾ m ɔ m i ʈ̟ ɑ ɾ
t̪ʰarmomitar	t̪ʰ ɑ ɾ m o m i ʈ̟ ɑ ɾ
d̪ɔpt̪ɔrɔ	d̪ ɔ p t̪ o ɾ
d̪ɔɸɔt̪ɔrɔ	d̪ ɔ f t̪ o ɾ
d̪ɔrɔd͡ʑa	d̪ ɔ ɾ d ʒ a
d̪ɔrɔbar	d̪ ɔ r b a r
d̪ɔrie̯a	d̪ o r i j a
d̪ɔl̪an̪	d̪ ɒ l a n
d̪aoe̯ai	d̪ a o̯ a i̯
d̪akʰil̪	d̪ a kʰ i l
d̪aɽi	d a ɽ i
d̪an̪d̪an̪	d̪ a n d̪ a n
d̪al̪an̪	d̪ a l a n
d̪i̤ɡ̤i	d̪ i ɡʱ i
d̪ipɔŋkɔrɔ	d̪ i p ɔ ŋ k ɔ ɾ
d̪ipot̪ɔs̪ɔbɔ	d̪ i p o t̪ ʃ ɔ b
d̪uঃkʰɔ	d u k kʰ o
d̪uin̪d͡zai	d u i n n a i
d̪uɡi	d̪ u ɡ i
d̪upur	d̪ u p u ɾ
d̪urie̯an̪	d̪ u ɾ i ɑ n
d̪ɽiɕd͡zɔ	d̪ r i ʃː o
d̪eɕ	d̪ e ʃ
d̪ot̪ara	d̪ o t̪ a ɾ a
d̪ol̪n̪a	d o l n a
d̪bip	d̪ i p
d̪rut̪	d̪ ɾ ʊ t̪ o
d̪̤ɔn̪e	dʱ o n e
d̪̤ɔrʂɔnɔ	dʱ ɔ ɾ ʃ ɔ n
d̪̤air	d̪ʱ a i ɾ
d̪̤ari	d̪ʱ a ɾ i
d̪̤ut̪ura	d̪ʱ u t̪ u ɹ a
n̪ɔɡɔn̪ɔt̪a	n ɔ ɡ n o t̪ a
n̪ɔbɔdɔŋka	n ɔ b ɔ d ɔ ŋ k ɑ
n̪ɔb̤embɔrɔ	n ɔ bʱ e m b ɔ ɹ
n̪ɔb̤el̪	n ɔ bʱ e l
n̪ɔmɔs̪kar	n ɔ m ɔ ʃ k a r
n̪ɔmbɔrɔ	n ɔ m b o ɹ
n̪ɔrɔ	n ɔ ɹ
n̪ɔrɔmɔ	n ɔ ɾ o m
n̪aihɔl̪ɔ	n a i ɦ ɒ l
n̪at̪iɕit̪oʂnɔ	n a t̪ i ʃ i t̪ o ʃ n o
n̪appi	n ɑ p p i
n̪am	n a m
n̪amɔhin̪	n a m ɦ i n
n̪arae̯ɔnɔ	n a ɹ a e̯ n
n̪arin̪d̪a	n a ɹ i n d̪ a
n̪as̪rin̪	n a s ɹ i n
n̪ie̯as̪	n i a ʃ
n̪irɔkʂɔrɔ	n i r ɔ k kʰ ɔ r
n̪iʂid̪d̪̤ɔ	n i ʃ i d̪ːʱ o
n̪eul̪	n e u l
n̪eoe̯a	n a o̯ a
n̪emɔn̪t̪ɔn̪n̪ɔ	n e m o n t̪ o n n o
n̪ojrad͡ʑd͡zɔbad̪	n o i̯ ɹ a d ʑː ɔ b a d̪
n̪d͡zae̯	n ɛ e̯
n̪d͡zun̪ɔt̪ɔmɔ	n u n o t̪ ɔ m o
pɔtol̪	p ɔ ʈ o l
pɔd̪mɔ	p ɔ d̪ː ɔ
pe̯ɔɡɔmbɔrɔ	p ɔ e̯ ɡ ɔ m b ɔ ɾ
pɔrɔmanu	p ɔ ɹ o m a n u
pɔris̪t̪ʰit̪i	p ɔ ɾ i ʃ t̪ʰ i t̪ i
pɔren̪d̪a	p ɔ ɾ ɛ n d̪ a
pɔrbɔt̪ɔ	p ɔ r b ɔ t
pɔl̪l̪i	p ɔ lː i
pɔɕt͡ɕimɔbɔŋɡɔ	p ɔ ʃ t ɕ i m b ɔ ŋ ɡ o
pɔɕt͡ɕimbaŋl̪a	p ɔ ʃ t ɕ i m b a ŋ l a
pɔhel̪a	p ɔ ɦ e l a
pa	p a
pɔ̃t̪i	p a t̪ i
pait̪ʰɔn̪ɔ	p ɑ i t̪ʰ ɔ n
paura	p a u ɾ a
pakɔs̪t̪ʰɔl̪i	p a k ɔ s tʰ o l i
pakʰa	p a kʰ a
pakʰi	p a kʰ i
patʰan̪o	p ɑ ʈʰ ɑ n o
pat̪a	p a t a
pad̪ri	p a d̪ ɹ i
pan̪i	p ɑː n iː
pan̪u	p ɑ n u
pan̪t̪ʰɔpad̪ɔpɔ	p a n tʰ ɔ p a d ɔ p
pan̪n̪a	p a nː a
papɔkɔrmɔ	p a p o k ɔ ɹ m o
pae̯u	p ɑ e̯ u
pae̯ukam	p ɑ e̯ u k ɑ m
pae̯ukami	p ɑ e̯ u k ɑ m i
pas̪ra	p a ʃ ɔ ɾ a
pahura	p a ɦ u ɾ a
pipl̪i	p i p ɔ l i
pippɔl̪ɔ	p i pː ɔ l
pie̯an̪o	p i ɑ n o
pud͡ʑo	p u d͡ʒ o
pud̪in̪a	p u d̪ i n a
puʂtikɔrɔ	p u ʃ ʈ̟ i k ɔ ɾ
puʂpɔ	p u ʃ p ɔ
pus̪t̪ɔkɔ	p u s t ɔ k
pud͡ʑa	p u d͡ʒ ɑ
put̪ibat̪	p u t i b a t
peঁt͡ɕa	p ɛ̃ t ʃ a
pereɕan̪	p e r e ʃ a n
poe̯at̪	p ɔ a t̪
pd͡zɔ̃t͡ɕa	p ɛ̃ t ʃ a
pd͡zan̪del̪	p æ n ɖ e l
prɔt͡ɕar	p ɹ o t ɕ a ɹ
prɔs̪ɔbɔ	p ɾ o ʃ ɔ b
prɔs̪t̪ut̪	p ɾ ɔ ʃ t̪ u t̪
prat͡ɕin̪	p r ɑ c i n
prat̪	p ɹ a t̪
prem	p ɹ e m
premik	p ɾ e m i k
premika	p ɾ e m i k ɑ
pl̪id͡ʑ	p l i z
pl̪id͡ʑ	p l i z
ɸɔl̪ɔs̪a	pʰ ɔ l ʃ a
ɸae̯d̪a	f a j d̪ a
ɸarak	f a r a k
ɸal̪ɡun̪	f a l ɡ u n
ɸahad̪	f a ɦ a d̪
ɸirebar	ɸ i ɾ e b a ɾ
ɸotan̪o	f o t a n o
ɸl̪ɔpi	pʰ l ɔ p i
bɔkul̪	b o k u l
bɔɡɔl̪ɔ	b o ɡ o l
bɔŋɡɔ	b ɔ ŋ ɡ ɔ
bɔŋɡɔbid̪d͡za	b ɔ n ɡ o b i d̪ː a
bɔd͡ʑrɔ	b ɔ ɟ ɾ ɔ
bɔɽɔd̪in̪	b ɔ ɽ̟ ɔ d i n
bɔɽod̪in̪	b ɔ ɽ̟ o d i n
bɔn̪d̪̤e	b ɒ n d̪ʱ e
bɔn̪d͡za	b ɔ nː a
bɔs̪a	b ɔ ʃ a
bɔs̪u	b ɔ ʃ u
bɔs̪un̪d̪̤ɔra	b o ʃ u n d̪ʱ ɔ ɹ a
bɔ̃ɽa	b a ɹ a
baŋl̪ad̪eɕi	b a ŋ l a d̪ e ʃ i
baŋl̪ad̪eɕi	b a ŋ l a d̪ e ʃ i
bait	b a i ʈ
bait̪d͡za	b a i t̪ t̪ a
bairaɡ	b a i ɾ a ɡ
bakd͡zɔ	b a kː o
baɡ	b a ɡ
baŋal̪i	b a ŋ a l i
baŋɡal̪i	b a ŋ ɡ a l i
batpaɽ	b a t p a ɹ
bat̪t̪i	b a t̪ t̪ i
bad̪ɕahɔ	b a d̪ ʃ a ɦ
baba	b a b a
baburt͡ɕi	b a b u r t ʃ i
bari	b a ɾ i
bal̪i	b a l i
bal̪iɕ	b a l i ʃ
bahir	b a ɦ i ɾ
bit͡ɕʰan̪o	b i t ɕʰ a n o
bid͡ʑnan̪	b i ɡː æ n
bid͡ʑnapɔn̪ɔ	b i ɡ j a p ɔ n
bid̪eɕ	b i d̪ e ʃ
bid̪eɕi	b i d̪ e ʃ i
bin̪d̪u	b i n d̪ u
bibad̪	b i b ɑ d̪
biman̪ɔbɔn̪d̪ɔrɔ	b i m ɑ n b ɔ n d̪ ɔ ɾ
bie̯an̪	b i̯ a n
bie̯al̪	b i a l
birud̪d̪̤e	b i r u d̪ːʱ e
bil̪bɔ	b i lː ɔ
biɕri	b i s ɾ i
biʂe̯e	b i ʃ ɔ e
bis̪ɔrɡɔ	b i ʃ o r ɡ o
bid͡ʑɔ̤ɡ̤n̪ɔ	b i d ʑ ɔ ɡʱ n o
buɽ	b u ɾ
bud̪̤bar	b u d̪ʱ b a ɹ
bub̤ukʂa	b u bʱ u k kʰ ɑ
buɕra	b u ʃ ɹ a
bɽikʂɔ	b r i k kʰ o
bɽiɕt͡ɕik	b r i ʃ t ʃ i k
beঁha	b ɛ ɦ a
beɡun̪	b e ɡ u n
beda	b ɛ d̺ a
bedi	b e d̺ i
beproe̯a	b e p ɔ r w a
beɕi	b e ʃ i
bojঁt͡ɕi	b õ ĩ̯ c i
bojɕd͡zɔ	b o i ʃ ʃ o
bokat͡ɕod̪a	b o k ɑ t͡ʃ o d̪ ɑ
bon̪	b o n
bos̪	b o ʃ
bd͡zɔkt̪i	b æ k t̪ i
bd͡zɔs̪t̪ɔ	b ɛ s t̪ ɔ
bd͡zak	b ɛ k
bd͡za̤ɡ̤rɔ	b æ ɡʱ ɾ ɔ
bd͡zatari	b æ ʈ̟ ɑ ɾ i
bd͡zad̪̤i	b æ dʱ i
bl̪ɔɡɔ	b l ɔ ɡ
b̤ɔn̪ɔb̤ɔn̪ɔ	bʱ ɔ n bʱ ɔ n
b̤aɽaitd͡za	bʱ a ɾ a i t̺ t̺ a
b̤aɽate	bʱ a ɹ a t e
b̤arɔt̪ɔ	bʱ a ɾ ɔ t̪
b̤art̪e	bʱ a ɹ ɔ t̪ e
b̤al̪obas̪a	bʱ a l o b a ʃ a
b̤it̪	bʱ i t̪ o
b̤ie̯et̪n̪am	v i j e t̪ n a m
b̤es̪t̪a	bʱ e ʃ t̪ ɑ
mɔndɔl̪ɔ	m o n d o l
mɔt̪i	m ɔ t̪ i
mɔt̪o	m ɔ t̪ o
mɔd̪d͡zɔpan̪	m ɔ d d o p a n
mɔn̪ɔmohɔn̪ɔ	m ɔ n m ɔ ɦ ɔ n
me̯ɔd̪a	m ɔ e̯ d̪ a
mɔramas̪	m ɔ ɹ a m a ʃ
mɔl̪ɔmɔ	m ɔ l o m
mɔs̪kɔra	m ɔ ʃ k ɔ ɹ a
mɔs̪t̪iʂkɔ	m ɔ s t̪ i ʃ k o
mɔhab̤arɔt̪ɔ	m ɔ ɦ ɑ bʱ ɑ ɾ ɔ t̪
main̪ʂe	m a i n ʃ e
maɡi	m a ɡ i
matʰ	m a ʈʰ
mat̪ɽi	m ɑ t̪ ɾ i
mat̪ɽib̤aʂa	m ɑ t̪ ɾ i bʱ ɑ ʃ ɑ
mat̪rɔ	m a t̪ ɹ o
mad̪̤d͡zɔme	m a d̪ːʱ ɔ m e
man̪ʂi	m a n ʃ i
man̪u	m a n u
man̪uʂ	m a n u ʃ
mama	m a m a
mal̪d̪a	m a l d̪ a
mal̪ur	m a l u ɾ
maɕaal̪l̪ah	m a ʃ a a l l aʱ
mida	m i d̺ a
min̪s̪a	m i n ʃ a
mu	m u
mukt̪id͡zud̪d̪̤ɔ	m u k t̪ i d͡ʒ u d̪ d̪ʱ ɔ
murɡi	m u r ɡ i
murɡi	m u r ɡ i
mut̪rɔ	m u t̪ t̪ ɾ ɔ̝ˑ
mut̪rɔn̪al̪i	m u t̪ t̪ ɾ ɔ̝ n ä l iˑ
mekur	m ɛ k u ɾ
me̤ɡ̤al̪e̯ɔ	m e ɡʱ a l ɔ e̯
med͡ʑ	m e d ʑ o
med͡ʑad͡ʑ	m e d ʒ a d ʒ
met̪ʰi	m e tʰ i
mee̯e	m e e
meʂ	m e ʃ
mehur	m e ɦ u ɾ
mota	m o ʈ a
mot̪i	m o t̪ i
morɔɡɔ	m o r ɔ ɡ
mol̪l̪a	m o lː a
mowl̪	m o u̯ l
mows̪umi	m o u ʃ u m i
d͡zɔmɔd͡ʑɔ	d ʑ ɔ m o d ʑ
d͡zat͡ɕt͡ɕʰet̪ai	d ʑ a t ɕʰː e t̪ a i̯
d͡ziruɕal̪em	d͡ʒ i ɾ u ʃ a l e m
d͡zubt̪i	d ʒ u b ɔ t̪ i
d͡zul̪ɸikar	d ʑ u l f i k a ɾ
d͡zekʰan̪	d ʑ e kʰ a n
d͡zon̪i	d ʑ o n i
rid̪	r ɔ i d̪
run̪	r ɔ u n
ron̪a	r ɔ o n a
roe̯an̪a	r ɔ w a n a
rɔd͡ʑɔn̪iɡɔn̪d̪̤a	r ɔ d ʒ o n i ɡ ɔ n d̪ʱ a
rɔbar	ɹ ɔ b a ɹ
rɔbi	r o b i
rɔɕid̪	r o ʃ i d̪
rɔs̪ae̯ɔn̪ɔ	ɹ o ɹ ʃ j n
rɔs̪ui	ɾ ɔ ʃ u i
rɔs̪ui̤ɡ̤ɔrɔ	ɾ ɔ ʃ u i ɡʱ ɔ ɾ
rɔs̪ul̪	ɾ ɔ ʃ u l
raŋ	ɾ a ŋ
rai	ɾ a i
raɡ	r a ɡ
raɡi	r a ɡ i
rad͡ʑkie̯	r a d ʒ ɔ k i̯ o
rad͡ʑɔs̪t̪ʰan̪	r a d ʒ ɔ s t̪ʰ a n
ran̪n̪a	r a nː a
ramae̯ɔnɔ	ɾ ɑ m ɑ e̯ ɔ n
raʂtrɔ	ɾ a ʃ ʈ ɾ ɔ
ras̪t̪a	ɾ a s t̪ a
rikɕa	r i k ʃ ɑ
riʂtɔ	ɾ i ʃ ʈ ɔ
rumi	r u m i
roɡ	ɾ o ɡ
rod͡ʑa	ɾ o z a
l̪oe̯a	l ɔ o̯ a
l̪ɔkʂmipeঁt͡ɕa	l o kːʰ i p æ̃ c a
l̪ɔkʂmiɸɔl̪ɔ	l o kːʰ i pʰ ɔ l
l̪ɔt̪a	l ɔ t̪ a
l̪ɔbɔdɔŋka	l ɔ b ɔ d ɔ ŋ k ɑ
l̪aibreri	l a i b ɾ e ɾ i
l̪akan̪	l a k a n
l̪aɕ	l a ʃ
l̪ahan̪	l a ɦ a n
l̪uda	l u d̺ a
l̪ebu	l e b u
ɕur	ʃ ɔ u ɾ
ɕuri	ʃ ɔ u ɾ i
ɕɔkt̪ɔ	ʃ ɔ k t̪ ɔ
ɕɔŋkʰɔt͡ɕuɽ	ʃ ɔ ŋ kʰ o t ʃ u ɽ
ɕɔt̪ɔrɔkɔmɔ	ʃ ɔ t̪ ɔ ɾ ɔ k ɔ m
ɕɔt̪aŋɕɔ	ʃ ɔ t̪ ɑ ŋ ʃ ɔ
ɕe̯ɔt̪an̪	ʃ ɔ j t̪ a n
ɕɔrɔman̪o	ʃ ɔ ɹ m a n o
ɕɔrab	s h ô r a b
ɕɔrir	ʃ o ɹ i ɹ
ɕandil̪d͡zɔ	ʃ a n ɖ i lː ɔ
ɕan̪t̪ɔn̪u	ʃ ɑ n t̪ ɔ n u
ɕamie̯an̪a	ʃ a m i j a n a
ɕal̪ɔɡɔmɔ	ʃ a l ɡ ɔ m
ɕahɔt̪ad͡ʑ	ʃ a ɦ t̪ a d ʑ
ɕikar	ʃ i k a r
ɕikari	ʃ i k a r i
ɕikʂamul̪ɔkɔ	ʃ i kːʰ a m u l ɔ k
ɕikʰ	ʃ i kʰ
ɕiɡɡir	ʃ i ɡː i ɹ
ɕit̪ʰan̪	ʃ i t̪ʰ a n
ɕiriʂ	ʃ i ɾ i ʃ
ɕud̪̤u	ʃ u d̪ʱ u
ɕumar	ʃ u m ɑ ɾ
ɕuru	ʃ u r u
ɕul̪ɸa	ʃ u l pʰ a
ɕekʰa	ʃ e kʰ a
ɕojbal̪	ʃ o i̯ b a l
ɕbet̪	ʃː e t̪
ɕmɔɕan̪	ʃ o ʃ ɐ n
ɕd͡zampu	ʃ æ m p u
ɕrin̪iket̪ɔn̪ɔ	ʃ ɾ i n i k e t̪ ɔ n
ɕriɸɔl̪ɔ	s ɾ i pʰ ɔ l
ɕribɽikʂɔ	s ɾ i b ɾ i kːʰ ɔ
ɕl̪eʂma	ʃ l e ʃ ʃ ɑ̃
ɕৰd̪d̪̤a	s ɹ o d̪ d̪ʱ a
s̪ɔŋkramɔkɔ	ʃ ɔ ŋ k ɾ a m ɔ k
s̪ɔŋbad̪	ʃ ɔ ŋ b ɑ d̪
s̪ɔŋɕe̯ɔ	ʃ ɔ ŋ ʃ ɔ e̯
s̪od̪a	ʃ ɔ o̯ d̪ a
s̪ɔŋɡe	ʃ ɔ ŋ ɡ e
s̪ɔd͡ʑaru	ʃ ɔ d͡ʒ a r u
s̪ɔt̪t̪beo	ʃ ɔ t̪ː e o̯
s̪ɔt̪d͡zɔ	ʃ o tː ɔ
s̪ɔt̪d͡zɔɸɔl̪ɔ	ʃ o tː ɔ pʰ ɔ l
s̪ɔd̪ɔrɔ	ʃ ɔ d̪ o ɾ
s̪ɔd̪ɔrɔd̪ɔpt̪ɔrɔ	ʃ ɔ d̪ o ɾ d̪ ɔ f t o ɾ
s̪ɔd̪ɔrɔd̪ɔɸɔt̪ɔrɔ	ʃ ɔ d̪ o ɾ d̪ ɔ f t o ɾ
s̪ɔd̪ai	ʃ ɔ d̪ a i
s̪ɔn̪ɔd̪ɔ	ʃ ɔ n o d̪
s̪ɔpt̪ahɔ	ʃ ɔ p t̪ ɑ ɦ ɔ
s̪ɔmɔkɔ	ʃ ɒ m ɔ k
s̪ɔmɔkami	ʃ ɔ m ɔ k ɑ m i
s̪ɔmɔke	ʃ ɒ m k e
s̪ɔme̯ɔkal̪	ʃ ɔ m ɔ j k a l
s̪ɔmirɔnɔ	ʃ o m i ɾ ɔ n
s̪ɔmud̪rɔ	ʃ o m u d r o
s̪ɔmpad̪ika	ʃ ɔ m p ɑ d̪ i k ɑ
s̪ɔrɔkar	ʃ ɔ ɾ k a ɾ
s̪ɔrɔd̪ɔ	ʃ ɔ ɾ ɔ d̪
s̪ɔrɔl̪ɔ	ʃ ɔ ɾ o l
s̪ɔl̪il̪	ʃ o l i l
s̪ɔhɔkɔrmi	ʃ ɔ ɦ ɔ k ɔ ɾ m i
s̪ɔ̃i	ʃ a i̯
s̪aɡɔrɔ	ʃ a ɡ ɔ ɾ
s̪at̪ɔkʂira	ʃ a t̪ kʰ i ɹ a
s̪ad̪a	ʃ a d̪ a
s̪aban̪	ʃ a b a n
s̪abaɕ	ʃ a b a ʃ
s̪abas̪	ʃ a b a ʃ
s̪ami	s a m i
s̪ar	ʃ a ɾ
s̪ard͡ʑari	ʃ ɑ ɾ d͡ʒ ɑ ɾ i
s̪al̪am	s a l a m
s̪iŋhas̪ɔn̪ɔ	ʃ i ŋ ɦ a ʃ o n
s̪iɡaret	s i ɡ ɑ r e ʈ
s̪in̪d̪uk	ʃ i n d̪ u k
s̪il̪di	s i l ɔ d̺ i
s̪il̪eitd͡za	s i l e i t̺ t̺ a
s̪uɽɔŋɡɔ	ʃ u ɹ ɔ ŋ ɡ o
s̪un̪d̪ɔri	ʃ u n d̪ ɔ ɾ i
s̪ub̤ɔd̪rɔkɔ	ʃ u bʱ ɔ dː ɾ ɔ k
s̪ul̪t̪an̪	s u l t̪ a n
s̪ul̪t̪an̪a	s u l t̪ a n a
s̪ura	s u ɹ a
s̪eঁut̪i	ʃ ẽ u t̪ i
s̪own̪d̪ɔrd͡zɔ	ʃ o u̯ n d̪ ɔ ɹ d ʑ o
s̪kutar	ʃ k u ʈ̟ ɑ ɾ
s̪t̪ʰɔl̪ɔ	s t̪ʰ ɔ l
s̪t̪ʰan̪	s t̪ʰ a n
s̪n̪iɡd̪̤a	s n i ɡ d̪ʱ a
s̪n̪ehɔ	s n e ɦ o
s̪ɸɔtik	ʃ pʰ o ʈ i k
s̪bas̪t̪ʰd͡zɔ	ʃ a s tʰ j ɔ
s̪ɔt̪ɔ	s ɔ t̪
hit̪e	ɦ o i̯ t̪ e
huri	ɦ ɔ u ɾ i
hɔkkɔl̪ɔ	ɦ ɒ k k ɔ l
hɔɡɔl̪ɔ	ɦ ɒ ɡ ɔ l
hɔŋɡe	ɦ ɒ ŋ ɡ e
hɔt̪aɕa	ɦ ɔ t̪ ɑ ʃ ɑ
hɔn̪d̪ɔrɔ	ɦ ɔ n d̪ ɔ ɾ
hɔpt̪a	ɦ ɔ p t̪ a
hɔman̪	ɦ ɒ m a n
hɔmuk	ɦ ɔ m u k
he̯ɔran̪	ɦ ɔ e̯ ɾ a n
hɔra	ɦ ɒ ɾ a
hɔrid͡ʑɔn̪ɔ	ɦ ɔ ɾ i d͡ʒ ɔ n
hɔrit̪ki	h o ɾ i t o k i
hɔru	ɦ ɔ ɾ u
hɔrul̪a	ɦ ɔ ɾ u l a
hɔhun̪	ɦ ɔ ɦ u n
hɔ̃	h æ̃ː
hɔ̃i	ɦ a i
hɔ̃ta	ɦ a ʈ a
hɔ̃t̪ɔran̪o	ɦ a t̪ ɾ a n ɔ
hair	ɦ a i ɾ
haɡu	ɦ a ɡ u
haŋɡur	h ɐ ŋ ɡ u r
haɽi	ɦ a ɾ i
hat̪	ɦ a t̪
hat̪i	ɦ ɑ t̪ i
hap	ɦ a p
habɕi	ɦ ɑ b ʃ i
haml̪a	ɦ a m l a
haman̪d̪is̪t̪a	h a m a n d i s t a
hamuk	ɦ a m u k
hae̯en̪a	ɦ a e̯ n a
has̪a	ɦ ɑ ʃ ɑ
has̪an̪o	ɦ ɑ ʃ ɑ n o
hiɡa	ɦ i ɡ a
hitl̪ar	ɦ i ʈ̟ l ɑ ɾ
hin̪an̪	ɦ i n a n
himbahɔ	h i m b a h o
hie̯a	ɦ i̯ a
hie̯an̪	ɦ i a n
hie̯al̪	ɦ i a l
hil̪	ɦ i l
his̪ab	ɦ i ʃ a b
hutki	ɦ u t̺ k i
hud̪a	h u d ɐ
hun̪a	ɦ u n a
hun̪i	ɦ u n i
hurin̪	ɦ u ɾ ɔ i n
huru	ɦ u ɾ u
he	ɦ e
heঁd͡ʑɔ	ɦ ɛ z
heঁd͡ʑa	ɦ ɛ z a
heঁd͡ʑar	ɦ ɛ z a ɾ
hei	ɦ e i
heut̪	ɦ e u t̪
het̪ai	ɦ ɛ t̪ a i
het̪ain̪	ɦ ɛ t̪ a i n
het̪i	ɦ e t̪ i
het̪e	ɦ ɛ t̪ e
hoঁt͡ɕɔtɔ	ɦ õ t ʃ ɔ ʈ
hoe̯a	ɦ ɔ a
hoe̯ad̪	ɦ o a d̪
hol̪	ɦ o l
hd͡zɔ̃	h ɛ̃
