kəkuθaɴbuja	k a̰ k ṵ θ à ɴ pʰ ə j á
kəkɛʔsʰəkɛʔ	k ɛ ʔ sʰ ɛ ʔ
kəkɛʔθəlɪʔ	k ɛ ʔ θ ə l ɪ ʔ
kət͡ɕi	k a̰ d͡ʑ í
kət͡ɕʰɪɴ	k ə t͡ɕʰ ɪ̀ ɴ
kəsaθəma	ɡ ə s á ð ə m á
kətik	ɡ ə d ɛ́ ɡ a̰
kəti	ɡ ə d ḭ
kətɔ	ɡ ə d ɔ̰
kətʰik	k ə tʰ ḭ k a̰
kənedəါ	k a̰ n è d à
kaʔjɔɡəါ	k a ʔ j ɔ́ ɡ à
kəbilu	k a̰ b ə l ú
kaɴ	k á ɴ
kaɴt͡ɕʰe	k á ɴ d͡ʑ è
kəlaʔ	k ə l a ʔ
kələja	k ə l ə j à
kəwi	k ə w ḭ
ka	k à
kakəwɛ	k à ɡ w ɛ̀
kakəwɛsʰe	k à ɡ w ɛ̀ z é
kakəwɛje	k à ɡ w ɛ̀ j é
kazəkɛʔsətaɴ	k à z ɛ ʔ s ə t à ɴ
kaləθajɔɡəါ	k à l a̰ θ á j ɔ́ ɡ à
ka	k á
kaɡeɪʔ	k á ɡ e ɪ ʔ
kisə္s	k e ɪ ʔ s a̰
kinə္nəja	k è ɪ ɴ n ə j à
keɪɴ	k é ɪ ɴ
kimiləbed	k ḭ m ḭ l a̰ b è d a̰
kijija	k ə ɹ ḭ j à
koɛsaɬɛ	k ò j z ə l̥ ɛ̀
kojaɴt͡ɕaɴ	k ò ɹ à ɴ t͡ɕ á ɴ
kojija	k ò ɹ í j á
koʊɴ	k ò ʊ ɴ
kub	k ṵ b a̰
kumə္pəni	k ò ʊ ɴ p ə n ì
kuləθəməɡə္ɡ	k ṵ l a̰ θ a̰ m ɛ ʔ ɡ a̰
kulano	k ə l ə n o̰
kuɲi	k ù ɲ ì
kusəkɛʔjɔɡəါ	k ú z ɛ ʔ j ɔ́ ɡ à
kuto	ɡ ə d o̰
keθ	k è θ a̰
kaʊɴsɪʔwaɴjoʊɴ	k à ʊ ɴ s ɪ ʔ w ʊ̀ ɴ j ó ʊ ɴ
kɔnə္dəɲ	k ɔ̀ n d ə ɲ a̰
kaʊʔməti	k ɔ̀ m ə t ì
t͡ɕənaʊʔ	t͡ɕ ə n ɔ̀
t͡ɕaɴ	t͡ɕ à ɴ
t͡ɕaɴmaje	t͡ɕ á ɴ m à j é
t͡ɕaʔ	t͡ɕ a ʔ
t͡ɕəm	t͡ɕ ə m a̰
t͡ɕɔkɛʔpʰəjoʊɴ	t͡ɕ a ʊ ʔ pʰ ə j ò ʊ ɴ
t͡ɕʊɴtɔɛʔ	t͡ɕ ʊ̀ ɴ d ɔ̰
t͡ɕʊɴtaʊʔ	t͡ɕ ʊ̀ ɴ d ɔ̀
t͡ɕʊɴtaʊʔto	t͡ɕ ʊ̀ ɴ d ɔ̀ d o̰
t͡ɕʊɴm	t͡ɕ ʊ̀ ɴ m a̰
t͡ɕəkɛʔt͡ɕʰeni	t͡ɕ ɛ ʔ t͡ɕʰ è n ì
t͡ɕəkɛʔtujəwe	t͡ɕ ɛ ʔ t ù j w é
t͡ɕəkɛʔθʊɴpʰəju	t͡ɕ ɛ ʔ θ ʊ̀ ɴ b j ù
t͡ɕa	t͡ɕ à
t͡ɕaθəpəte	t͡ɕ à θ a̰ p a̰ d é
t͡ɕa	t͡ɕ á
t͡ɕo	t͡ɕ ó
t͡ɕi	t͡ɕ í
t͡ɕaʊɴkəle	t͡ɕ à ʊ ɴ ɡ ə l é
t͡ɕewəါ	t͡ɕ é w à
t͡ɕəwkɛʔno	t͡ɕ w ɛ ʔ n o̰
kəwɪɴ	k w ɪ́ ɴ
kʊɴkəjɪʔ	k ʊ̀ ɴ ɡ ə ɹ ɪ ʔ
kʊɴɡəjəkɛʔ	k ʊ̀ ɴ ɡ ə ɹ ɛ ʔ
kʊɴdoʊɴ	k ʊ̀ ɴ d ó ʊ ɴ
kʊɴməwှe	k ʊ́ ɴ m̥ w é
kʊɴja	k ʊ́ ɴ j à
kəwɛlʊɴ	k w ɛ̀ l ʊ̀ ɴ
kəwi	k w í
kʰənoʊɴtʰoʊʔ	kʰ ə n ò ʊ ɴ d o ʊ ʔ
kʰaʔθeɪɴ	kʰ a ʔ θ é ɪ ɴ
kʰəjəsə္səmaʔ	kʰ ə ɹ ɪ ʔ s ə m a ʔ
kʰəjɪʔjaaɴ	kʰ ə ɹ ɪ ʔ j à n
kʰəjaɪɴ	kʰ ə j à ɪ ɴ
kʰəjiθi	kʰ ə j í ð è
kʰəါ	kʰ à
kʰo	kʰ ò
kʰo	kʰ ó
kʰu	kʰ ṵ
kʰeါkɛʔ	kʰ a ʊ ʔ
kʰeါɛʔ	kʰ ɔ̀
kʰɛ	kʰ ɛ́
kʰaɴ	kʰ à ɴ
kʰaɴsa	kʰ à ɴ z á
t͡ɕʰəkɛʔ	t͡ɕʰ ɛ ʔ
t͡ɕʰɪɴmaɪɴ	t͡ɕʰ ɪ́ ɴ m à ɪ ɴ
t͡ɕʰaɴ	t͡ɕʰ á ɴ
t͡ɕʰateɪʔ	t͡ɕʰ à t e ɪ ʔ
t͡ɕʰo	t͡ɕʰ ó
t͡ɕʰoʊʔ	t͡ɕʰ o ʊ ʔ
t͡ɕʰəwe	t͡ɕʰ w é
t͡ɕʰəwaɴt͡ɕʰəwaɴ	t͡ɕʰ ʊ̀ ɴ d͡ʑ ʊ̀ ɴ
t͡ɕʰɪɴ္θekəle	t͡ɕʰ ɪ̀ ɴ ð ḛ ɡ ə l é
t͡ɕʰɪɴ္θem	t͡ɕʰ ɪ̀ ɴ ð ḛ m a̰
t͡ɕʰɔkɛʔl	t͡ɕʰ a ʊ ʔ l a̰
kʰʊɴ	kʰ ʊ̀ ɴ
kʰəwem	kʰ w é m a̰
kʰəwejupəjaɴjɔɡəါ	kʰ w é j ú b j à ɴ j ɔ́ ɡ à
ɡaɴdu	ɡ à ɴ d ú
ɡəjɪɴlaɴ	ɡ ə ɹ ɪ́ ɴ l à ɴ
ɡəjeɪʔbəjiteɪɴ	ɡ ə ɹ e ɪ ʔ b j ḭ t è ɪ ɴ
ɡuju	ɡ ṵ ɹ ṵ
ɡeါkɛʔ	ɡ a ʊ ʔ
d͡ʑamaɴ	d͡ʑ à m à ɴ
d͡ʑohɛʔtu	d͡ʑ ò h d ṵ
ɡəwe	ɡ w é
ŋəjoʊʔkaʊɴ	ŋ ə j o ʊ ʔ ɡ á ʊ ɴ
ŋəါ	ŋ à
ŋəါ့	ŋ a̰
ŋəါးt͡ɕɪɴ	ŋ á d͡ʑ ɪ́ ɴ
ŋəါးpʰaɴkʰəwkɛʔ	ŋ ə pʰ à ɴ ɡ w ɛ ʔ
ŋəwe	ŋ w è
səka	z ə ɡ á
səkanijaɴsɛ	z ə ɡ á n ɛ́ j à ɴ z ɛ́
səkapəjaɴ	z ə ɡ ə b j à ɴ
səkə္kaɴ	s ɛ ʔ k a̰ ɴ
səkɛʔsʰoʊʔ	s ɛ ʔ sʰ o ʊ ʔ
səkɛʔtɪɴba	s ɛ ʔ t ɪ̀ ɴ b à
səkɛʔjoʊɴ	s ɛ ʔ j ò ʊ ɴ
sɪɴ	s ɪ̀ ɴ
sɪɴsɪɴ	s ɪ̀ ɴ z ɪ̀ ɴ
sɪɴ္kapu	s ɪ̀ ɴ ɡ ə p ù
sɪʔ	s ɪ ʔ
sɪʔtaʔ	s ɪ ʔ t a ʔ
sɪʔθa	s ɪ ʔ θ á
si	s í
sətu	z ə t ṵ
sətudiθa	s ə t ṵ d ḭ θ à
sənɪʔ	s ə n ɪ ʔ
səpeɪɴ	s ə p è ɪ ɴ
sat͡ɕʰoʊʔ	s ə t͡ɕʰ o ʊ ʔ
sasaʊɴ	s à z à ʊ ɴ
sape	s à p è
sajɪɴ	s ə j ɪ́ ɴ
saθa	s à ð á
si	s í
sipəwaje	s í b w á j é
soʊɴtʰɔkɛʔ	s ò ʊ ɴ d a ʊ ʔ
supəါmakaʔ	s ù p ə m á k a ʔ
sɔkɛʔ	s a ʊ ʔ
saʊɴ	s à ʊ ɴ
saʊʔbəwa	s ɔ̀ b w á
sʊʔsʊʔna	s ʊ ʔ s ʊ ʔ n à
sʊɴ	s ʊ̀ ɴ
sʊɴʔɪɴ	s w á ɴ ʔ ɪ̀ ɴ
sʰəkɛʔθəwɛje	sʰ ɛ ʔ θ w ɛ̀ j é
sʰənə္d	sʰ à ɴ d a̰
sʰənə္dəpəjpəwɛ	sʰ à ɴ d a̰ p j a̰ b w ɛ́
sʰaɴ	sʰ à ɴ
sʰaʔkaʔ	sʰ a ʔ k a ʔ
sʰəjə့ɛʔle	sʰ ɛ̰ l é
sʰəja	sʰ ə j à
sʰəjataʊʔ	sʰ ə j à d ɔ̀
sʰəjawaɴ	sʰ a̰ j à w ʊ̀ ɴ
sʰələb	sʰ ə l a̰ b a̰
sʰat͡ɕəkɛʔʔu	sʰ á t͡ɕ ɛ ʔ ʔ ṵ
sʰeɪʔ	sʰ e ɪ ʔ
sʰo	sʰ ò
sʰaɪɴ	sʰ à ɪ ɴ
sʰoməji	sʰ ò m j ì
sʰu	sʰ ṵ
sʰoʊɴ	sʰ ó ʊ ɴ
sʰoʊɴpʰəjaʔ	sʰ ó ʊ ɴ pʰ j a ʔ
sʰaʊɴʔuးjaθi	sʰ á ʊ ɴ ʔ ú j à ð ì
sʰaʊʔdiʔajebəj	sʰ ɔ̀ d ì ʔ à ɹ è b j a̰
sʰekʰaɴ	sʰ é kʰ á ɴ
sʰaɴtaʊʔt͡ɕʰ	sʰ à ɴ t ɔ̀ t͡ɕʰ a̰
sʰaɴpɪɴ	z ə b ɪ̀ ɴ
sʰəwɪʔzalaɴ	sʰ w ɪ ʔ z ə l à ɴ
zaɴnəwəါji	z à ɴ n ə w à ɹ ì
zəjaʔ	z ə j a ʔ
zati	z à t ḭ
zaaʔɲəwှaɴ	z à t ɲ̊ ʊ́ ɴ
zulaɪɴ	z ù l à ɪ ɴ
zʊɴ	z ʊ̀ ɴ
ɲanɛʔ	ɲ à n
ɲəne	ɲ a̰ n è
ɲənekʰɪɴ	ɲ a̰ n è ɡ ɪ́ ɴ
ɲiməjှt͡ɕʰɪɴ	ɲ ì m̥ j a̰ d͡ʑ ɪ́ ɴ
ɲilakʰaɴ	ɲ ì l à ɡ à ɴ
təkɛ	d ə ɡ ɛ̀
təkə္kəθolɛʔ	t ɛ ʔ k ə θ ò
tət͡ɕʰo	t ə t͡ɕʰ o̰
tət͡ɕʰa	t ə t͡ɕʰ á
tɪɴpəါ့buja	t ɪ̀ ɴ b a̰ pʰ ə j á
təsʰe	t ə sʰ é
tisʰɔkɛʔ	t ì sʰ a ʊ ʔ
ti	tʰ ɛ́
tətij	t a̰ t ḭ j a̰
tənɪɴ္ɡənəwe	t ə n ɪ̀ ɴ ɡ ə n w è
tənɪɴ္la	t ə n ɪ́ ɴ l à
taɴkʰu	d ə ɡ ú
taɴzenija	t à ɴ z é n í j á
taʔt͡ɕaʔ	t a ʔ t͡ɕ a ʔ
taʔmətaʊʔ	t a ʔ m ə d ɔ̀
təjajoʊɴ	t ə j á j ó ʊ ɴ
təjoʊʔ	t ə j o ʊ ʔ
təjoʊʔnaɴnaɴ	t a̰ j o ʊ ʔ n à ɴ n à ɴ
tat͡ɕʰileɪʔ	t à t͡ɕʰ ì l e ɪ ʔ
taja	t à j à
tokɛʔpəwɛ	t a ɪ ʔ p w ɛ́
tot͡ɕo	t ò t͡ɕ ò
taɪɴpɪɴ	t à ɪ ɴ b ɪ̀ ɴ
taɪɴjɪɴθa	t á ɪ ɴ j ɪ́ ɴ ð á
toʃe	t ò ʃ è
to	d o̰
totəkɛʔ	t ó t ɛ ʔ
totəkɛʔt͡ɕʰɪɴ	t ó t ɛ ʔ d͡ʑ ɪ̀ ɴ
tuniʃa	t ù n í ʃ á
tezɔ	t è z ɔ́
taʊɴ	t à ʊ ɴ
taʊɴkojija	t à ʊ ɴ k ò ɹ í j á
taʊɴʔapʰəjik	t à ʊ ɴ ʔ à pʰ ə ɹ ḭ k a̰
tɔmaɴt͡ɕi	t ɔ́ m ə d͡ʑ í
tɔθa	t ɔ́ ð á
taʊʔlew	t ɔ̀ l é w a̰
taʊʔɬaɴje	t ɔ̀ l̥ à ɴ j é
tɛ	t ɛ́
tɛ	d ɛ̰
taɴkʰʊɴtaɪɴ	d ə ɡ ʊ̀ ɴ d à ɪ ɴ
taɴsʰeɪʔ	d ə z e ɪ ʔ
təwɪɴ	t w ɪ̀ ɴ
tʰəkɛʔ	tʰ ɛ ʔ
tʰi	tʰ ɛ̀
tʰaʔ	tʰ a ʔ
tʰəmɪɴt͡ɕʰɪɴ	tʰ ə m ɪ́ ɴ d͡ʑ ɪ̀ ɴ
tʰawəj	tʰ à w ə j a̰
tʰawəjəʔusə္sa	tʰ à w ə j a̰ ʔ o ʊ ʔ s à
tʰa	tʰ á
tʰi	tʰ ḭ
tʰeɪɴməja	tʰ é ɪ ɴ m j á
tʰo	tʰ ò
tʰaɪɴwaɴ	tʰ à ɪ ɴ w à ɴ
tʰaɪɴ	tʰ á ɪ ɴ
tʰipʰəju	tʰ í b j ù
tʰoʊʔloʊʔ	tʰ o ʊ ʔ l o ʊ ʔ
tʰoʊʔweθu	tʰ o ʊ ʔ w è ð ù
tʰejəwəါd	tʰ è j a̰ w à d a̰
tʰaʊɴ	tʰ à ʊ ɴ
tʰɛ	tʰ ɛ́
dənə္daji	d à n d à j ì
dənɛʔŋəwe	d à n ŋ w è
daɴθəlʊɴ	d a̰ ɴ ð ə l ʊ̀ ɴ
daɴ	d á ɴ
dəθəm	d a̰ θ ə m a̰
dəါ	d à
dəါpemɛ	d à b è m ɛ̰
deɪɴmaʔ	d é ɪ ɴ m a ʔ
daɪɴnosʰɔ	d à ɪ ɴ n ò sʰ ɔ́
di	d ì
dizɪɴba	d ì z ɪ̀ ɴ b à
dine	d ì n ḛ
dipɪɴ္kəjabuja	d ì p ɪ̀ ɴ k ə ɹ à pʰ ə j á
dimokəjesi	d ì m ò k ə ɹ è s ì
dim̥a	d ì m̥ à
dukə္kʰəθi	d o ʊ ʔ kʰ a̰ ð è
dutij	d ṵ t ḭ j a̰
deါkɛʔta	d a ʊ ʔ t à
deါɛʔ	d ɔ̀
deါɛʔla	d ɔ̀ l à
dəwi	d w ḭ
daaʔŋəwe	d a ʔ ŋ w ḛ
daaʔsʰi	d a ʔ sʰ ì
daaʔsʰisʰaɪɴ	d a ʔ sʰ ì z à ɪ ɴ
nəkɛʔ	n ɛ ʔ
nini	n ɛ́ n ɛ́
nipəɲa	n í p j ɪ̀ ɴ ɲ à
naʔtaʊʔ	n ə d ɔ̀
nəmibija	n a̰ m í b í j á
nəmuna	n ə m ù n à
naɴ	n á ɴ
nəjuzilaɴ	n ə j ú z ì l à ɴ
nəjujɔkɛʔ	n ə j ú j a ʊ ʔ
nɛsaʔ	n ɛ̀ z a ʔ
nazi	n à z ì
nanaʔθi	n à n a ʔ θ í
namət͡ɕaɴ	n à m ə t͡ɕ á ɴ
naaɴ	n à ɴ
naaɴsa	n à m z á
naji	n à j ì
natʰaʊɴ	n á tʰ à ʊ ɴ
niɡə္ɡəhit	n e ɪ ʔ ɡ ə h ḭ t a̰
naɪɴd͡ʑijija	n à ɪ ɴ d͡ʑ í ɹ í j á
naɪɴŋaɴ	n à ɪ ɴ ŋ à ɴ
naɪɴŋaɴtaʊʔ	n à ɪ ɴ ŋ à ɴ d ɔ̀
naɪɴŋaɴje	n à ɪ ɴ ŋ à ɴ j é
naɪɴŋaɴθa	n à ɪ ɴ ŋ à ɴ ð á
nowɪɴba	n ò w ɪ̀ ɴ b à
ne	n è
nesət͡ɕəwəla	n è s ɛ ʔ t͡ɕ à w ə l à
nepəjitaʊʔ	n è p j ì d ɔ̀
neja	n è j à
nɔkɛʔ	n a ʊ ʔ
nɔkɛʔsʰəkɛʔ	n a ʊ ʔ sʰ ɛ ʔ
nɔkɛʔpəji	n a ʊ ʔ p í
naʊʔjətʰa	n ɔ̀ j ə tʰ à
ne	n ḛ
neli	n ḛ l ɛ̀
nelɛ	n ḛ l ɛ̀
nɛ	n ɛ̰
naɴnəkɛʔ	n à ɴ n ɛ ʔ
n̥ɪʔsɪɴ	n̥ ɪ ʔ z ɪ̀ ɴ
n̥ɪʔsʰaɴtɪʔjəkɛʔne	n̥ ɪ ʔ sʰ á ɴ t ə j ɛ ʔ n ḛ
pəkʰukə္ku	p ə kʰ ù k k ù
pɪɴlɛ	p ɪ̀ ɴ l ɛ̀
pəɲa	p j ɪ̀ ɴ ɲ à
pəɲaje	p j ɪ̀ ɴ ɲ à j é
pətiziwəsʰe	p ə d ḭ z ì w a̰ sʰ é
pənə္dit	p à n d ḭ t a̰
pətə္təməja	b ə d ə m j á
pətʰəm	p a̰ tʰ a̰ m a̰
pədeθapɪɴ	b ə d è ð à b ɪ̀ ɴ
paɴt͡ɕʰi	b ə d͡ʑ ì
paɴt͡ɕʰaɴ	p á ɴ d͡ʑ à ɴ
paɴtɔ	p á ɴ d ɔ̰
paɴθekʰeါkɛʔsʰəwɛ	p á ɴ θ é kʰ a ʊ ʔ sʰ w ɛ́
pəjəhit	p ə ɹ a̰ h ḭ t a̰
pəjikə္kʰəja	p ə ɹ e ɪ ʔ kʰ ə j à
pəlaʊɴ	p ə l à ʊ ɴ
pəθəjှu	p ə ʃ ú
pəါ	p à
pəါkəsə္sətaɴ	p à k ɪ ʔ s ə t à ɴ
pəါti	p à t ì
pəါləkɛʔsətaɪɴ	p à l ɛ ʔ s ə t á ɪ ɴ
pəါးsaʔ	p ə z a ʔ
pitəkaʔ	b ḭ t ə ɡ a ʔ
paɪɴʃɪɴ	p à ɪ ɴ ʃ ɪ̀ ɴ
paɪɴ	p á ɪ ɴ
puɡə္ɡolɛʔ	p o ʊ ʔ ɡ ò
pujəwkɛʔsʰeɪʔ	p ə j w ɛ ʔ sʰ e ɪ ʔ
pulɛ	p ə l ɛ́
puθeɪɴ	p ə θ è ɪ ɴ
poʊɴ	p ó ʊ ɴ
peါɪɴ	p à ʊ ɴ
pəjɔ	p j ɔ̰
pəjɪɴpəjɪɴ	p j ɪ̀ ɴ b j ɪ̀ ɴ
pəjɪɴθɪʔ	p j ɪ̀ ɴ θ ɪ ʔ
pəji	p j ì
pəjitəwɪɴ	p j ì d w ɪ́ ɴ
pəjitʰaʊɴsu	p j ì d à ʊ ɴ z ṵ
pəjinɛ	p j ì n ɛ̀
pəjiθu့sʰaɪɴ	p j ì ð ṵ sʰ à ɪ ɴ
pəjiθu့ləwှaʔtaʊʔ	p j ì ð ṵ l̥ ʊ ʔ t ɔ̀
pəjaɴt͡ɕa	p j à ɴ t͡ɕ á
pəjaɴt͡ɕaje	p j à ɴ t͡ɕ á j é
pəjitə္ta	p j e ɪ ʔ t à
pəjaɪɴpəwɛ	p j à ɪ ɴ b w é
pəji	p í
pəju	p j ṵ
pəjupəjɪɴ	p j ṵ b j ɪ̀ ɴ
pəjဿna	p j a ʔ θ ə n à
pəwaɪɴ	p w a̰ ɪ ɴ
pəwɛ	p w ɛ́
pʰənʊɴpʰɪɴ	pʰ ə n ʊ̀ ɴ pʰ ɪ̀ ɴ
pʰilɪʔpaɪɴ	pʰ ḭ l ɪ ʔ p à ɪ ɴ
pʰo	pʰ o̰
pʰid͡ʑi	pʰ ì d͡ʑ ì
pʰoʊʔ	pʰ o ʊ ʔ
pʰoʊɴsoʊʔsəkɛʔ	pʰ ò ʊ ɴ s o ʊ ʔ s ɛ ʔ
pʰoʊɴnaɴpəါaʔ	pʰ ó ʊ ɴ n à ɴ b a ʔ
pʰepʰaʊʔwəါji	pʰ è pʰ ɔ̀ w à ɹ ì
pʰaʊʔ	pʰ ɔ̀
pʰəje	pʰ j è
pʰəjaʊɴ	pʰ j a̰ ʊ ɴ
pʰəwɛsipoʊɴ	pʰ w ɛ̰ z í b ò ʊ ɴ
pʰəwɛsipoʊɴʔət͡ɕʰekʰaɴʔupəde	pʰ w ɛ̰ z í b ò ʊ ɴ ʔ ə t͡ɕʰ è ɡ à ɴ ʔ ṵ b ə d è
bələw	b ə l ə w a̰
bəho	b ə h ò
binə္du	b è ɪ ɴ d ṵ
baɪɴjaʔɪʔ	b á ɪ ɴ ɹ a ʔ s
bolɛʔt͡ɕʰoʊʔt͡ɕi	b ò d͡ʑ o ʊ ʔ d͡ʑ í
bolɛʔt͡ɕʰoʊʔm̥ut͡ɕi	b ò d͡ʑ o ʊ ʔ m̥ ú d͡ʑ í
bolɛʔm̥ut͡ɕʰoʊʔ	b ò m̥ ú d͡ʑ o ʊ ʔ
biz	b ì z a̰
bidijo	b ì d ì j ò
bijəkɛʔnaɴ	b ì j ɛ ʔ n à ɴ
budə္dəhu	b o ʊ ʔ d a̰ h ú
boʊɴ	b ó ʊ ɴ
bəjhə္məsojɛʔtəja	b j ə m ə z ò j t ə j á
bəjitiθəjှ	b ə ɹ ḭ t ḭ ʃ a̰
bəkɛʔ	b ɛ ʔ
bənə္da	b à n d à
bənə္daje	b à n d à j é
bədə္dənə္t	b a ʔ d à ɴ t a̰
baɴkɔkɛʔ	b à ɴ k a ʊ ʔ
bəja	b ə j à
bɛtɔ	b ɛ̀ d ɔ̰
bɛlo	b ɛ̀ l ò
bɛlɔkɛʔ	b ɛ̀ l a ʊ ʔ
bəjəni	b a̰ j ə n ì
bəlɔkɛʔ	b a̰ l a ʊ ʔ
bəw	b a̰ w a̰
ba	b à
baθapəjaɴ	b à ð à p j à ɴ
bikə္kʰuni	b ì k kʰ ṵ n ì
biʃəkəkɛʔ	b ì ʃ ə k ɛ ʔ
boʊɴt͡ɕit͡ɕaʊɴ	pʰ ó ʊ ɴ d͡ʑ í t͡ɕ á ʊ ɴ
boʊɴtaʊʔt͡ɕibuja	pʰ ó ʊ ɴ d ɔ̀ d͡ʑ í pʰ ə j á
bujɪɴm	b a̰ j ɪ̀ ɴ m a̰
buja	pʰ ə j á
bujat͡ɕaʊɴ	pʰ ə j á d͡ʑ á ʊ ɴ
bumijupəbed	b ù m ḭ j ù p a̰ b è d a̰
bɔɡəbed	b ɔ́ ɡ a̰ t a̰ b è d a̰
bɔsʰəwana	b ɔ̰ sʰ w à n à
baʊʔdəါt͡ɕe	b ɔ̀ d à t͡ɕ é
bɛ	b ɛ́
məkotɛʔ	m ə ɡ a ɪ ʔ
məkut	m ə k ṵ t a̰
məkə္kəsʰiko	m ɛ ʔ k ə sʰ ì k ò
mɪɴ	m̥ ɪ̀ ɴ
mɪɴməjɔkɛʔtaɴsʰa	m ɪ́ ɴ m j a ʊ ʔ d ə z à
mɪɴθəmi	m ɪ́ ɴ ð ə m í
mɪɴ္ɡəla	m ɪ̀ ɴ ɡ ə l à
maʔ	m a ʔ
maʔmaʔ	m a ʔ m a ʔ
mənəkɛʔ	m ə n ɛ ʔ
mənəkɛʔpʰəjaɴ	m ə n ɛ ʔ pʰ j à ɴ
mənek	m ə n ḛ ɡ a̰
mənə္təle	m à ɴ d ə l é
mɛ	m ɛ̀
məjaɴ	m ə j á ɴ
məleʃa	m ə l é ʃ á
məhapinə္nɛ	m ə h à p è ɪ ɴ n ɛ́
məhawɪɴ	m ə h à w ɪ̀ ɴ
məʔelo	m ə ʔ è l ó
manama	m à n à m à
mikʰɪɴ	m ḭ ɡ ɪ̀ ɴ
minɪʔ	m ḭ n ɪ ʔ
mipʰuja	m ḭ b ə j á
mib	m ḭ b a̰
miθasu	m ḭ ð á z ṵ
monako	m ò n à k ò
mo	m ó
mokʰeါɛʔ	m ó kʰ ɔ̀
mita	m ì t à
mi	m í
miθi	m í θ í
miθəwe	m í ð w é
mutə္tʰəm	m o ʊ ʔ t ə m a̰
moʊɴkʊɴja	m o̰ ʊ ɴ k ʊ́ ɴ j à
moʊɴɲəkɛʔ	m o̰ ʊ ɴ ɲ ɛ ʔ
moʊɴloʊɴjepeါɛʔ	m o̰ ʊ ɴ l ó ʊ ɴ j è b ɔ̀
moʊɴɲɪɴsʰi	m ò ʊ ɴ ɲ ɪ́ ɴ sʰ ì
moʊɴlaʔuni	m ò ʊ ɴ l à ʔ ṵ n ì
moʊɴlaʔuwəါ	m ò ʊ ɴ l à ʔ ṵ w à
moʊɴ	m ò ʊ ɴ
mu	m ú
meɡaləj	m è ɡ à l ə j a̰
metə္ta	m j ɪ ʔ t à
maʊɴ	m à ʊ ɴ
maʊʔtaʊʔ	m ɔ̀ t ɔ̀
me	m é
mɛ	m ɛ́
mɛsʰənə္dənɛ	m ɛ́ sʰ à ɴ d a̰ n ɛ̀
məjkɛʔn̥a	m j ɛ ʔ n̥ à
məjkɛʔn̥apʰoʊɴ	m j ɛ ʔ n̥ ə pʰ ó ʊ ɴ
məja	m j á
məjaməja	m j á m j á
məjoseɪʔ	m j ó z e ɪ ʔ
məjှo	m̥ j o̰
məjɪɴ	m j ɪ́ ɴ
məjɪʔ	m j ɪ ʔ
məjwəti	m j a̰ w ə d ì
məjeɪʔ	b e ɪ ʔ
məjotaʊʔ	m j o̰ d ɔ̀
məjotaʊʔwaɴ	m j o̰ d ɔ̀ w ʊ̀ ɴ
məjonɛ	m j o̰ n ɛ̀
məjepəjɪɴ	m j è b j ɪ̀ ɴ
məjeʔɔkɛʔ	m j è ʔ a ʊ ʔ
məjɔkɛʔ	m j a ʊ ʔ
məjɔkɛʔkojija	m j a ʊ ʔ k ò ɹ í j á
məjem	m j é m a̰
mʊʔsəlɪɴ	m ʊ ʔ s ə l ɪ̀ ɴ
mʊɴ	m ʊ̀ ɴ
m̥	m̥ a̰
m̥aʔ	m̥ a ʔ
m̥aʔsusaʔoʊʔ	m̥ a ʔ s ṵ s à ʔ o ʊ ʔ
m̥aɴtɔ	m̥ à ɴ d ɔ̰
m̥a	m̥ à
jɪɴt͡ɕem̥u	j ɪ̀ ɴ t͡ɕ é m̥ ṵ
jətəja	j ə d ə j à
jaɪɴ	j ɪ̀ ɴ
jo	j ò
jimɪɴ	j ì m ɪ̀ ɴ
joʊɴt͡ɕi	j ò ʊ ɴ t͡ɕ ì
jukəjeɪɴ	j ù k ə ɹ é ɪ ɴ
junijaɴ	j ù n ì j à ɴ
jejebaɴ	j è ɹ è b à ɴ
jɔkə္kʰəm	j a ʊ ʔ kʰ ə m a̰
jɔkɛʔ	j a ʊ ʔ
jɔkɛʔja	j a ʊ ʔ t͡ɕ á
jəkɛʔθətə္təpaʔ	j ɛ ʔ θ a ʔ d ə b a ʔ
jəkʰaɪɴ	j ə kʰ à ɪ ɴ
jɪɴbaʔ	j ɪ̀ ɴ b a ʔ
jətənapuj	j ɛ̀ d ə n à p ù ɹ a̰
jətu	j a̰ t ṵ
jətʰa	j ə tʰ á
jaɴkoʊɴ	j à ɴ ɡ ò ʊ ɴ
jəpəါtɛ	j a̰ b à d ɛ̀
jaʔ	j a ʔ
jaʔkəwkɛʔ	j a ʔ k w ɛ ʔ
jɛ	j ì
ja	j à
jakʰaɪɴn̥oʊɴ	j à kʰ à ɪ ɴ n̥ ó ʊ ɴ
jaɡ	j à ɡ a̰
jikə္kʰa	j e ɪ ʔ kʰ à
jokɛʔ	j a ɪ ʔ
johɪɴd͡ʑa	ɹ ò h ɪ̀ ɴ d͡ʑ à
jukə္kʰəbed	j o ʊ ʔ kʰ a̰ b è d a̰
joʊʔpoʊɴ	j o ʊ ʔ p ò ʊ ɴ
joʊʔʃɪɴ	j o ʊ ʔ ʃ ɪ̀ ɴ
joʊʔθe	j o ʊ ʔ θ é
juʃa	ɹ ṵ ʃ á
jeŋaʔtɛ	j è ŋ a ʔ t ɛ̀
jepaɴ	j è b á ɴ
jɔɡəါ	j ɔ́ ɡ à
je	j é
jɛbaʊʔ	j ɛ́ b ɔ̀
jɛjɛ	j ɛ́ j ɛ́
jɛ	j ɛ̰
jəwa	j w à
jəwekɔkɛʔpəwɛ	j w é k a ʊ ʔ p w ɛ́
jəwှe	ʃ w è
jəwှet͡ɕʰitʰo	ʃ w è d͡ʑ ì d ó
jəwှetokɛʔ	ʃ w è d a ɪ ʔ
jəwှepʰəjoʊɴθi	ʃ w è pʰ ə j ò ʊ ɴ ð í
ʃɪɴto	ʃ ɪ̀ ɴ d o̰
ʃaɴ	ʃ á ɴ
ʃa	ʃ á
ʃi	ʃ ḭ
ʃene	ʃ ḛ n è
ʃe	ʃ é
ləkə္kʰəna	l ɛ ʔ kʰ ə n à
ləkɛʔ	l ɛ ʔ
ləkɛʔnəkɛʔ	l ɛ ʔ n ɛ ʔ
ləkɛʔm̥aʔ	l ɛ ʔ m̥ a ʔ
ləkɛʔwəါး	l ɛ ʔ w á
ləkɛʔθikəwɪɴ	l ɛ ʔ θ é ɡ w ɪ́ ɴ
ləŋɛ	l a̰ ŋ ɛ̀
lɪʔθujenija	l ɪ ʔ θ ù j é n í j á
ləsʰaɴ	l a̰ z á ɴ
ləpəji	l a̰ p j ḛ
laɴləjှɔkɛʔ	l á ɴ ʃ a ʊ ʔ
lɛθəma	l ɛ̀ ð ə m á
laʔo	l à ʔ ò
liɪɴ	l è ɪ ɴ
lo	l ò
lonɛʔkʰeါɪɴ	l̥ à ɪ ɴ ɡ á ʊ ɴ
lo	l o̰
lita	l ì t à
loʊʔŋaɴ	l o ʊ ʔ ŋ á ɴ
loʊɴt͡ɕʰi	l ò ʊ ɴ d͡ʑ ì
loʊɴt͡ɕʰoʊɴje	l ò ʊ ɴ d͡ʑ ò ʊ ɴ j é
loʊɴ	l ó ʊ ɴ
lu	l ù
luŋɛ	l ù ŋ ɛ̀
luʔuးje	l ù ʔ ú j è
lesʰeɪʔ	l è z e ɪ ʔ
lɔkənaʔ	l ɔ́ k a̰ n a ʔ
laʊɴ	l á ʊ ɴ
lela	l ḛ l à
le	l é
letʰaʊɴ	l é d a̰ ʊ ɴ
lɛ	l ɛ́
ləjှaʔsɪʔdaaʔ	l̥ j a ʔ s ɪ ʔ d a ʔ
lʊʔlaʔ	l ʊ ʔ l a ʔ
lʊʔlaʔkʰəwɪɴ	l ʊ ʔ l a ʔ kʰ w ɪ̰ ɴ
ləwှaʔtaʊʔ	l̥ ʊ ʔ t ɔ̀
ɬəp	l̥ a̰ p a̰
ɬoʊʔʃa	l̥ o ʊ ʔ ʃ á
wəkɛʔt͡ɕʰaɴ	w ɛ ʔ t͡ɕʰ à ɴ
wɪɴjo	w ɪ̀ ɴ j ó
wɪʔʃɪɴnəji	w ɪ ʔ ʃ ɪ̀ ɴ n ə ɹ ì
waɴt͡ɕi	w ʊ̀ ɴ d͡ʑ í
waɴt͡ɕit͡ɕʰoʊʔ	w ʊ̀ ɴ d͡ʑ í d͡ʑ o ʊ ʔ
waɴt͡ɕitʰan	w ʊ̀ ɴ d͡ʑ í tʰ à n a̰
waɴ	w ʊ́ ɴ
waɴsʰəkɛʔ	w ʊ́ ɴ sʰ ɛ ʔ
waɴtəpʰo	w ʊ́ ɴ d a̰ pʰ ó
waɴθa	w ʊ́ ɴ θ à
wəါʃɪɴtaɴ	w à ʃ ɪ̀ ɴ t à ɴ
weɪʔ	w e ɪ ʔ
wipəဿna	w ḭ p a ʔ θ ə n à
wisəki	w ì s ə k ì
we	w é
weဿ	w ɪ ʔ θ a̰
ʍese	ʍ é z ḭ
θəkunəbed	θ a̰ k ṵ n a̰ b è d a̰
θəkə္kəjazɛʔ	θ ɛ ʔ k ə ɹ ɪ ʔ
θəkɛʔsʰaɪɴ	θ ɛ ʔ sʰ à ɪ ɴ
θəkɛʔθa	θ ɛ ʔ θ à
θəkɛʔθe	θ ɛ ʔ θ è
θɪɴ	θ ɪ̀ ɴ
θɪɴt͡ɕa	θ ɪ̀ ɴ t͡ɕ á
θɪɴpaɴ	θ ɪ̀ ɴ b á ɴ
θɪɴ္t͡ɕaɴ	θ ɪ́ ɴ d͡ʑ à ɴ
θi	θ è
θətɪɴ	ð a̰ d ɪ́ ɴ
θətɪɴsa	ð ə d ɪ́ ɴ z à
θətɪɴsasʰəja	ð ə d ɪ́ ɴ z à sʰ ə j à
θətoθəmi	ð ə d o̰ θ ə m í
θətə္təwəါ	θ a ʔ t ə w à
θənə္de	θ à ɴ d è
θaɴləjɪɴ	θ à ɴ l ə j ɪ́ ɴ
θaɴ	θ á ɴ
θəbɔtu	ð ə b ɔ́ t ù
θəməɡə္ɡ	θ a̰ m ɛ ʔ ɡ a̰
θəmɪɴm	θ ə m ɪ̀ ɴ m a̰
θəməwəါjəm	θ ə m a̰ w à j ə m a̰
θəmaɪɴ	θ ə m á ɪ ɴ
θəmi	θ ə m í
θəmə္mət	θ ə m ə d a̰
θəmə္mətənaɪɴŋaɴ	θ ə m ə d a̰ n à ɪ ɴ ŋ à ɴ
θɛ	θ ɛ̀
θəjəkɛʔ	θ ə j ɛ ʔ
θəjoʊʔ	θ ə j o ʊ ʔ
θəjoʊʔsʰaʊɴ	θ ə j o ʊ ʔ sʰ à ʊ ɴ
θadu	θ à d ṵ
θaθəna	θ à ð ə n à
θa	θ á
θaʔeɪɴkʰeါɪɴ	θ ə ʔ è ɪ ɴ ɡ á ʊ ɴ
θeɪɴ	θ é ɪ ɴ
θipə္paɴ	θ e ɪ ʔ p à ɴ
θeɪʔ	θ e ɪ ʔ
θiʃi	θ ḭ ʃ ḭ
θojatəwɪɴ	ð o̰ j à d w ɪ̀ ɴ
θoθaʊʔ	ð o̰ ð ɔ̀
θuzatəbuja	θ ṵ z à t a̰ pʰ ə j á
θuteθən	θ ṵ t è θ ə n a̰
θudəmə္məpuj	θ ṵ d ə m a̰ p ù ɹ a̰
θoʊɴ	θ ó ʊ ɴ
θu	θ ù
θukaʊɴməjှɔkɛʔ	θ ù ɡ á ʊ ɴ m̥ j a ʊ ʔ
θuseɪɴtɪʔjaɴsʰaɴ	ð ə z é ɪ ɴ t ə j à ɴ z à ɴ
θuto	θ ù d o̰
θupəjɔŋəါpəjɔ	θ ù p j ɔ́ ŋ à p j ɔ́
θujaʊɴmɛ	θ ù j à ʊ ɴ m ɛ̀
θujɪɴŋ̥a	θ ə j ɪ́ ɴ ŋ̊ á
θujijəmaθ	θ ù ɹ ḭ j a̰ m à θ a̰
θujɛt͡ɕi	θ ù j ɛ́ d͡ʑ í
θɔ	θ ɔ́
θaʊɴ	θ á ʊ ɴ
θaɴ	θ à ɴ
θaɴt͡ɕʊʔ	θ à ɴ d͡ʑ ʊ ʔ
θaɴɡa	θ à ɴ ɡ à
θaɴtəmaɴ	θ à ɴ t ə m à ɴ
θaɴlokɛʔ	θ à ɴ l a ɪ ʔ
θaɴθəj	θ à ɴ θ ə j a̰
θəweʔoʊʔsu	θ w é ʔ o ʊ ʔ s ṵ
hotɛ	h ò t ɛ̀
hi	h ì
hoʊʔkɛ	h o ʊ ʔ k ɛ̰
haʊɴ	h á ʊ ɴ
ʔəkaɪɴ	ʔ ə k á ɪ ɴ
ʔəkaʊɴ	ʔ ə k a̰ ʊ ɴ
ʔət͡ɕo	ʔ ə t͡ɕ ó
ʔət͡ɕaɴpʰəkɛʔθəma	ʔ ə t͡ɕ á ɴ pʰ ɛ ʔ θ ə m á
ʔət͡ɕaʊɴ	ʔ ə t͡ɕ á ʊ ɴ
ʔəkəw	ʔ ə k w a̰
ʔəkəwaʔəwe	ʔ ə k w à ʔ ə w é
ʔəkʰəmɛ	ʔ ə kʰ a̰ m ɛ̰
ʔəkʰəါtɪʔpəါး	ʔ ə kʰ à d ə b á
ʔət͡ɕʰəkɛʔ	ʔ ə t͡ɕʰ ɛ ʔ
ʔət͡ɕʰɪɴ	ʔ ə t͡ɕʰ ɪ́ ɴ
ʔət͡ɕʰɪʔ	ʔ ə t͡ɕʰ ɪ ʔ
ʔət͡ɕʰeɪʔ	ʔ ə t͡ɕʰ e ɪ ʔ
ʔət͡ɕʰeɪɴ	ʔ ə t͡ɕʰ è ɪ ɴ
ʔət͡ɕʰo	ʔ ə t͡ɕʰ ó
ʔət͡ɕʰoʊʔʔət͡ɕʰaʔana	ʔ ə t͡ɕʰ o ʊ ʔ ʔ ə t͡ɕʰ à ʔ à n à
ʔət͡ɕʰa	ʔ ə t͡ɕʰ á
ʔət͡ɕʰe	ʔ ə t͡ɕʰ è
ʔəkʰəwɪɴʔəje	ʔ ə kʰ w ɪ̰ ɴ ʔ ə j é
ʔɪɴd͡ʑɪɴnija	ʔ ɪ̀ ɴ d͡ʑ ɪ̀ ɴ n ì j à
ʔɪɴtanəkɛʔ	ʔ ɪ̀ ɴ t à n ɛ ʔ
ʔɪɴtabəju	ʔ ɪ̀ ɴ t ə b j ú
ʔɪɴdoniʃa	ʔ ɪ̀ ɴ d ò n í ʃ á
ʔɪɴ္ɡəte	ʔ ɪ̀ ɴ ɡ ə d è
ʔɪɴ္ɡəlaɴ	ʔ ɪ̀ ɴ ɡ ə l à ɴ
ʔɪɴ္ɡəleɪʔ	ʔ ɪ̀ ɴ ɡ ə l e ɪ ʔ
ʔɪɴ္ɡəါ	ʔ ɪ̀ ɴ ɡ à
ʔəs	ʔ ə s a̰
ʔəsiʔəwe	ʔ ə s í ʔ ə w é
ʔəsa	ʔ ə s á
ʔəsoj	ʔ ə s ó j a̰
ʔəsiʔəsɪɴ	ʔ ə s ì ʔ ə s ɪ̀ ɴ
ʔəsoʊɴʔəsoʊɴ	ʔ ə s ò ʊ ɴ ʔ ə s ò ʊ ɴ
ʔəse	ʔ ə s ḭ
ʔəsə္səje	ʔ ɪ ʔ z ə ɹ é
ʔɪʔko	ʔ ə k ò
ʔəsʰɪɴ	ʔ ə sʰ ɪ̰ ɴ
ʔəsʰɔkɛʔʔəʔoʊɴ	ʔ ə sʰ a ʊ ʔ ʔ ə ʔ ú
ʔəsʰɔkɛʔʔəʔu	ʔ ə sʰ a ʊ ʔ ʔ ə ʔ ù
ʔəɲɪʔʔətʰi	ʔ ə ɲ ɪ ʔ ʔ ə tʰ í
ʔəɲi	ʔ ə ɲ ì
ʔənə္nəwəါ	ʔ à ɴ n ə w à
ʔətaɴ	ʔ ə t á ɴ
ʔətaɪɴpɪɴkʰaɴ	ʔ ə t à ɪ ɴ b ɪ̀ ɴ ɡ à ɴ
ʔətu	ʔ ə t ù
ʔətəwɪɴ	ʔ ə t w ɪ́ ɴ
ʔətʰəkɛʔ	ʔ ə tʰ ɛ ʔ
ʔətʰi	ʔ ə tʰ ḭ
ʔətʰeɪɴʔəm̥aʔ	ʔ ə tʰ é ɪ ɴ ʔ ə m̥ a ʔ
ʔənəkɛʔ	ʔ ə n ɛ ʔ
ʔənaɡaʔ	ʔ ə n à ɡ a ʔ
ʔəna	ʔ ə n á
ʔənaju	ʔ ə n á j ù
ʔənisə္s	ʔ ə n è s s a̰
ʔənə္təjaɛ	ʔ à ɴ d ə j ɛ̀
ʔən̥ɪʔ	ʔ ə n̥ ɪ ʔ
ʔəpɪɴ	ʔ ə p ɪ̀ ɴ
ʔəpaʔsɪɴ	ʔ a̰ p a ʔ z ɪ̀ ɴ
ʔəpeါɛʔ	ʔ ə p ɔ̀
ʔaʔt͡ɕʰi	ʔ a ʔ t͡ɕʰ ì
ʔəpəjɪɴ	ʔ ə p j ɪ̀ ɴ
ʔəpəjaɪɴ	ʔ ə p j à ɪ ɴ
ʔəpəjiθaʔ	ʔ ə p j í ð a ʔ
ʔəpʰ	ʔ ə pʰ a̰
ʔəpʰo	ʔ ə pʰ ò
ʔəpʰo	ʔ ə pʰ ó
ʔəpʰe	ʔ ə pʰ è
ʔəpʰəju	ʔ ə pʰ j ù
ʔəpʰəwɛ	ʔ ə pʰ w ɛ̰
ʔəpʰəwɛt͡ɕʰoʊʔ	ʔ ə pʰ w ɛ̰ d͡ʑ o ʊ ʔ
ʔəpʰəwɛwɪɴ	ʔ ə pʰ w ɛ̰ w ɪ̀ ɴ
ʔəbidaaɴ	ʔ ə b ḭ d à ɴ
ʔəm	ʔ ə m a̰
ʔəmejikaɴ	ʔ ə m è ɹ ḭ k à ɴ
ʔəməjoθəmi	ʔ ə m j ó ð ə m í
ʔəməjɛtaɴ	ʔ ə m j ɛ́ d á ɴ
ʔəməweʔən̥ɪʔ	ʔ ə m w è ʔ ə n̥ ɪ ʔ
ʔəm̥aʔ	ʔ ə m̥ a ʔ
ʔəm̥okɛʔ	ʔ ə m̥ a ɪ ʔ
ʔəm̥oʊɴ	ʔ ə m̥ o̰ ʊ ɴ
ʔəjɪɴ	ʔ ə j ɪ́ ɴ
ʔəjəθa	ʔ ə j a̰ ð à
ʔəji	ʔ ə j í
ʔəjaʊɴʔəwɛ	ʔ ə j á ʊ ɴ ʔ ə w ɛ̀
ʔəje	ʔ a̰ j é
ʔəjaɴd͡ʑohɛʔ	ʔ ə j à ɴ d͡ʑ ò
ʔəjəwkɛʔ	ʔ ə j w ɛ ʔ
ʔəlɪɴ	ʔ ə l ɪ́ ɴ
ʔəloʃi	ʔ ə l ò ʃ ḭ
ʔəloʊʔpeɪʔjəkɛʔ	ʔ ə l o ʊ ʔ p e ɪ ʔ j ɛ ʔ
ʔəloʊʔθəma	ʔ ə l o ʊ ʔ θ ə m á
ʔəloʊɴ	ʔ ə l ó ʊ ɴ
ʔəlaʊɴ	ʔ ə l á ʊ ɴ
ʔələ္lahɛʔ	ʔ à l l à h
ʔələja	ʔ ə l j á
ʔəwɪɴ	ʔ ə w ɪ̀ ɴ
ʔəθɪɴ	ʔ ə θ ɪ́ ɴ
ʔəθi	ʔ ə θ ɛ́
ʔəθa	ʔ ə θ á
ʔəθitəja	ʔ ə θ ḭ t ə j á
ʔəθipəɲa	ʔ ə θ ḭ p j ɪ̀ ɴ ɲ à
ʔəθaɴtʰəwkɛʔ	ʔ ə θ à ɴ d w ɛ ʔ
ʔazani	ʔ à z à n ì
ʔana	ʔ à n à
ʔani	ʔ à n ì
ʔapʰəjik	ʔ à pʰ ə ɹ ḭ k a̰
ʔamenija	ʔ à m é n í j á
ʔajoʊɴt͡ɕɔ	ʔ à j ò ʊ ɴ d͡ʑ ɔ́
ʔaʃ	ʔ à ʃ a̰
ʔa	ʔ á
ʔakəsa	ʔ á ɡ ə z á
ʔakəsaθəma	ʔ á ɡ ə z á ð ə m á
ʔaloʊɴ	ʔ á l ó ʊ ɴ
ʔinə္dij	ʔ è ɪ ɴ d ḭ j a̰
ʔeɪʔməkɛʔ	ʔ e ɪ ʔ m ɛ ʔ
ʔeɪɴ	ʔ è ɪ ɴ
ʔokɛʔtɪɴ	ʔ a ɪ ʔ t ɪ̀ ɴ
ʔit͡ɕakəwe	ʔ ì t͡ɕ à k w é
ʔikəweta	ʔ ì k w è t à
ʔikəwetaɡini	ʔ ì k w è t à ɡ ì n ì
ʔijaɴ	ʔ ì ɹ à ɴ
ʔiθijopija	ʔ ì θ ì j ó p í j á
ʔɔkɛʔ	ʔ a ʊ ʔ
ʔɔkɛʔtoba	ʔ a ʊ ʔ t ò b à
ʔaʊɴpəwɛ	ʔ à ʊ ɴ b w ɛ́
ʔɛdəါ	ʔ ɛ́ d à
ʔɛdi	ʔ ɛ́ d ì
ʔinə္dəje	ʔ è ɪ ɴ d ɹ è
ʔukə္kətə္tʰ	ʔ o ʊ ʔ k ə θ a̰
ʔupəde	ʔ ṵ b a̰ d è
ʔupəma	ʔ ṵ b ə m à
ʔupəါɛ	ʔ ṵ p ɛ̀
ʔujɔp	ʔ ṵ ɹ ɔ́ p a̰
ʔuး	ʔ ú
ʔuးle	ʔ ú l é
ʔek	ʔ è k a̰
ʔekəji	ʔ è k ə j ì
ʔepəji	ʔ è b j ì
ʔɔsətəjeləj	ʔ ɔ́ s ə t ə ɹ é l j a̰
ʔɔtʰəz	ʔ ɔ́ tʰ ə z a̰
၎ɪɴ	l ə ɡ á ʊ ɴ
