ʕmiːq	ʕ a m iː q
mnbh	m u n a b b i h
ħuːrs	ħ uː r u s
mħuːl	m u ħ a w w i l
blɣm	b a l ɣ a m
mtsaːmħ	m u t a s aː m i ħ
ktaːbة	k i t aː b a
md͡ʒriː	m a d͡ʒ a r i j j
sd͡ʒiːn	s a d͡ʒ iː n
tðkaːr	t a ð k aː r
xrzة	x u r z a
trsˤd	t a r a sˤ sˤ a d a
tˤnd͡ʒiːrة	tˤ a n d͡ʒ iː r a
mħmd	m a ħ m a d
ruːnq	r a w n a q
ħiːuːaːn	ħ a j a w aː n
ʕfiːf	ʕ a f iː f
aٕqaːlة	ʔ i q aː l a
kaːds	k aː d i s
ʃħaːðة	ʃ i ħ aː ð a
d͡ʒrð	d͡ʒ u r a ð
saːr	s aː r r
aٔqrʕ	ʔ a q r a ʕ
aٕkliːl	ʔ i k l iː l
ðruːة	ð u r w a
astθmaːr	i s t i θ m aː r
ħltiːθ	ħ i l t iː θ
xlaːʕiː	x a l aː ʕ i j j
tʕliːq	t a ʕ l iː q
mraːdf	m u r aː d i f
blɣaːriː	b u l ɣ aː r i j j
aٔrstˤuːtˤaːliːs	ʔ a r i s tˤ uː tˤ aː l iː s
qbd͡ʒ	q a b a d͡ʒ
mħn	m i ħ a n
uːtˤniː	w a tˤ a n i j j
xsˤuːsˤ	x u sˤ uː sˤ
mθnaːn	m a θ n aː n
tqdm	t a q a d d a m a
luːiːaːθaːn	l a w i j aː θ aː n
aٔsˤtˤrk	ʔ a sˤ tˤ a r a k
nfqة	n a f a q a
mksuːr	m a k s uː r
aٕnaːء	ʔ i n aː ʔ
ʕrnsiːة	ʕ a r a n s i j j a
tbaːtˤʔa	t a b aː tˤ a ʔ a
maːʕuːn	m aː ʕ uː n
mðiːʕ	m u ð iː ʕ
qraːءة	q i r aː ʔ a
ħsnaːء	ħ a s n aː ʔ
ʃaːhluːd͡ʒ	ʃ aː h a l uː d͡ʒ
uːsʕ	w a s i ʕ a
muːskuː	m uː s k uː
lkmة	l a k m a
ʕdmiːة	ʕ a d a m i j j a
d͡ʒnsiːة	d͡ʒ i n s i j j a
kʕk	k a ʕ k
ʕðˤm	ʕ a ðˤ m
aٔxdr	ʔ a x d a r
aٔmaːn	ʔ a m aː n
ʕnaːb	ʕ u n n aː b
laːsltˤuːiː	l aː s u l tˤ a w i j j
brʃiːd	b a r ʃ iː d
aٕʃbiːnة	ʔ i ʃ b iː n a
aliːsʕ	a l j a s a ʕ
saːء	s aː ʔ a
kaːnuːn	k aː n uː n
ʕmى	ʕ a m m aː
naːdl	n aː d i l
axtl	i x t a l l a
ʕaːsˤf	ʕ aː sˤ i f
uːquːd	w a q uː d
ʕniːf	ʕ a n iː f
zʕtr	z a ʕ t a r
mruːħة	m i r w a ħ a
srxs	s a r x a s
mðˤhr	m a ðˤ h a r
nbðة	n u b ð a
mqduːns	m a q d uː n i s
aٕhliːld͡ʒ	ʔ i h l iː l a d͡ʒ
ħuːb	ħ uː b
d͡ʒaːðbiːة	d͡ʒ aː ð i b i j j a
mktb	m a k t a b
slħ	s a l a ħ a
aٔiːhqaːn	ʔ a j h a q aː n
kuːiːkb	k u w a j k i b
ʃbħ	ʃ a b a ħ
brquːq	b a r q uː q
daːʕʃ	d aː ʕ i ʃ
uːraːtˤ	w i r aː tˤ
ɣaːlbiːة	ɣ aː l i b i j j a
hd͡ʒuːm	h u d͡ʒ uː m
fsiːfsaːء	f u s a j f i s aː ʔ
nxaːʕ	n u x aː ʕ
d͡ʒzdaːn	d͡ʒ i z d aː n
aٔðaːʕ	ʔ a ð aː ʕ a
astiːqðˤ	i s t a j q a ðˤ a
ʕrbiːziː	ʕ a r a b iː z i j j
aٕsktlndiː	ʔ i s k u t l a n d i j j
zuːm	z uː m
ðiːٔbة	ð i ʔ b a
tˤʕaːm	tˤ a ʕ aː m
faːsd	f aː s i d
alsˤrbiːة	a sˤ sˤ i r b i j j a
lknة	l u k n a
ðrة	ð a r r a
ʕbaːءة	ʕ a b aː ʔ a
mqaːsˤ	m a q aː sˤ sˤ
tʕtˤى	t a ʕ a tˤ tˤ aː
qtˤiːfة	q a tˤ iː f a
rxxة	r i x a x a
aٔsˤbħ	ʔ a sˤ b a ħ
tsˤaːdm	t a sˤ aː d a m a
qndhaːr	q u n d u h aː r
aٔmuːiː	ʔ u m a w i j j
aٔʕrn	ʔ a ʕ r a n a
alʔaːn	a l ʔ aː n a
rtˤaːnة	r a tˤ aː n a
hds	h a d a s
alħbʃة	a l ħ a b a ʃ a
aٔtaːħ	ʔ a t aː ħ a
sˤnaːrة	sˤ i n aː r a
sˤlaːbة	sˤ a l aː b a
kʃtbaːn	k u ʃ t u b aː n
tdriːd͡ʒ	t a d r iː d͡ʒ
aٔuːliːaːء	ʔ a w l i j aː ʔ
mnaːʕة	m a n aː ʕ a
td͡ʒrbة	t a d͡ʒ r i b a
msaːfة	m a s aː f a
ħniːf	ħ a n iː f
aٔʕtaːb	ʔ a ʕ t aː b
aٔrz	ʔ a r a z z a
bʔas	b a ʔ s
naːiːٔm	n aː ʔ i m
ħaːsm	ħ aː s i m
qliːة	q i l l i j j a
aٔss	ʔ a s s a s a
friːsة	f a r iː s a
nsˤraːniː	n a sˤ r aː n i j j
ʕiːdiːة	ʕ iː d i j j a
mrsˤbaːn	m a r sˤ a b aː n
nʕnaːʕ	n a ʕ n aː ʕ
ʕd͡ʒrfة	ʕ a d͡ʒ r a f a
qaːʕة	q aː ʕ a
iːuːns	j uː n u s
mʃrk	m u ʃ r i k
aٔʕsˤr	ʔ a ʕ sˤ a r a
qaːf	q aː f
ʃðr	ʃ a ð r
sˤdɣ	sˤ a d ɣ
θqbة	θ u q b a
sˤaːxة	sˤ aː x x a
msˤbnة	m a sˤ b a n a
mðkrة	m u ð a k k a r a
rtiːlة	r u t a j l a
aٕbliːz	ʔ i b l iː z
frqaːtˤة	f i r q aː tˤ a
aٓxr	ʔ aː x a r
miːaːnmaːr	m i j aː n m aː r
sˤrbiːaː	sˤ i r b i j aː
uːriːd	w a r iː d
mʕzf	m i ʕ z a f
aٔbaːxs	ʔ a b aː x i s u
fnd͡ʒnkʃt	f a n d͡ʒ a n k u ʃ t
alsfn	a s s u f u n
mnbr	m i n b a r
aٔʃuːs	ʔ a ʃ w a s
saːtˤ	s aː tˤ a
aٔtuːm	ʔ a t uː m
mkml	m u k a m m a l
sˤfʕ	sˤ a f a ʕ a
anthى	i n t a h aː
naːnxuːaːة	n aː n a x w aː h
mnuːr	m a n w a r
ħsˤaːn	ħ i sˤ aː n
mdaːm	m u d aː m
riːٔaːsة	r i ʔ aː s a
sˤrbiː	sˤ i r b i j j
rɣiːfة	r a ɣ iː f a
aٔsiːaːx	ʔ a s j aː x
hdaːr	h a d d aː r
mliːء	m a l iː ʔ
dbld͡ʒة	d a b l a d͡ʒ a
braːɣ	b r aː ɣ
ħiːθ	ħ a j θ u
dˤuːى	dˤ a w aː
aٕħsaːn	ʔ i ħ s aː n
maːd͡ʒd	m aː d͡ʒ i d
alsuːdaːn	a s s uː d aː n
mkaːlmة	m u k aː l a m a
bnaːiːة	b i n aː j a
aٕsnaːd	ʔ i s n aː d
d͡ʒzmaːzq	d͡ʒ a z m aː z a q
buːðiː	b uː ð i j j
tsʕmaːiːٔة	t i s ʕ u m i ʔ a
uːθiːqة	w a θ iː q a
baːrz	b aː r a z a
nzhة	n u z h a
blaːðr	b a l aː ð i r
xlnd͡ʒaːn	x a l a n d͡ʒ aː n
ald͡ʒmʕة	a l d͡ʒ u m a ʕ a
aٔbriːl	ʔ a b r iː l
mrfuːʕ	m a r f uː ʕ
tkmiːliː	t a k m iː l i j j
frks	f i r k i s
ʕbaːdة	ʕ i b aː d a
luːz	l a w z
tˤrq	tˤ a r a q a
ʕaːiːٔlة	ʕ aː ʔ i l a
siːٔm	s a ʔ i m a
alsnɣaːl	a s s i n i ɣ aː l
aٔuːqf	ʔ a w q a f a
blʕuːm	b u l ʕ uː m
mtmaːd	m u t a m aː d d
aٔtrd͡ʒ	ʔ u t r u d͡ʒ d͡ʒ
trbiːة	t a r b i j a
mluːxiːaː	m u l uː x i j j aː
tħss	t a ħ a s s a s a
naːdˤd͡ʒ	n aː dˤ i d͡ʒ
mdaːd	m i d aː d
antbh	i n t a b a h a
aٔnzl	ʔ a n z a l a
mɣn	m u ɣ a n n i n
aٕbaːdة	ʔ i b aː d a
ʕqaːl	ʕ i q aː l
aٔhdى	ʔ a h d aː
dˤaːl	dˤ aː l l
aٔbaːsxiːruːn	ʔ a b aː s x iː r uː n
dmɣة	d a m ɣ a
suːٔdd	s u ʔ d a d
trmiːm	t a r m iː m
mstʕrb	m u s t a ʕ r i b
aٔʃiːb	ʔ a ʃ j a b
sliːlى	s u l a j l aː
trkmaːnstaːn	t u r k u m aː n i s t aː n
tqliːdiː	t a q l iː d i j j
aٔsˤɣى	ʔ a sˤ ɣ aː
slaːħ	s i l aː ħ
tˤbaːq	tˤ a b b aː q
bnfsd͡ʒiː	b a n a f s a d͡ʒ i j j
artʕʃ	i r t a ʕ a ʃ a
fiːd͡ʒn	f a j d͡ʒ a n
rqiːq	r a q iː q
andml	i n d a m a l a
mʃʕr	m a ʃ ʕ a r
d͡ʒriːd	d͡ʒ a r iː d
ɣaːft	ɣ aː f a t
ʃuːniːz	ʃ uː n iː z
bħaːħ	b u ħ aː ħ
abtlaːl	i b t i l aː l
braːʃuːt	b a r aː ʃ uː t
uːfaːء	w a f aː ʔ
nsˤaːb	n a sˤ sˤ aː b
qraːsiːaː	q a r aː s i j aː
bʕθة	b a ʕ θ a
ansl	i n s a l l a
sˤuːrة	sˤ uː r a
qaːuːuːʃ	q aː w uː ʃ
ʃiːʕة	ʃ iː ʕ a
ʕiːaːdة	ʕ i j aː d a
tˤaːiːٔr	tˤ aː ʔ i r
alʔard͡ʒntiːn	a l ʔ a r d͡ʒ a n t iː n
slbaːħ	s i l b aː ħ
tuːðˤiːf	t a w ðˤ iː f
aٔiːqn	ʔ a j q a n a
msttˤiːlaːt	m u s t tˤ iː l aː t
xmsة	x a m s a
rfaːiːٔiːl	r u f aː ʔ iː l
btˤruːx	b a tˤ r uː x
mlaː	m u l l aː
ltuːaːniːaː	l i t u w aː n i j aː
baːb	b aː b
astθnaːiːٔiː	i s t i θ n aː ʔ i j j
dlb	d u l b
ʕrbiːة	ʕ a r a b i j j a
mʕaːuːnة	m u ʕ aː w a n a
axtrq	i x t a r a q a
rsaːtˤuːn	r a s aː tˤ uː n
tqrr	t a q a r r a r a
qdaːd	q a d aː d
hdf	h a d a f
aٕqaːmة	ʔ i q aː m a
astfrɣ	i s t a f r a ɣ a
aٔrdˤiː	ʔ a r dˤ i j j
aʃtbaːk	i ʃ t i b aː k
aٕmdˤaːء	ʔ i m dˤ aː ʔ
aٔʃnaːn	ʔ u ʃ n aː n
tlfaːf	t i l f aː f
bðrqtˤuːnaː	b a ð a r q a tˤ uː n aː
kmء	k a m ʔ
quːqʕة	q a w q a ʕ a
d͡ʒiːn	d͡ʒ iː n
astfz	i s t a f a z z a
naːdlة	n aː d i l a
qaːd	q aː d a
alqniːtˤrة	a l q u n a j tˤ i r a
aٔkl	ʔ a k a l a
ʃfaːf	ʃ a f f aː f
d͡ʒaːrة	d͡ʒ aː r a
ħd͡ʒr	ħ a d͡ʒ a r
amtʕdˤ	i m t a ʕ a dˤ a
sˤxd	sˤ a x a d a
liːrة	l a j r a
bnfsd͡ʒ	b a n a f s a d͡ʒ
krfs	k a r a f s
txdiːr	t a x d iː r
sˤʕuːbة	sˤ u ʕ uː b a
ʃlة	ʃ a l l a
md͡ʒsmة	m u d͡ʒ a s s a m a
kstbaːn	k u s t u b aː n
dˤaːd͡ʒʕ	dˤ aː d͡ʒ a ʕ a
aٔzʔam	ʔ a z ʔ a m a
ʕlة	ʕ i l l a
mkuːn	m u k a w w i n
ʃkaːrة	ʃ i k aː r a
mɣnaːtˤiːsiːة	m a ɣ n aː tˤ iː s i j j a
fdˤuːl	f dˤ uː l
mqʕdة	m a q ʕ a d a
brʃaːm	b i r ʃ aː m
ʕfriːt	ʕ a f r iː t
mdˤrb	m i dˤ r a b
θuːb	θ a w b
xrnq	x i r n i q
dˤiːuːn	dˤ a j w a n
fuːr	f a w r
duːaːsة	d a w w aː s a
ʕaːiːٔʃة	ʕ aː ʔ i ʃ a
d͡ʒnaːiːٔiː	d͡ʒ i n aː ʔ i j j
ħsˤrm	ħ a sˤ r a m
znbuːʕ	z a n b uː ʕ
ftʃ	f a t t a ʃ a
ɣlqة	ɣ a l q a
alʔaʃhl	a l ʔ a ʃ h a l
bdˤʕ	b i dˤ ʕ
ʃaːuːrmaː	ʃ aː w a r m aː
hnaːlk	h u n aː l i k a
ɣdˤaːdˤة	ɣ a dˤ aː dˤ a
rʃfة	r a ʃ f a
rɣuːة	r a ɣ w a
ʃaːkr	ʃ aː k i r
tfaːd͡ʒʔa	t a f aː d͡ʒ a ʔ a
sˤħsˤħ	sˤ a ħ sˤ a ħ
artfʕ	i r t a f a ʕ a
dnr	d a n n a r a
xsˤiːة	x i sˤ j a
brkriː	b a r k a r i j j
baːraːɣuːaːiː	b aː r aː ɣ u w aː j
qrmziː	q i r m i z i j j
ɣriːbة	ɣ a r iː b a
tʃuːiːq	t a ʃ w iː q
td͡ʒaːuːzaːt	t a d͡ʒ aː w u z aː t
zriːbة	z a r iː b a
ɣriːɣuːriːuːs	ɣ i r iː ɣ uː r i j uː s
sˤħaːf	sˤ a ħ ħ aː f
aftrى	i f t a r aː
ʃʕrى	ʃ a ʕ r aː
siːkraːn	s a j k a r aː n
biːʕة	b a j ʕ a
mlbs	m a l b a s
ftaːة	f a t aː h
qrtˤaːs	q i r tˤ aː s
aٔsmrة	ʔ a s m a r a
nrd͡ʒiːl	n a r d͡ʒ iː l
smʕiː	s a m ʕ i j j
d͡ʒziːٔiː	d͡ʒ u z ʔ i j j
atsʕ	i t t a s a ʕ a
ɣrfة	ɣ u r f a
qnaːʕ	q i n aː ʕ
frd͡ʒuːn	f i r d͡ʒ a w n
ðaːq	ð aː q a
msˤbaːħ	m i sˤ b aː ħ
skrd͡ʒة	s u k r u d͡ʒ a
baːrzd	b aː r z a d
ʃbʃb	ʃ i b ʃ i b
anʕdى	i n ʕ a d aː
aٔsaːruːn	ʔ a s aː r uː n
qlmaː	q a l l a m aː
ʕnq	ʕ a n a q
aٔnsuːn	ʔ a n s uː n
fʕl	f a ʕ a l a
fʔar	f a ʔ r
quːlnd͡ʒ	q a w l a n d͡ʒ
baːsˤuːr	b aː sˤ uː r
aٔsluːb	ʔ u s l uː b
kuːdn	k a w d a n
mʔadbة	m a ʔ d u b a
kuːsaː	k uː s aː
ʕdaːlة	ʕ a d aː l a
astħdˤr	i s t a ħ dˤ a r a
tˤmʔan	tˤ a m ʔ a n a
mqaːrnة	m u q aː r a n a
zxaːt	z a x x aː t
aktsى	i k t a s aː
mθld͡ʒaːt	m u θ a l l a d͡ʒ aː t
rðaːð	r a ð aː ð
d͡ʒmaːnة	d͡ʒ u m aː n a
baːqlaːء	b aː q i l aː ʔ
aٕiːθaːr	ʔ iː θ aː r
aٔħaːtˤ	ʔ a ħ aː tˤ a
btˤaːnة	b i tˤ aː n a
aٕsˤbʕ	ʔ i sˤ b a ʕ
muːٔssة	m u ʔ a s s a s a
bqiːة	b a q i j j a
sltˤuːiː	s u l tˤ a w i j j
sʕiːd	s a ʕ iː d
tqds	t a q a d d a s a
aٔms	ʔ a m a s s a
mtˤħnة	m a tˤ ħ a n a
tquːdˤ	t a q a w w a dˤ a
ʃrbuːʃ	ʃ a r b uː ʃ
ħnðˤlة	ħ a n ðˤ a l a
mtˤfʔaة	m i tˤ f a ʔ a
faːnuːs	f aː n uː s
d͡ʒniːnة	d͡ʒ u n a j n a
aٕzʕaːd͡ʒ	ʔ i z ʕ aː d͡ʒ
liːٔlaː	l i ʔ a l l aː
ʕiːd	ʕ a j j a d a
aٕnmuːðd͡ʒ	ʔ i n m uː ð a d͡ʒ
aٔnfħة	ʔ a n f i ħ a
fuːdˤuːiː	f a w dˤ a w i j j
lsˤf	l a sˤ a f
mdld͡ʒة	m i d l a d͡ʒ a
d͡ʒnaːzة	d͡ʒ a n aː z a
mʕtzlة	m u ʕ t a z i l a
ħnd͡ʒrة	ħ a n d͡ʒ a r a
md͡ʒaːuːr	m u d͡ʒ aː w i r
ld͡ʒiːn	l u d͡ʒ a j n
rd͡ʒlة	r u d͡ʒ l a
msd	m a s a d a
d͡ʒmʕ	d͡ʒ a m a ʕ a
sfiːh	s a f iː h
aٓbiːs	ʔ aː b iː s
dstuːr	d u s t uː r
zrʃk	z a r r a ʃ k
sˤʕiːd	sˤ a ʕ iː d
ʃmaːl	ʃ a m aː l
ħdiːd	ħ a d iː d
md͡ʒn	m i d͡ʒ a n n
aٔtˤfaːl	ʔ a tˤ f aː l
aٕfriːqiːة	ʔ i f r iː q i j a
nmuːðd͡ʒiː	n a m uː ð a d͡ʒ i j j
aٕħsˤaːiːٔiː	ʔ i ħ sˤ aː ʔ i j j
maːsħ	m aː s i ħ
td͡ʒrd	t a d͡ʒ a r r a d a
ansˤrf	i n sˤ a r a f a
aٔmriːkiː	ʔ a m r iː k i j j
zħf	z a ħ a f a
ʕlqة	ʕ a l a q a
aٔndr	ʔ a n d a r
siːnmaːiːٔiː	s i j n a m aː ʔ i j j
aʕtmd	i ʕ t a m a d a
qaːbiːl	q aː b iː l
aٔiːl	ʔ a j j a l
aٔʕlى	ʔ a ʕ l aː
kbiːr	k a b iː r
xtaːn	x i t aː n
tdθr	t a d a θ θ a r a
ħaːء	ħ aː ʔ
fdaːħة	f a d aː ħ a
ɣaːmq	ɣ aː m i q
fħʃaːء	f a ħ ʃ aː ʔ
d͡ʒniː	d͡ʒ i n n i j j
tˤnbuːr	tˤ u n b uː r
ʃlnbr	ʃ u l u n b a r
muːrd	m a w r i d
aٕbdaːʕiː	ʔ i b d aː ʕ i j j
tiːɣaːr	t a j ɣ aː r
ħaːmuːl	ħ aː m uː l
dkaːn	d u k k aː n
saːiːٔmة	s aː ʔ i m a
mtʃkr	m u t a ʃ a k k i r
lkm	l a k a m a
sˤhriːd͡ʒ	sˤ a h r iː d͡ʒ
mbaːrzة	m u b aː r a z a
dˤuːء	dˤ a w ʔ
xrbʃ	x a r b a ʃ a
sˤħة	sˤ i ħ ħ a
aٔzliː	ʔ a z a l i j j
diːs	d iː s
ħrbθ	ħ u r b u θ
ʕd͡ʒlة	ʕ a d͡ʒ a l a
aٔħmq	ʔ a ħ m a q
bʕlbk	b a ʕ l a b a k k
quːs	q a w i s a
snds	s u n d u s
uːd͡ʒdة	w a d͡ʒ d a
ħraːriː	ħ a r aː r i j j
nsى	n a s s aː
mxaːdˤ	m a x aː dˤ
xraːء	x i r aː ʔ
mriːlة	m i r j a l a
d͡ʒdd	d͡ʒ a d a d
xfd͡ʒ	x a f a d͡ʒ
dhliːz	d i h l iː z
naːsk	n aː s i k
mbrة	m a b a r r a
mnqrdˤ	m u n q a r i dˤ
muːiːzd͡ʒ	m a w iː z a d͡ʒ
fluː	f a l u w w
astsˤbr	i s t a sˤ b a r a
aٔʕmى	ʔ a ʕ m aː
faːluːdd͡ʒ	f aː l uː d a d͡ʒ
mstˤħ	m u s a tˤ tˤ a ħ
rdˤaːiːٔʕ	r a dˤ aː ʔ i ʕ
alʔiskndriːة	a l ʔ i s k a n d a r i j j a
athaːm	i t t i h aː m
mmaːθlة	m u m aː θ a l a
fraːsiːuːn	f a r aː s i j uː n
nd͡ʒiː	n a d͡ʒ i j j
bnaːn	b a n aː n
aٔhliː	ʔ a h l i j j
tuːaːqf	t a w aː q a f a
qsuːة	q a s w a
dfaːʕ	d i f aː ʕ
uːd͡ʒb	w a d͡ʒ a b a
aٔrxbiːl	ʔ a r x a b iː l
lkn	l aː k i n
aٔbaːs	ʔ u b aː s
mħmuːm	m a ħ m uː m
tˤbʃuːrة	tˤ a b ʃ uː r a
aٔnaː	ʔ a n aː
kuːz	k uː z
btaːtaː	b a t aː t aː
riːʃة	r iː ʃ a
fraːtˤة	f u r aː tˤ a
aٔbaːd͡ʒuːr	ʔ a b aː d͡ʒ uː r
sˤraːxة	sˤ a r r aː x a
mʕdaːt	m u ʕ a d d aː t
faːء	f aː ʔ
astiːٔmaːrة	i s t i ʔ m aː r a
ankmʃ	i n k a m a ʃ a
mqbrة	m a q b a r a
ħmiːm	ħ a m iː m
aٕskndraːniː	ʔ i s k a n d a r aː n i j j
aħtqr	i ħ t a q a r a
tlft	t a l a f f a t a
mkة	m a k k a
artaːʕ	i r t aː ʕ a
tħriːr	t a ħ r iː r
slbiː	s a l b i j j
raːuːd	r aː w a d a
baːðnd͡ʒaːn	b aː ð i n d͡ʒ aː n
sknd͡ʒbiːn	s i k a n d͡ʒ a b iː n
ɣaːrة	ɣ aː r a
iːnaːiːr	j a n aː j i r
lbn	l a b a n
mʕml	m a ʕ m a l
fuːtnd͡ʒ	f uː t a n a d͡ʒ
muːz	m a w z
ħaːsuːb	ħ aː s uː b
saːbq	s aː b i q
lħaːq	l a ħ aː q
msmaːr	m i s m aː r
tˤbiːbة	tˤ a b iː b a
uːlkn	w a l aː k i n
aٔsfniːk	ʔ a s f a n iː k
bsmة	b a s m a
qlqaːs	q u l q aː s
qaːqlة	q aː q i l l a
luːٔluːٔة	l u ʔ l u ʔ a
nd͡ʒaːة	n a d͡ʒ aː h
sˤqr	sˤ a q r
tˤmaː	tˤ a m aː
baːxuːm	b aː x uː m
fsˤiːl	f a sˤ iː l
aٔʃtrɣaːr	ʔ u ʃ t u r ɣ aː r
mbkr	m u b a k k i r
aٔflaːtˤuːn	ʔ a f l aː tˤ uː n
sˤuːt	sˤ a w t
sˤɣaːr	sˤ i ɣ aː r
smiːð	s a m iː ð
mksraːt	m u k a s s a r aː t
hndbaːء	h i n d i b aː ʔ
nħaːl	n a ħ ħ aː l
aٔsaːsiː	ʔ a s aː s i j j
xnq	x a n a q a
brq	b a r a q a
alxmiːs	a l x a m iː s
klħ	k a l a ħ a
xzaːn	x a z z aː n
d͡ʒʕfr	d͡ʒ a ʕ f a r
mrbuːtˤ	m a r b uː tˤ
dxl	d a x a l
bliːz	b a l iː z
aٓiːslndaː	ʔ aː j i s l a n d aː
zʔam	z a ʔ a m a
d͡ʒiːm	d͡ʒ iː m
mʃqة	m a ʃ a q q a
siːf	s a j f
faːdiː	f aː d iː
lff	l a f f a f a
d͡ʒħaː	d͡ʒ u ħ aː
ʃhdaːnd͡ʒ	ʃ a h d aː n a d͡ʒ
ʃrsuːf	ʃ u r s uː f
aٕmaːlة	ʔ i m aː l a
mʃnة	m i ʃ a n n a
ʃtaːء	ʃ i t aː ʔ
abtlى	i b t a l aː
aٔiːqðˤ	ʔ a j q a ðˤ a
tlfaːz	t i l f aː z
aٔdħiːة	ʔ u d ħ i j a
astl	i s t a l l a
diːaːn	d a j j aː n
ksiːħ	k a s iː ħ
baːstaː	b aː s t aː
duːnmة	d uː n m a
kðiːnq	k u ð iː n a q
aٔntmaː	ʔ a n t u m aː
ʃuːbk	ʃ a w b a k
ħd͡ʒn	ħ a d͡ʒ a n a
lħðˤtðaːk	l a ħ ðˤ a t a ð aː k a
tqriːr	t a q r iː r
fiːl	f iː l
msˤduːm	m a sˤ d uː m
aٔliːة	ʔ a l j a
ðmm	ð i m a m
aliːrmuːk	a l j a r m uː k
mkaːn	m a k aː n
aٔlqى	ʔ a l q aː
ttˤfl	t a tˤ a f f a l a
naːsfة	n aː s i f a
ʃiːrd͡ʒ	ʃ a j r a d͡ʒ
lʕnة	l a ʕ n a
faːsˤuːliːaː	f aː sˤ uː l i j aː
ad͡ʒtmaːʕiː	i d͡ʒ t i m aː ʕ i j j
bnd͡ʒnkʃt	b a n d͡ʒ a n k u ʃ t
laːð	l aː ð a
maːiːuː	m aː j uː
mɣslة	m a ɣ s a l a
astmnى	i s t a m n aː
aٔʕqd	ʔ a ʕ q a d
buːaːb	b a w w aː b
aٔbiːdd͡ʒaːn	ʔ a b iː d d͡ʒ aː n
mrʔaːة	m i r ʔ aː h
d͡ʒuːhriː	d͡ʒ a w h a r i j j
tsˤdiːr	t a sˤ d iː r
dstuːriː	d u s t uː r i j j
srndiːb	s a r a n d iː b
xaːdm	x aː d i m
mstqbliː	m u s t a q b a l i j j
ʕaːnى	ʕ aː n aː
klb	k a l b
ʃħn	ʃ a ħ a n a
ʃaːmx	ʃ aː m i x
quːniːة	q uː n i j a
zrqtˤuːnaː	z a r q a tˤ uː n aː
mtkbr	m u t a k a b b i r
hnds	h a n d a s a
sˤiːdlة	sˤ a j d a l a
aʕtzaːm	i ʕ t i z aː m
d͡ʒʕfiːl	d͡ʒ a ʕ f iː l
uːaːħة	w aː ħ a
rmm	r a m m a m a
mrʃd	m u r ʃ i d
rdˤuːx	r u dˤ uː x
aٕnqaːdˤ	ʔ i n q aː dˤ
bbnuːdة	b a b n uː d a
taːiːuːaːn	t aː j w aː n
trnħ	t a r a n n a ħ a
buːrtsuːdaːn	b uː r t s uː d aː n
lhiː	l a h i j a
mruː	m a r w
ʕsˤb	ʕ a sˤ a b a
sˤʔakة	sˤ a ʔ k a
ħiːraːn	ħ a j r aː n
qdm	q a d a m
dˤbtˤ	dˤ a b a tˤ a
bqrة	b a q a r a
ruːdˤ	r a w w a dˤ a
baːħθ	b aː ħ a θ a
faːluːðq	f aː l uː ð a q
aٔɣlb	ʔ a ɣ l a b
tfaːħ	t u f f aː ħ
tuːziːʕ	t a w z iː ʕ
daːrflfl	d aː r f i l f i l
fhm	f a h h a m a
qbrة	q u b b a r a
astnfd	i s t a n f a d a
aٔndˤb	ʔ a n dˤ a b a
sʕiː	s a ʕ j
sld͡ʒm	s a l d͡ʒ a m
aٔnuːaːʕ	ʔ a n w aː ʕ
tsʕuːn	t a s ʕ a w n a
mfaːd͡ʒʔaة	m u f aː d͡ʒ a ʔ a
rħiːl	r a ħ iː l
sˤrb	sˤ a r a b a
ħaːfة	ħ aː f a
aٔnuːaːtˤ	ʔ a n w aː tˤ
sˤaːʕ	sˤ aː ʕ
maːzriːuːn	m aː z a r i j uː n
dhnd͡ʒ	d a h n a d͡ʒ
mnð	m u n ð u
fqs	f a q a s a
ʕd͡ʒaːuːة	ʕ u d͡ʒ aː w a
aٔd͡ʒrb	ʔ a d͡ʒ r a b
nqtˤة	n u q tˤ a
xrtˤaːl	x a r tˤ aː l
kðiːn	k u ð iː n
aٕtˤraːء	ʔ i tˤ r aː ʔ
alqaːhrة	a l q aː h i r a
bħr	b a ħ a r
aħtdˤn	i ħ t a dˤ a n a
tˤiːrة	tˤ a j r a
aٔstˤuːriː	ʔ u s tˤ uː r i j j
aٔuːħl	ʔ a w ħ a l a
zuːfaː	z uː f aː
saːħliː	s aː ħ i l i j j
aٔstraːliː	ʔ u s t u r aː l i j j
d͡ʒʕdˤiːdˤ	d͡ʒ a ʕ dˤ iː dˤ
ħsˤl	ħ a sˤ a l
ʕnqaːd	ʕ i n q aː d
trniːm	t a r n iː m
msiːħ	m a s iː ħ
mtˤb	m a tˤ a b b
mrd͡ʒaːn	m a r d͡ʒ aː n
almɣrb	a l m a ɣ r i b
mraːuːɣة	m u r aː w a ɣ a
buːlaːd	b uː l aː d
rdd	r a d d a d a
mqlq	m u q l i q
aʃthى	i ʃ t a h aː
qrd	q a r d
zaːiːٔr	z aː ʔ i r
td͡ʒaːrة	t i d͡ʒ aː r a
mʕd͡ʒzaːt	m u ʕ d͡ʒ i z aː t
aٕdħiːة	ʔ i d ħ i j a
uːsˤiːd	w a sˤ iː d
aٔʃl	ʔ a ʃ a l l
ħbaːrى	ħ u b aː r aː
nħn	n a ħ n i
ɣrb	ɣ a r a b
tðkrة	t a ð k i r a
buːaːliːʕ	b a w aː l iː ʕ
iːaːsiːn	j aː s iː n
miːʕaːd	m iː ʕ aː d
ʃaːء	ʃ aː ʔ
hruːlة	h a r w a l a
rhbaːniːة	r a h b aː n i j j a
tˤaːiːٔfة	tˤ aː ʔ i f a
aٔnhk	ʔ a n h a k a
qaːuːq	q aː w u q
duːlaːb	d a w l aː b
sˤrq	sˤ a r a q
mðˤlة	m a ðˤ a l l a
d͡ʒaːiːٔz	d͡ʒ aː ʔ i z
kaːrة	k aː r a
astmaːt	i s t a m aː t a
aٔsf	ʔ a s a f f a
ksrة	k a s r a
ħnaːn	ħ a n aː n
aٔθθ	ʔ a θ θ a θ a
raːd͡ʒl	r aː d͡ʒ i l
aʕtl	i ʕ t a l l a
sˤaːbuːrة	sˤ aː b uː r a
ɣdˤة	ɣ a dˤ dˤ a
sriːaːn	s a r a j aː n
ftxaːء	f a t x aː ʔ
ħðˤiːrة	ħ a ðˤ iː r a
astd͡ʒaːb	i s t a d͡ʒ aː b a
faːkrة	f aː k i r a
lhd͡ʒة	l a h d͡ʒ a
nruːiːd͡ʒiːة	n u r w iː d͡ʒ i j j a
sˤtʕ	sˤ a t a ʕ a
ʃliːl	ʃ a l iː l
smn	s a m i n a
tuːd͡ʒh	t a w a d͡ʒ d͡ʒ a h a
ʃlaːl	ʃ a l l aː l
ðˤhr	ðˤ a h a r a
aٕhdaːء	ʔ i h d aː ʔ
bndq	b u n d u q
sˤħl	sˤ a ħ i l a
astuːqf	i s t a w q a f a
qruːʃ	q u r uː ʃ
kaːʕb	k aː ʕ i b
aٔʕiːaː	ʔ a ʕ j aː
d͡ʒxى	d͡ʒ a x x aː
rʔaiː	r a ʔ j
mbaːraːة	m u b aː r aː h
nmlة	n a m l a
ftħ	f a t a ħ a
siːkuːluːd͡ʒiː	s a j k uː l uː d͡ʒ i j j
uːrʃnuːfة	w a r ʃ a n uː f a
aħtrq	i ħ t a r a q a
saːħة	s aː ħ a
almriːx	a l m i r r iː x
ɣmuːd	ɣ u m uː d
qaːuːuːn	q aː w uː n
atsm	i t t a s a m a
traːb	t u r aː b
aٔbhd͡ʒ	ʔ a b h a d͡ʒ a
bluːr	b i l l a w r
aٔrɣaːn	ʔ a r ɣ aː n
ʃnʕ	ʃ a n n a ʕ a
aٔrθuːðksiː	ʔ u r θ uː ð u k s i j j
d͡ʒbiːz	d͡ʒ a b iː z
ðhb	ð a h a b
uːqt	w a q a t
ʃhaːdة	ʃ a h aː d a
uːqʕ	w a q a ʕ a
draːsiː	d i r aː s i j j
ndm	n a d a m
