<|DEU|>ab	a p
<|DEU|>abfertigung	a p f ɛ ʁ t i ɡ ʊ ŋ
<|DEU|>abfinden	a p f ɪ n d ə n
<|DEU|>abflug	ʔ a p f l uː k
<|DEU|>abgang	a p ɡ a ŋ
<|DEU|>abkürzung	a p k ʏ ʁ t s ʊ ŋ
<|DEU|>abschirmen	a p ʃ ɪ ʁ m ə n
<|DEU|>abstand	a p ʃ t a n t
<|DEU|>abstrich	a p ʃ t ʁ ɪ ç
<|DEU|>abwehrspieler	a p v ɛ ɐ̯ ʃ p iː l ɐ
<|DEU|>abzug	a p t͡s uː k
<|DEU|>all	a l
<|DEU|>allein	a l a ɪ n
<|DEU|>allem	a l ə m
<|DEU|>allerdings	ʔ a l ɐ d ɪ ŋ s
<|DEU|>alte	a l t ə
<|DEU|>amt	a m t
<|DEU|>an	ʔ a n
<|DEU|>anblick	ʔ a n b l ɪ k
<|DEU|>andere	ʔ a n d ə ʁ ə
<|DEU|>anderer	a n d ə r ə r
<|DEU|>anfang	ʔ a n f a ŋ
<|DEU|>angesichts	ʔ a n ɡ ə z ɪ ç t s
<|DEU|>angespannt	a n ɡ ə ʃ p a n t
<|DEU|>angewiesen	a n ɡ ə v iː z n̩
<|DEU|>angriff	a n ɡ ʁ ɪ f
<|DEU|>ankündigung	a n k ʏ n d ɪ ɡ ʊ ŋ
<|DEU|>ansatz	a n z a t s
<|DEU|>anschauen	ʔ a n ʃ a ʊ̯ ə n
<|DEU|>ansicht	ʔ a n z ɪ ç t
<|DEU|>antje	ʔ a n t j ə
<|DEU|>antworten	a n t v ɔ ʁ t ə n
<|DEU|>anwohner	a n v oː n ɐ
<|DEU|>anzahl	a n t s aː l
<|DEU|>arbeitsplatz	ʔ a ʁ b a ɪ̯ t s p l a t s
<|DEU|>architektur	a ʁ ç i t ɛ k t uː ɐ̯
<|DEU|>aschenbrödel	a ʃ n̩ b ʁ øː d l̩
<|DEU|>atem	aː t ə m
<|DEU|>attacke	a t a k ə
<|DEU|>attila	a t i l a
<|DEU|>auf	a ʊ̯ f
<|DEU|>aufkleber	a ʊ̯ f k l eː b ɐ
<|DEU|>aufrechterhalten	a ʊ̯ f ʁ ɛ ç t ʔ ɛ ɐ̯ h a l t n̩
<|DEU|>aufruf	a ʊ̯ f ʁ uː f
<|DEU|>aufs	a ʊ̯ f s
<|DEU|>aufschlag	a ʊ̯ f ʃ l aː k
<|DEU|>aus	a ʊ s
<|DEU|>ausfallen	a ʊ̯ s f a l ə n
<|DEU|>ausführung	ʔ a ʊ̯ s f yː ʁ ʊ ŋ
<|DEU|>ausgeben	a ʊ̯ s ɡ eː b ə n
<|DEU|>ausgebildet	a ʊ̯ s ɡ ə b ɪ l d ə t
<|DEU|>ausgehen	ʔ a ʊ̯ s ɡ eː ə n
<|DEU|>ausgeschlossen	a ʊ̯ s ɡ ə ʃ l ɔ s ə n
<|DEU|>ausmass	a ʊ̯ s m aː s
<|DEU|>ausnahme	a ʊ̯ s n aː m ə
<|DEU|>aussage	a ʊ̯ s z aː ɡ ə
<|DEU|>ausser	a ʊ̯ s ɐ
<|DEU|>ausserhalb	a ʊ̯ s ɐ h a l p
<|DEU|>ausstellung	a ʊ̯ s ʃ t ɛ l ʊ ŋ
<|DEU|>bahn	b aː n
<|DEU|>bayern	b a ɪ̯ ɐ n
<|DEU|>beckmann	b ɛ k m a n
<|DEU|>bedarf	b ə d a ʁ f
<|DEU|>befürworten	b ə f yː ɐ̯ v ɔ ʁ t n̩
<|DEU|>befürworter	b ə f yː ɐ̯ v ɔ ʁ t ɐ
<|DEU|>begeistert	b ə ɡ a ɪ̯ s t ɐ t
<|DEU|>behandlung	b ə h a n d l ʊ ŋ
<|DEU|>behinderung	b ə h ɪ n d ə ʁ ʊ ŋ
<|DEU|>beifahrer	b a ɪ̯ f aː ʁ ɐ
<|DEU|>bein	b a ɪ̯ n
<|DEU|>beispielsweise	b a ɪ̯ ʃ p iː l s v a ɪ̯ z ə
<|DEU|>bekannt	b ə k a n t
<|DEU|>bekenntnis	b ə k ɛ n t n ɪ s
<|DEU|>bekommen	b ə k ɔ m ə n
<|DEU|>bekämpft	b ə k ɛ m f t
<|DEU|>berauben	b ə ʁ a ʊ̯ b n̩
<|DEU|>bereich	b ə ʁ a ɪ̯ ç
<|DEU|>bereit	b ə ʁ a ɪ̯ t
<|DEU|>bergland	b ɛ ʁ k l a n t
<|DEU|>beschluss	b ə ʃ l ʊ s
<|DEU|>beschlussfähig	b ə ʃ l ʊ s f ɛː ɪ ç
<|DEU|>beschweren	b ə ʃ v eː ʁ ə n
<|DEU|>besprechen	b ə ʃ p ʁ ɛ ç ə n
<|DEU|>besser	b ɛ s ɐ
<|DEU|>bestellung	b ə ʃ t ɛ l ʊ ŋ
<|DEU|>besuch	b ə z uː χ
<|DEU|>besucher	b ə z uː x ɐ
<|DEU|>bettina	b ɛ t iː n a
<|DEU|>bevölkerung	b ə f œ l k ə ʁ ʊ ŋ
<|DEU|>bewahren	b ə v aː ʁ ə n
<|DEU|>bewohner	b ə v oː n ɐ
<|DEU|>bewährungsstrafe	b ə v ɛː ʁ ʊ ŋ s ʃ t ʁ aː f ə
<|DEU|>beziehung	b ə t s iː ʊ ŋ
<|DEU|>bezirk	b ə t͡s ɪ ʁ k
<|DEU|>bezwingen	b ə t͡s v ɪ ŋ ə n
<|DEU|>bieten	b iː t ə n
<|DEU|>bilden	b ɪ l d ə n
<|DEU|>bildung	b ɪ l d ʊ ŋ
<|DEU|>bin	b ɪ n
<|DEU|>bisher	b ɪ s h eː ɐ̯
<|DEU|>bislang	b ɪ s l a ŋ
<|DEU|>bitte	b ɪ t ə
<|DEU|>bleiben	b l a ɪ̯ b ə n
<|DEU|>breit	b ʁ a ɪ̯ t
<|DEU|>breite	b ʁ a ɪ̯ t ə
<|DEU|>bremsen	b ʁ ɛ m z ə n
<|DEU|>brot	b ʁ oː t
<|DEU|>brutaler	b ʁ u t aː l ɐ
<|DEU|>bund	b ʊ n t
<|DEU|>bundestag	b ʊ n d ə s t aː k
<|DEU|>bundeswehr	b ʊ n d ə s v eː ɐ̯
<|DEU|>bäume	b ɔ ʏ m ə
<|DEU|>böse	b øː z ə
<|DEU|>bürgermeister	b ʏ ʁ ɡ ɐ m a ɪ̯ s t ɐ
<|DEU|>dafür	d a f yː ʁ
<|DEU|>dagegen	d a ɡ eː ɡ ŋ̩
<|DEU|>danach	d a n aː χ
<|DEU|>dann	d a n
<|DEU|>daran	d a ʁ a n
<|DEU|>dass	d a s
<|DEU|>decke	d ɛ k ə
<|DEU|>deiner	d a ɪ̯ n ɐ
<|DEU|>demnach	d eː m n aː x
<|DEU|>denen	d eː n ə n
<|DEU|>denkfehler	d ɛ ŋ k f eː l ɐ
<|DEU|>denn	d ɛ n
<|DEU|>derzeit	d eː ɐ̯ t͡s a ɪ̯ t
<|DEU|>deshalb	d ɛ s h a l p
<|DEU|>dessen	d ɛ s ə n
<|DEU|>deutscher	d ɔ ɪ̯ t͡ʃ ɐ
<|DEU|>dezember	d e t s ɛ m b ɐ
<|DEU|>dinge	d ɪ ŋ ə
<|DEU|>diskutieren	d ɪ s k u t iː ʁ ə n
<|DEU|>diversität	d i v ɛ ʁ z i t ɛː t
<|DEU|>draussen	d r a ʊ̯ s ə n
<|DEU|>drei	d ʁ a ɪ̯
<|DEU|>dritte	d r ɪ t ə
<|DEU|>drosselung	d ʁ ɔ s ə l ʊ ŋ
<|DEU|>druck	d ʁ ʊ k
<|DEU|>drücken	d ʁ ʏ k ə n
<|DEU|>durchschnittlich	d ʊ ɐ̯ ç ʃ n ɪ t l ɪ ç
<|DEU|>durchsuchung	d ʊ ʁ ç z uː χ ʊ ŋ
<|DEU|>dürfen	d ʏ r f ə n
<|DEU|>ebenso	eː b ə n z oː
<|DEU|>ecke	ɛ k ə
<|DEU|>eckert	ɛ k ɐ t
<|DEU|>eher	eː ə ʁ
<|DEU|>einbruch	a ɪ̯ n b ʁ ʊ x
<|DEU|>eine	ʔ a ɪ̯ n ə
<|DEU|>einem	a ɪ̯ n ə m
<|DEU|>einfach	ʔ a ɪ̯ n f a x
<|DEU|>einfallen	a ɪ̯ n f a l ə n
<|DEU|>einheiten	a ɪ̯ n h a ɪ̯ t ə n
<|DEU|>einher	a ɪ̯ n h eː ɐ̯
<|DEU|>einkaufen	a ɪ̯ n k a ʊ̯ f ə n
<|DEU|>einlagern	ʔ a ɪ n l aː ɡ ɐ n
<|DEU|>einlassung	a ɪ̯ n l a s ʊ ŋ
<|DEU|>einleitung	a ɪ̯ n l a ɪ̯ t ʊ ŋ
<|DEU|>einmal	a ɪ̯ n m aː l
<|DEU|>einnehmend	a ɪ̯ n n eː m ə n t
<|DEU|>einrichtung	ʔ a ɪ̯ n ʁ ɪ ç t ʊ ŋ
<|DEU|>einsatz	ʔ a ɪ̯ n z a t s
<|DEU|>einsteiger	a ɪ n ʃ t ɐ ɪ ɡ ɐ
<|DEU|>einstellung	a ɪ̯ n ʃ t ɛ l ʊ ŋ
<|DEU|>einwohner	a ɪ̯ n v oː n ɐ
<|DEU|>empfehlen	ʔ ɛ m p f eː l ə n
<|DEU|>empfehlung	ɛ m p f eː l ʊ ŋ
<|DEU|>empört	ɛ m p øː ɐ̯ t
<|DEU|>endlich	ɛ n t l ɪ ç
<|DEU|>entscheidung	ʔ ɛ n t ʃ a ɪ̯ d ʊ ŋ
<|DEU|>enttäuschend	ɛ n t t ɔ ɪ̯ ʃ n̩ t
<|DEU|>erdnuss	eː ɐ̯ t n ʊ s
<|DEU|>erdreich	eː ɐ̯ t ʁ a ɪ̯ ç
<|DEU|>erforderlich	ɛ ɐ̯ f ɔ ʁ d ɐ l ɪ ç
<|DEU|>ergebnisse	ɛ ɐ̯ ɡ eː p n ɪ s ə
<|DEU|>erkrankung	ɛ r k r a ŋ k ʊ ŋ
<|DEU|>erleichtern	ʔ ɛ ɐ̯ l a ɪ̯ ç t ɐ n
<|DEU|>erleichterung	ɛ ɐ̯ l a ɪ̯ ç t ə ʁ ʊ ŋ
<|DEU|>ermittler	ɛ ɐ̯ m ɪ t l ɐ
<|DEU|>erneut	ɛ ʁ n ɔ ɪ̯ t
<|DEU|>ernüchternd	ɛ ɐ̯ n ʏ ç t ɐ n t
<|DEU|>erreichen	ɛ ɐ̯ ʁ a ɪ̯ ç ə n
<|DEU|>erst	eː r s t
<|DEU|>erste	eː r s t ə
<|DEU|>erster	eː ɐ̯ s t ɐ
<|DEU|>erwachsene	ɛ ɐ̯ v a k s ə n ə
<|DEU|>erweitern	ʔ ɛ ɐ̯ v a ɪ̯ t ɐ n
<|DEU|>essen	ɛ s ə n
<|DEU|>etwa	ɛ t v a
<|DEU|>etwas	ɛ t v a s
<|DEU|>eventuell	e v ɛ n t u̯ ɛ l
<|DEU|>existieren	ɛ k s ɪ s t iː ʁ ə n
<|DEU|>fahndung	f aː n d ʊ ŋ
<|DEU|>fand	f a n t
<|DEU|>farbe	f a r b ə
<|DEU|>farbenfroh	f a ʁ b n̩ f ʁ oː
<|DEU|>fass	f a s
<|DEU|>faustschlag	f a ʊ̯ s t ʃ l aː k
<|DEU|>februar	f eː b r u aː r
<|DEU|>fehler	f eː l ɐ
<|DEU|>feld	f ɛ l t
<|DEU|>fell	f ɛ l
<|DEU|>fenster	f ɛ n s t ɐ
<|DEU|>festlegen	f ɛ s t l eː ɡ ə n
<|DEU|>feststellen	f ɛ s t ʃ t ɛ l ə n
<|DEU|>feuer	f ɔ ʏ̯ ə r
<|DEU|>findet	f ɪ n d ə t
<|DEU|>flagge	f l a ɡ ə
<|DEU|>fleisch	f l a ɪ̯ ʃ
<|DEU|>flick	f l ɪ k
<|DEU|>fläche	f l ɛ ç ə
<|DEU|>fokus	f oː k ʊ s
<|DEU|>folge	f ɔ l ɡ ə
<|DEU|>form	f ɔ ʁ m
<|DEU|>formulieren	f ɔ ʁ m u l iː ʁ ə n
<|DEU|>fracht	f r a x t
<|DEU|>fragen	f ʁ aː ɡ ə n
<|DEU|>fraglich	f ʁ aː k l ɪ ç
<|DEU|>frauen	f ʁ a ʊ ə n
<|DEU|>freiburg	f ʁ a ɪ̯ b ʊ ʁ k
<|DEU|>freien	f ʁ a ɪ̯ ə n
<|DEU|>freude	f ʁ ɔ ʏ̯ d ə
<|DEU|>freundin	f ʁ ɔ ʏ̯ n d ɪ n
<|DEU|>frisch	f ʁ ɪ ʃ
<|DEU|>front	f ʁ ɔ n t
<|DEU|>frühjahrsputz	f ʁ yː j aː ɐ̯ s p ʊ t s
<|DEU|>frühzeitig	f ʁ yː t͡s a ɪ̯ t ɪ ç
<|DEU|>fährt	f ɛː r t
<|DEU|>fälle	f ɛ l ə
<|DEU|>fällen	f ɛ l ə n
<|DEU|>fällt	f ɛ l t
<|DEU|>fühlen	f yː l ə n
<|DEU|>führung	f yː ʁ ʊ ŋ
<|DEU|>füssen	f ʏ s n̩
<|DEU|>gab	ɡ aː p
<|DEU|>ganz	ɡ a n t s
<|DEU|>ganze	ɡ a n t s ə
<|DEU|>gebe	ɡ eː b ə
<|DEU|>gedanken	ɡ ə d a ŋ k ə n
<|DEU|>gefecht	ɡ ə f ɛ ç t
<|DEU|>gefährlich	ɡ ə f ɛː ɐ̯ l ɪ ç
<|DEU|>gefällt	ɡ ə f ɛ l t
<|DEU|>gefühle	ɡ ə f yː l ə
<|DEU|>gegen	ɡ e ɡ ə n
<|DEU|>gegenteil	ɡ eː ɡ n̩ t a ɪ̯ l
<|DEU|>geht	ɡ eː t
<|DEU|>geht's	ɡ eː t s
<|DEU|>gehört	ɡ ə h øː ɐ̯ t
<|DEU|>geldanlage	ɡ ɛ l t ʔ a n l aː ɡ ə
<|DEU|>gelesen	ɡ ə l eː z ə n
<|DEU|>geliebt	ɡ ə l iː p t
<|DEU|>gemacht	ɡ ə m a x t
<|DEU|>gemeinde	ɡ ə m a ɪ̯ n d ə
<|DEU|>gemusst	ɡ ə m ʊ s t
<|DEU|>genauso	ɡ ə n a ʊ̯ z oː
<|DEU|>genügen	ɡ ə n yː ɡ n̩
<|DEU|>gerechtigkeit	ɡ ə ʁ ɛ ç t ɪ ç k a ɪ̯ t
<|DEU|>gericht	ɡ ə ʁ ɪ ç t
<|DEU|>gerne	ɡ ɛ r n ə
<|DEU|>gesang	ɡ ə z a ŋ
<|DEU|>gescheitert	ɡ ə ʃ a ɪ̯ t ɐ t
<|DEU|>geschichte	ɡ ə ʃ ɪ ç t ə
<|DEU|>geschäft	ɡ ə ʃ ɛ f t
<|DEU|>geschätzt	ɡ ə ʃ ɛ t͡s t
<|DEU|>gesellschaft	ɡ ə z ɛ l ʃ a f t
<|DEU|>gesetzgeber	ɡ ə z ɛ t s ɡ eː b ɐ
<|DEU|>gesetzlich	ɡ ə z ɛ t͡s l ɪ ç
<|DEU|>gespenst	ɡ ə ʃ p ɛ n s t
<|DEU|>gesprochen	ɡ ə ʃ p ʁ ɔ x n̩
<|DEU|>gespräch	ɡ ə ʃ p ʁ ɛː ç
<|DEU|>gestaltung	ɡ ə ʃ t a l t ʊ ŋ
<|DEU|>gestellt	ɡ ə ʃ t ɛ l t
<|DEU|>gestorben	ɡ ə ʃ t ɔ ʁ b ə n
<|DEU|>gesundheit	ɡ ə z ʊ n t h a ɪ̯ t
<|DEU|>getan	ɡ ə t aː n
<|DEU|>getöse	ɡ ə t øː z ə
<|DEU|>gewesen	ɡ ə v eː z ə n
<|DEU|>gewinnen	ɡ ə v ɪ n ə n
<|DEU|>gewiss	ɡ ə v ɪ s
<|DEU|>gewährleisten	ɡ ə v ɛː ʁ l a ɪ̯ s t ə n
<|DEU|>giessen	ɡ iː s ə n
<|DEU|>gilt	ɡ ɪ l t
<|DEU|>ging	ɡ ɪ ŋ
<|DEU|>gitarrist	ɡ i t a ʁ ɪ s t
<|DEU|>glasfaser	ɡ l aː s f aː z ɐ
<|DEU|>gleich	ɡ l a ɪ̯ ç
<|DEU|>gleichen	ɡ l a ɪ̯ ç ə n
<|DEU|>gliederung	ɡ l iː d ə ʁ ʊ ŋ
<|DEU|>grad	ɡ ʁ aː t
<|DEU|>grossbritannien	ɡ ʁ oː s b ʁ ɪ t a n j ə n
<|DEU|>grossen	ɡ ʁ oː s n̩
<|DEU|>grosses	ɡ ʁ oː s ə s
<|DEU|>grundstück	ɡ ʁ ʊ n t ʃ t ʏ k
<|DEU|>grösser	ɡ ʁ øː s ɐ
<|DEU|>grösstenteils	ɡ ʁ øː s t ə n t a ɪ̯ l s
<|DEU|>gärtner	ɡ ɛ ʁ t n ɐ
<|DEU|>günther	ɡ ʏ n t ɐ
<|DEU|>habe	h aː b ə
<|DEU|>halt	h a l t
<|DEU|>haltbar	h a l t b aː ʁ
<|DEU|>hanau	h aː n a ʊ̯
<|DEU|>handy	h ɛ n d i
<|DEU|>hatte	h a t ə
<|DEU|>hauptstadt	h a ʊ̯ p t ʃ t a t
<|DEU|>haushund	h a ʊ̯ s h ʊ n t
<|DEU|>hektar	h ɛ k t aː ɐ̯
<|DEU|>helfen	h ɛ l f n̩
<|DEU|>herbst	h ɛ ʁ p s t
<|DEU|>herrgottswinkel	h ɛ ʁ ɡ ɔ t͡s v ɪ ŋ k l̩
<|DEU|>herrschaft	h ɛ ʁ ʃ a f t
<|DEU|>hersteller	h eː ɐ̯ ʃ t ɛ l ɐ
<|DEU|>herzen	h ɛ ʁ t s n̩
<|DEU|>heuer	h ɔ ʏ̯ ɐ
<|DEU|>hilfreich	h ɪ l f ʁ a ɪ̯ ç
<|DEU|>hinten	h ɪ n t ə n
<|DEU|>hinter	h ɪ n t ɐ
<|DEU|>hinterlassen	h ɪ n t ɐ l a s n̩
<|DEU|>hoffentlich	h ɔ f n̩ t l ɪ ç
<|DEU|>hoffnung	h ɔ f n ʊ ŋ
<|DEU|>husten	h uː s t ə n
<|DEU|>hätte	h ɛ t ə
<|DEU|>höhe	h øː ə
<|DEU|>hörsaal	h øː ɐ̯ z aː l
<|DEU|>ich	ɪ ç
<|DEU|>ideen	i d eː ə n
<|DEU|>ihrem	ʔ iː ʁ ə m
<|DEU|>illegal	ɪ l e ɡ aː l
<|DEU|>im	ɪ m
<|DEU|>immer	ɪ m ɐ
<|DEU|>impfung	ɪ m p͡f ʊ ŋ
<|DEU|>indem	ɪ n d eː m
<|DEU|>inne	ɪ n ə
<|DEU|>innerhalb	ɪ n ɐ h a l p
<|DEU|>insbesondere	ɪ n s b ə z ɔ n d ə ʁ ə
<|DEU|>insgesamt	ɪ n s ɡ ə z a m t
<|DEU|>intensiv	ɪ n t ɛ n z iː f
<|DEU|>interessiert	ɪ n t ə ʁ s iː ɐ̯ t
<|DEU|>investieren	ɪ n v ɛ s t iː ʁ ə n
<|DEU|>inzidenz	ɪ n t͡s i d ɛ n t͡s
<|DEU|>inzwischen	ɪ n t͡s v ɪ ʃ n̩
<|DEU|>jahr	j aː r
<|DEU|>jahre	j aː ʁ ə
<|DEU|>jahrgang	j aː ɐ̯ ɡ a ŋ
<|DEU|>jede	j eː d ə
<|DEU|>jeden	j eː d n̩
<|DEU|>jedenfalls	j eː d ə n f a l s
<|DEU|>jedes	j eː d ə s
<|DEU|>jedoch	j eː d ɔ x
<|DEU|>jemand	j eː m a n t
<|DEU|>jeweils	j eː v a ɪ̯ l s
<|DEU|>jugendliche	j uː ɡ ə n t l ɪ ç ə
<|DEU|>junge	j ʊ ŋ ə
<|DEU|>jägers	j ɛː ɡ ɐ s
<|DEU|>jährlich	j ɛː ɐ̯ l ɪ ç
<|DEU|>kaiser	k a ɪ̯ z ɐ
<|DEU|>kaiserslautern	k a ɪ z ɐ s l a ʊ t ɐ n
<|DEU|>kampagne	k a m p a n j ə
<|DEU|>kann	k a n
<|DEU|>kanzlerin	k a n t s l ə ʁ ɪ n
<|DEU|>kaum	k a ʊ̯ m
<|DEU|>kehren	k eː ʁ ə n
<|DEU|>kein	k a ɪ̯ n
<|DEU|>keine	k a ɪ̯ n ə
<|DEU|>kennzeichen	k ɛ n t s a ɪ ç ə n
<|DEU|>kinder	k ɪ n d ɐ
<|DEU|>kippen	k ɪ p ə n
<|DEU|>klimakrise	k l iː m a k ʁ iː z ə
<|DEU|>konnte	k ɔ n t ə
<|DEU|>konsole	k ɔ n z oː l ə
<|DEU|>konstant	k ɔ n s t a n t
<|DEU|>konstantinopel	k ɔ n s t a n t i n oː p l̩
<|DEU|>korrigieren	k ɔ ʁ i ɡ iː ʁ ə n
<|DEU|>kraft	k ʁ a f t
<|DEU|>kreisssaal	k ʁ a ɪ̯ s z aː l
<|DEU|>kreisverkehr	k ʁ a ɪ̯ s f ɛ ɐ̯ k eː ɐ̯
<|DEU|>krise	k ʁ iː z ə
<|DEU|>kunden	k ʊ n d ə n
<|DEU|>kurz	k ʊ ʁ t͡s
<|DEU|>kurzarbeit	k ʊ ʁ t͡s ʔ a ʁ b a ɪ̯ t
<|DEU|>kämpfen	k ɛ m p f ə n
<|DEU|>könne	k œ n ə
<|DEU|>können	k œ n ə n
<|DEU|>könnt	k œ n t
<|DEU|>könnte	k œ n t ə
<|DEU|>körper	k œ r p ə r
<|DEU|>kürzlich	k ʏ ʁ t s l ɪ ç
<|DEU|>küster	k ʏ s t ɐ
<|DEU|>lage	l aː ɡ ə
<|DEU|>landkreis	l a n t k ʁ a ɪ̯ s
<|DEU|>langen	l a ŋ ə n
<|DEU|>laut	l a ʊ̯ t
<|DEU|>leben	l eː b ə n
<|DEU|>lebenspartner	l eː b n̩ s p a ʁ t n ɐ
<|DEU|>lebt	l eː p t
<|DEU|>leicht	l a ɪ̯ ç t
<|DEU|>leise	l a ɪ z ə
<|DEU|>leisten	l a ɪ̯ s t n̩
<|DEU|>lernen	l ɛ ɐ n ə n
<|DEU|>lesen	l eː z n̩
<|DEU|>letzte	l ɛ t͡s t ə
<|DEU|>letztlich	l ɛ t s t l ɪ ç
<|DEU|>lieber	l iː b ɐ
<|DEU|>linken	l ɪ ŋ k ə n
<|DEU|>literatur	l ɪ t ə ʁ a t uː ɐ̯
<|DEU|>losfahren	l oː s f aː ʁ ə n
<|DEU|>losgehen	l oː s ɡ eː ə n
<|DEU|>luft	l ʊ f t
<|DEU|>lässt	l ɛ s t
<|DEU|>lösung	l øː z ʊ ŋ
<|DEU|>machte	m a x t ə
<|DEU|>magazin	m a ɡ a t s iː n
<|DEU|>magdeburg	m a k d ə b ʊ ʁ k
<|DEU|>manch	m a n ç
<|DEU|>mandat	m a n d aː t
<|DEU|>manko	m a ŋ k o
<|DEU|>mann	m a n
<|DEU|>marke	m a ʁ k ə
<|DEU|>massiv	m a s iː f
<|DEU|>massnahmen	m aː s n aː m ə n
<|DEU|>matthias	m a t iː a s
<|DEU|>mau	m a ʊ̯
<|DEU|>mechanismus	m e ç a n ɪ s m ʊ s
<|DEU|>meine	m a ɪ̯ n ə
<|DEU|>meiner	m a ɪ̯ n ɐ
<|DEU|>meistens	m a ɪ̯ s t n̩ s
<|DEU|>mich	m ɪ ç
<|DEU|>mikrofon	m i k ʁ o f oː n
<|DEU|>mild	m ɪ l t
<|DEU|>milliarde	m ɪ l j aː d ə
<|DEU|>ministerpräsident	m i n ɪ s t ɐ p ʁ ɛː z i d ɛ n t
<|DEU|>minute	m i n uː t ə
<|DEU|>mit	m ɪ t
<|DEU|>mitarbeiter	m ɪ t a r b a ɪ̯ t ə r
<|DEU|>mitglieder	m ɪ t ɡ l iː d ɐ
<|DEU|>mitgliedern	m ɪ t ɡ l iː d ɐ n
<|DEU|>mithilfe	m ɪ t h ɪ l f ə
<|DEU|>mitte	m ɪ t ə
<|DEU|>mitteilen	m ɪ t t a ɪ̯ l ə n
<|DEU|>mittelfeld	m ɪ t ə l f ɛ l t
<|DEU|>mitternacht	m ɪ t ɐ n a χ t
<|DEU|>mittwoch	m ɪ t v ɔ x
<|DEU|>mobilität	m o b i l i t ɛː t
<|DEU|>moderne	m o d ɛ ʁ n ə
<|DEU|>monate	m oː n a t ə
<|DEU|>monats	m oː n a t͡s
<|DEU|>moral	m o ʁ aː l
<|DEU|>musiker	m uː z i k ɐ
<|DEU|>muss	m ʊ s
<|DEU|>musste	m ʊ s t ə
<|DEU|>männer	m ɛ n ɐ
<|DEU|>möchte	m œ ç tʰ ə
<|DEU|>möglich	m øː k l ɪ ç
<|DEU|>möglichkeit	m øː k l ɪ ç k a ɪ̯ t
<|DEU|>müller	m ʏ l ɐ
<|DEU|>müsse	m ʏ s ə
<|DEU|>müssen	m ʏ s ə n
<|DEU|>müsste	m ʏ s t ə
<|DEU|>nachrichtenagentur	n aː χ ʁ ɪ ç t ə n a ɡ ɛ n t uː ɐ
<|DEU|>nacken	n a k ə n
<|DEU|>nahe	n aː ə
<|DEU|>nase	n aː z ə
<|DEU|>nasenloch	n aː z ə n l ɔ χ
<|DEU|>nazis	n aː t s iː s
<|DEU|>nebst	n eː p s t
<|DEU|>nennen	n ɛ n ə n
<|DEU|>nennwert	n ɛ n v eː r t
<|DEU|>nett	n ɛ t
<|DEU|>netz	n ɛ t͡s
<|DEU|>neu	n ɔ ʏ̯
<|DEU|>neudeutsch	n ɔ ɪ̯ d ɔ ɪ̯ t͡ʃ
<|DEU|>neun	n ɔ ʏ̯ n
<|DEU|>niederlande	n iː d ɐ l a n d ə
<|DEU|>niedersachsen	n iː d ɐ z a k s ə n
<|DEU|>niederösterreich	n iː d ɐ ʔ øː s t ə ʁ a ɪ̯ ç
<|DEU|>normalerweise	n ɔ ʁ m aː l ɐ v a ɪ̯ z ə
<|DEU|>notfall	n oː t f a l
<|DEU|>notstand	n oː t ʃ t a n t
<|DEU|>oben	ʔ oː b ə n
<|DEU|>offenbar	ɔ f n̩ b aː ɐ̯
<|DEU|>offiziell	ɔ f i t s j ɛ l
<|DEU|>oft	ɔ f t
<|DEU|>ohne	oː n ə
<|DEU|>ohnehin	oː n ə h ɪ n
<|DEU|>ordnungsgemäss	ɔ ʁ d n ʊ ŋ s ɡ ə m ɛː s
<|DEU|>ortschaft	ɔ ʁ t ʃ a f t
<|DEU|>ostersonntag	oː s t ɐ z ɔ n t aː k
<|DEU|>pappbecher	p a p b ɛ ç ɐ
<|DEU|>pariser	p a ʁ iː z ɐ
<|DEU|>parkplatz	p a r k p l a t͡s
<|DEU|>parteipolitik	p a ʁ t a ɪ̯ p o l i t iː k
<|DEU|>pfleger	p f l eː ɡ ɐ
<|DEU|>phase	f aː z ə
<|DEU|>pilgern	p ɪ l ɡ ɐ n
<|DEU|>pkw	p eː k a v eː
<|DEU|>planen	p l aː n ə n
<|DEU|>podest	p o d ɛ s t
<|DEU|>polarstern	p o l aː ɐ̯ ʃ t ɛ ɐ̯ n
<|DEU|>polizist	p o l i t͡s ɪ s t
<|DEU|>polizisten	p o l i t͡s ɪ s t ə n
<|DEU|>portugiesin	p ɔ ʁ t u ɡ iː z ɪ n
<|DEU|>postfach	p ɔ s t f a χ
<|DEU|>premierministerin	p ʁ e m j eː m i n ɪ s t ɐ ʁ ɪ n
<|DEU|>prinz	p ʁ ɪ n t͡s
<|DEU|>probieren	p ʁ o b iː ʁ ə n
<|DEU|>profi	p ʁ oː f i
<|DEU|>profitieren	p ʁ o f i t iː ʁ ə n
<|DEU|>prognose	p ʁ o ɡ n oː z ə
<|DEU|>programm	p r o ɡ r a m
<|DEU|>projekt	p ʁ o j ɛ k t
<|DEU|>promille	p ʁ o m ɪ l ə
<|DEU|>prominenter	p ʁ ɔ m i n ɛ n t ɐ
<|DEU|>publikum	p uː b l iː k ʊ m
<|DEU|>quer	k v eː ɐ̯
<|DEU|>querdenker	k v eː ɐ̯ d ɛ ŋ k ɐ
<|DEU|>rahmen	ʁ aː m ə n
<|DEU|>raum	ʁ a ʊ̯ m
<|DEU|>rechnen	ʁ ɛ ç n ə n
<|DEU|>regierung	ʁ ə ɡ iː ʁ ʊ ŋ
<|DEU|>reicher	ʁ a ɪ̯ ç ɐ
<|DEU|>reichlich	ʁ a ɪ̯ ç l ɪ ç
<|DEU|>reihe	ʁ a ɪ̯ ə
<|DEU|>rekord	ʁ e k ɔ ʁ t
<|DEU|>rendite	ʁ ɛ n d iː t ə
<|DEU|>respektive	r e s p ɛ k t iː v e
<|DEU|>richtung	ʁ ɪ ç t ʊ ŋ
<|DEU|>richtungen	ʁ ɪ ç t ʊ ŋ
<|DEU|>rote	ʁ oː t ə
<|DEU|>russe	ʁ ʊ s ə
<|DEU|>räume	ʁ ɔ ɪ̯ m ə
<|DEU|>räumen	ʁ ɔ ɪ̯ m ə n
<|DEU|>rückzug	ʁ y k t s uː k
<|DEU|>saal	z aː l
<|DEU|>sache	z a x ə
<|DEU|>sachen	z a x n̩
<|DEU|>sage	z aː ɡ ə
<|DEU|>saniert	z a n iː ɐ̯ t
<|DEU|>scharf	ʃ a r f
<|DEU|>scheut	ʃ ɔ ʏ̯ t
<|DEU|>schicksal	ʃ ɪ k z aː l
<|DEU|>schieben	ʃ iː b ə n
<|DEU|>schien	ʃ iː n
<|DEU|>schienen	ʃ iː n ə n
<|DEU|>schlagen	ʃ l aː ɡ n̩
<|DEU|>schliesslich	ʃ l iː s l ɪ ç
<|DEU|>schloss	ʃ l ɔ s
<|DEU|>schlusspunkt	ʃ l ʊ s p ʊ ŋ k t
<|DEU|>schlüsselanhänger	ʃ l ʏ s l̩ ʔ a n h ɛ n ɡ ɐ
<|DEU|>schmoren	ʃ m oː ʁ ə n
<|DEU|>schneefall	ʃ n eː f a l
<|DEU|>schnell	ʃ n ɛ l
<|DEU|>schnellen	ʃ n ɛ l n̩
<|DEU|>schneller	ʃ n ɛ l ɐ
<|DEU|>schule	ʃ uː l ə
<|DEU|>schutz	ʃ ʊ t͡s
<|DEU|>schweizer	ʃ v a ɪ̯ t͡s ɐ
<|DEU|>schweren	ʃ v eː r ə n
<|DEU|>schätzung	ʃ ɛ t s ʊ ŋ
<|DEU|>schöne	ʃ øː n ə
<|DEU|>schönste	ʃ øː n s t ə
<|DEU|>schüler	ʃ yː l ɐ
<|DEU|>schülern	ʃ yː l ɐ n
<|DEU|>sechs	z ɛ k s
<|DEU|>sehnsüchtig	z eː n z ʏ ç t ɪ ç
<|DEU|>sehr	z eː r
<|DEU|>seid	z a ɪ̯ t
<|DEU|>seien	z a ɪ̯ ə n
<|DEU|>seine	z a ɪ̯ n ə
<|DEU|>seiner	z a ɪ̯ n ɐ
<|DEU|>seines	z a ɪ̯ n ə s
<|DEU|>seit	z a ɪ̯ t
<|DEU|>seite	z a ɪ̯ t ə
<|DEU|>seiten	z a ɪ̯ t ə n
<|DEU|>selbstmord	z ɛ l p s t m ɔ ʁ t
<|DEU|>selbstverwirklichung	z ɛ l p s t f ɛ ɐ̯ v ɪ ʁ k l ɪ ç ʊ ŋ
<|DEU|>senat	z e n aː t
<|DEU|>sender	z ɛ n d ɐ
<|DEU|>setzen	z ɛ t s ə n
<|DEU|>sich	z ɪ ç
<|DEU|>sicherheit	z ɪ ç ɐ h a ɪ̯ t
<|DEU|>sicherlich	z ɪ ç ɐ l ɪ ç
<|DEU|>sichern	z ɪ ç ɐ n
<|DEU|>sieger	z iː ɡ ɐ
<|DEU|>sinkt	z ɪ ŋ k t
<|DEU|>sinnvoll	z ɪ n f ɔ l
<|DEU|>sogar	z o ɡ aː ɐ̯
<|DEU|>solche	z ɔ l ç ə
<|DEU|>soldaten	z ɔ l d aː t n
<|DEU|>soll	z ɔ l
<|DEU|>sommer	z ɔ m ɐ
<|DEU|>spann	ʃ p a n
<|DEU|>spaziergang	ʃ p a t͡s iː ɐ̯ ɡ a ŋ
<|DEU|>speed	s p iː t
<|DEU|>spiel	ʃ p iː l
<|DEU|>spielen	ʃ p iː l ə n
<|DEU|>spieler	ʃ p iː l ɐ
<|DEU|>sportler	ʃ p ɔ ʁ t l ɐ
<|DEU|>sprechen	ʃ p r ɛ ç ə n
<|DEU|>sprecher	ʃ p r ɛ ç ə r
<|DEU|>spricht	ʃ p ʁ ɪ ç t
<|DEU|>sprung	ʃ p ʁ ʊ ŋ
<|DEU|>spur	ʃ p uː ɐ̯
<|DEU|>spüren	ʃ p yː ʁ ə n
<|DEU|>staatsanwalt	ʃ t aː t͡s ʔ a n v a l t
<|DEU|>staatsanwaltschaft	ʃ t aː t͡s ʔ a n v a l t ʃ a f t
<|DEU|>stark	ʃ t a r k
<|DEU|>starten	ʃ t a r t ə n
<|DEU|>statt	ʃ t a t
<|DEU|>stattdessen	ʃ t a t d ɛ s n̩
<|DEU|>steinmauer	ʃ t a ɪ n m a ʊ̯ ɐ
<|DEU|>sterben	ʃ t ɛ ʁ b ə n
<|DEU|>stets	ʃ t eː t s
<|DEU|>steuern	ʃ t ɔ ɪ̯ ɐ n
<|DEU|>stichwort	ʃ t ɪ ç v ɔ ʁ t
<|DEU|>stieg	ʃ t iː k
<|DEU|>stimme	ʃ t ɪ m ə
<|DEU|>stockerl	ʃ t ɔ k ɐ l
<|DEU|>stolz	ʃ t ɔ l t͡s
<|DEU|>strafe	ʃ t ʁ aː f ə
<|DEU|>strasse	ʃ t r aː s ə
<|DEU|>strich	ʃ t ʁ ɪ ç
<|DEU|>stufe	ʃ t uː f ə
<|DEU|>stunden	ʃ t ʊ n d ə n
<|DEU|>stärke	ʃ t ɛ r k ə
<|DEU|>stück	ʃ t ʏ k
<|DEU|>stürmer	ʃ t ʏ r m ə r
<|DEU|>suchen	z uː x ə n
<|DEU|>suchmaschine	z uː x m a ʃ iː n ə
<|DEU|>sucht	z ʊ x t
<|DEU|>süden	z yː d ə n
<|DEU|>sündenbock	z ʏ n d ə n b ɔ k
<|DEU|>tage	t aː ɡ ə
<|DEU|>tagen	t aː ɡ ə n
<|DEU|>tat	t aː t
<|DEU|>tatsächlich	t aː t z ɛ ç l ɪ ç
<|DEU|>teilweise	t a ɪ̯ l v a ɪ̯ z ə
<|DEU|>tests	t ɛ s t s
<|DEU|>teuer	t ɔ ʏ̯ ɐ
<|DEU|>thermometer	t ɛ ʁ m o m eː t ɐ
<|DEU|>thüringen	t yː ʁ ɪ ŋ ə n
<|DEU|>tirol	t i ʁ oː l
<|DEU|>tolle	t ɔ l ə
<|DEU|>tonnen	t ɔ n ə n
<|DEU|>transfer	t r a n s f eː r
<|DEU|>tritt	t ʁ ɪ t
<|DEU|>trockenheit	t ʁ ɔ k ə n h a ɪ̯ t
<|DEU|>trugen	t ʁ uː ɡ n
<|DEU|>tränen	t ʁ ɛ n ə n
<|DEU|>tschernobyl	t͡ʃ ɛ ʁ n oː b ʏ l
<|DEU|>tweet	t v iː t
<|DEU|>twitter	t v ɪ t ə r
<|DEU|>töpfern	t œ p f ɐ n
<|DEU|>uhr	uː r
<|DEU|>um	ʊ m
<|DEU|>umgang	ʊ m ɡ a ŋ
<|DEU|>umsetzung	ʊ m z ɛ t s ʊ ŋ
<|DEU|>unabhängig	ʊ n a p h ɛ ŋ ɪ ç
<|DEU|>unermüdlich	ʊ n ɛ ɐ m yː t l ɪ ç
<|DEU|>unfall	ʊ n f a l
<|DEU|>ungebrochen	ʊ n ɡ ə b ʁ ɔ χ n̩
<|DEU|>ungestraft	ʊ n ɡ ə ʃ t ʁ aː f t
<|DEU|>ungewöhnlich	ʊ n ɡ ə v øː n l ɪ ç
<|DEU|>unglaublich	ʊ n ɡ l a u̯ p l ɪ ç
<|DEU|>uns	ʊ n s
<|DEU|>unter	ʊ n t ɐ
<|DEU|>unterirdisch	ʊ n t ɐ ʔ ɪ ʁ d ɪ ʃ
<|DEU|>unternehmen	ʊ n t ɐ n eː m ə n
<|DEU|>unternehmer	ʊ n t ɐ n eː m ɐ
<|DEU|>unterschied	ʔ ʊ n tʰ ɐ ʃ iː t
<|DEU|>unterschiedlich	ʊ n t ɐ ʃ iː t l ɪ ç
<|DEU|>unterstützung	ʊ n t ɐ ʃ t ʏ t͡s ʊ ŋ
<|DEU|>unterwegs	ʊ n t ɐ v eː k s
<|DEU|>unzufriedenheit	ʔ ʊ n t͡s u f ʁ iː d ə n h a ɪ̯ t
<|DEU|>ursprünglich	ʔ uː ɐ̯ ʃ p ʁ ʏ ŋ l ɪ ç
<|DEU|>veranstaltung	f ɛ ɐ̯ a n ʃ t a l t ʊ ŋ
<|DEU|>verantwortung	f ɛ ɐ̯ ʔ a n t v ɔ ʁ t ʊ ŋ
<|DEU|>verbindung	f ɛ ɐ̯ b ɪ n d ʊ ŋ
<|DEU|>verein	f ɛ ɐ̯ ʔ a ɪ̯ n
<|DEU|>vereinigung	f ɛ ɐ̯ ʔ a ɪ̯ n ɪ ɡ ʊ ŋ
<|DEU|>verfassung	f ɛ ɐ̯ f a s ʊ ŋ
<|DEU|>verfügung	f ɛ ɐ̯ f yː ɡ ʊ ŋ
<|DEU|>vergabe	f ɛ ɐ̯ ɡ aː b ə
<|DEU|>vergangenheit	f ɛ ɐ̯ ɡ a ŋ ə n h a ɪ̯ t
<|DEU|>vergessen	f ɛ ɐ̯ ɡ ɛ s ə n
<|DEU|>verhindert	f ɛ ʁ h ɪ n d ɐ t
<|DEU|>verhältnis	f ɛ ɐ̯ h ɛ l t n ɪ s
<|DEU|>verkauf	f ɛ ɐ̯ k a ʊ̯ f
<|DEU|>verkehr	f ɛ r k eː r
<|DEU|>verkürzen	f ɛ ɐ̯ k ʏ ʁ t͡s ə n
<|DEU|>verlassen	f ə r l a s ə n
<|DEU|>vermeiden	f ɛ ɐ̯ m a ɪ̯ d ə n
<|DEU|>vernichten	f ɛ ɐ̯ n ɪ ç t ə n
<|DEU|>verscheuchen	f ɛ ɐ̯ ʃ ɔ ɪ ç ə n
<|DEU|>verschieben	f ɛ r ʃ iː b ə n
<|DEU|>versicherte	f ɛ ɐ̯ z ɪ ç ɐ t ə
<|DEU|>versickern	f ɛ ɐ̯ z ɪ k ɐ n
<|DEU|>verständnis	f ɛ ɐ̯ ʃ t ɛ n t n ɪ s
<|DEU|>verstärkung	f ɛ ɐ̯ ʃ t ɛ ʁ k ʊ ŋ
<|DEU|>versuchen	f ɛ ɐ̯ z uː x ə n
<|DEU|>verteidigung	f ɛ ɐ̯ t a ɪ̯ d ɪ ɡ ʊ ŋ
<|DEU|>verteilen	f ɛ ʁ t a ɪ̯ l ə n
<|DEU|>vertrauen	f ɛ ɐ̯ t ʁ a ʊ̯ ə n
<|DEU|>vertreibung	f ɛ ʁ t ʁ a ɪ̯ b ʊ ŋ
<|DEU|>veränderung	f ɛ ɐ̯ ɛ n d ə ʁ ʊ ŋ
<|DEU|>verärgern	f ɛ ʁ ʔ ɛ ʁ ɡ ɐ n
<|DEU|>videokonferenz	v iː d e o k ɔ n f e ʁ ɛ n t͡s
<|DEU|>viele	f iː l ə
<|DEU|>vieles	f iː l ə s
<|DEU|>violett	v iː o l ɛ t
<|DEU|>viren	v iː r ə n
<|DEU|>volkes	f ɔ l k ə s
<|DEU|>voll	f ɔ l
<|DEU|>vollendung	f ɔ l ʔ ɛ n d ʊ ŋ
<|DEU|>von	f ɔ n
<|DEU|>vorbild	f oː ɐ̯ b ɪ l t
<|DEU|>vorgänger	f oː ɐ̯ ɡ ɛ ŋ ɐ
<|DEU|>vorhaben	f oː ʁ h aː b ə n
<|DEU|>vorjahr	f oː ɐ̯ j aː ɐ̯
<|DEU|>vorsitz	f oː ɐ̯ z ɪ t s
<|DEU|>vorwurf	f oː ʁ v ʊ ʁ f
<|DEU|>vorüber	f o ʁ yː b ɐ
<|DEU|>waffe	v a f ə
<|DEU|>wahl	v aː l
<|DEU|>wahlen	v aː l ə n
<|DEU|>wahllokal	v aː l l o k aː l
<|DEU|>wahrscheinlich	v aː ɐ̯ ʃ a ɪ̯ n l ɪ ç
<|DEU|>wann	v a n
<|DEU|>wegwerfen	v ɛ k v ɛ ɐ̯ f n̩
<|DEU|>weil	v a ɪ̯ l
<|DEU|>wein	v a ɪ̯ n
<|DEU|>weise	v a ɪ̯ z ə
<|DEU|>weisse	v a ɪ̯ s ə
<|DEU|>welche	v ɛ l ç ə
<|DEU|>welt	v ɛ l t
<|DEU|>weltweit	v ɛ l t v a ɪ̯ t
<|DEU|>wenig	v eː n ɪ ç
<|DEU|>wer	v eː r
<|DEU|>werktags	v ɛ r k t aː k s
<|DEU|>werte	v ɛ ɐ̯ t ə
<|DEU|>wettbewerb	v ɛ t b ə v ɛ ʁ p
<|DEU|>wetter	v ɛ t ɐ
<|DEU|>will	v ɪ l
<|DEU|>willkommen	v ɪ l k ɔ m ə n
<|DEU|>windschutzscheibe	v ɪ n t ʃ ʊ t͡s ʃ a ɪ̯ b ə
<|DEU|>winzerin	v ɪ n t s ɐ ʁ ɪ n
<|DEU|>wird	v ɪ ɐ̯ t
<|DEU|>wirken	v ɪ ʁ k ə n
<|DEU|>wirklich	v ɪ ʁ k l ɪ ç
<|DEU|>wo	v oː
<|DEU|>woche	v ɔ x ə
<|DEU|>wochenende	v ɔ χ n̩ ʔ ɛ n d ə
<|DEU|>wohl	v oː l
<|DEU|>wohlleben	v oː l l eː b n̩
<|DEU|>wohnen	v oː n ə n
<|DEU|>wohnung	v oː n ʊ ŋ
<|DEU|>wollte	v ɔ l t ə
<|DEU|>wort	v ɔ r t
<|DEU|>wunderbar	v ʊ n d ɐ b aː ɐ̯
<|DEU|>wunsch	v ʊ n ʃ
<|DEU|>wurde	v ʊ ʁ d ə
<|DEU|>würde	v ʏ ʁ d ə
<|DEU|>zahl	t s aː l
<|DEU|>zart	t s aː r t
<|DEU|>zehn	t͡s eː n
<|DEU|>zeichen	t s a ɪ̯ ç ə n
<|DEU|>zeigen	t͡s a ɪ̯ ɡ ə n
<|DEU|>zeitlos	t͡s a ɪ̯ t l oː s
<|DEU|>zeitpunkt	t s a ɪ̯ t p ʊ ŋ k t
<|DEU|>zeitraum	t s a ɪ̯ t ʁ a ʊ̯ m
<|DEU|>zeugin	t s ɔ ʏ̯ ɡ ɪ n
<|DEU|>zuerst	t s u ʔ eː ɐ̯ s t
<|DEU|>zufall	t͡s uː f a l
<|DEU|>zufolge	t s u f ɔ l ɡ ə
<|DEU|>zugleich	t͡s u ɡ l a ɪ̯ ç
<|DEU|>zugänglich	t s uː ɡ ɛ ŋ l ɪ ç
<|DEU|>zumindest	t͡s u m ɪ n d ə s t
<|DEU|>zunächst	t s u n ɛː ç s t
<|DEU|>zur	t s uː ɐ̯
<|DEU|>zurzeit	t s ʊ r t s a ɪ t
<|DEU|>zurück	t͡s u ʁ ʏ k
<|DEU|>zuschauer	t͡s uː ʃ a ʊ̯ ɐ
<|DEU|>zuvor	t͡s u f oː ɐ̯
<|DEU|>zwar	t͡s v aː ɐ̯
<|DEU|>zweierlei	t s v a ɪ̯ ɐ l a ɪ̯
<|DEU|>zweifel	t͡s v a ɪ̯ f l̩
<|DEU|>zweitens	t͡s v a ɪ̯ t n̩ s
<|DEU|>zweiter	t͡s v a ɪ̯ t ɐ
<|DEU|>zwingen	t s v ɪ ŋ ə n
<|DEU|>zwischen	t s v ɪ ʃ ə n
<|DEU|>zwölf	t͡s v œ l f
<|DEU|>zürcher	t͡s ʏ ʁ ç ɐ
<|DEU|>äussern	ɔ ʏ̯ s ɐ n
<|DEU|>öffnen	ʔ œ f n ə n
<|DEU|>öffnung	œ f n ʊ ŋ
<|DEU|>österreich	øː s t ə ʁ a ɪ ç
<|DEU|>überhaupt	yː b ɐ h a ʊ̯ p t
<|DEU|>überlegungen	y b ɐ l eː ɡ ʊ ŋ ə n
<|DEU|>überraschend	yː b ɐ ʁ a ʃ ə n t
<|DEU|>überrascht	yː b ɐ ʁ a ʃ t
<|DEU|>übertragen	yː b ə r t r aː ɡ ə n
<|DEU|>überwindung	yː b ɐ v ɪ n d ʊ ŋ
<|SWE|>adjö	a j øː
<|SWE|>affär	a ¹ f ɛː r
<|SWE|>afton	a f t ɔ n
<|SWE|>aggressiv	a ɡ r ɛ s iː v
<|SWE|>agneta	a ŋ ² n eː t a
<|SWE|>aktie	a k t s ɪ ɛ
<|SWE|>aktuell	a k t ɵ ɛ l
<|SWE|>akut	a k ʉː t
<|SWE|>albin	¹ a l b ɪ n
<|SWE|>aldrig	a l d r i ɡ
<|SWE|>alkoholist	a l k ʊ h ʊ l ɪ s t
<|SWE|>allihop	a l ɪ h uː p
<|SWE|>allmän	a l m ɛ n
<|SWE|>allvarlig	a l v ɑː r l ɪ ɡ
<|SWE|>ambitiös	a m b i ɧ øː s
<|SWE|>ana	 ɑː n a
<|SWE|>and	a n d
<|SWE|>andra	a n d r a
<|SWE|>ansikte	a nː s ɪ k t ə
<|SWE|>anspråk	 a n s p r oː k
<|SWE|>ansvarig	 a n s v ɑː r ɪ ɡ
<|SWE|>antisemitism	a n t ɪ s ɛ m ɪ t ɪ s m
<|SWE|>arkiv	a r k iː v
<|SWE|>arrangemang	a r a n ɧ e m a ŋ
<|SWE|>arrangera	a r a n ɧ eː r a
<|SWE|>arsenik	a r s ɛ n iː k
<|SWE|>arton	 ɑː r t ɔ n
<|SWE|>arv	a r v
<|SWE|>as	ɑː s
<|SWE|>attack	a t a k
<|SWE|>avfärda	ɑː v f ɛ r d a
<|SWE|>avgå	 ɑː v ɡ oː
<|SWE|>avled	 ɑː v l eː d
<|SWE|>avseende	ɑː v s eː ɛ n d ɛ
<|SWE|>bad	b ɑː d
<|SWE|>bak	b ɑː k
<|SWE|>bakbord	b aː k b uː r d
<|SWE|>band	b a n d
<|SWE|>bank	b a ŋː k
<|SWE|>barnet	b ɑː r n ɛ t
<|SWE|>bas	b ɑː s
<|SWE|>bedrägeri	b ɛ d r ɛː ɡ ɛ r iː
<|SWE|>behov	b ɛ h uː v
<|SWE|>belgien	b ɛ l ɡ ɪ ɛ n
<|SWE|>berg	b ɛ r j
<|SWE|>berget	b ɛ r j ɛ t
<|SWE|>bergs	b ɛ r j s
<|SWE|>bert	b æ ʈ
<|SWE|>besökare	b ɛ s øː k a r ɛ
<|SWE|>betala	b ɛ t ɑː l a
<|SWE|>betyda	b ɛ ¹ t yː d a
<|SWE|>bilist	b ɪ l ɪ s t
<|SWE|>bill	b ɪ l
<|SWE|>bjuda	 b j ʉː d a
<|SWE|>blad	¹ b l ɑː d
<|SWE|>blandning	 b l a n d n i ŋ
<|SWE|>blev	b l eː v
<|SWE|>bli	b l iː
<|SWE|>blomqvist	 b l ʊ m k v ɪ s t
<|SWE|>blott	b l ɔ tː
<|SWE|>blåljus	b l oː j ʉː s
<|SWE|>bo	b uː
<|SWE|>boden	b uː d ɛ n
<|SWE|>bodil	¹ b uː d ɪ l
<|SWE|>bok	b uː k
<|SWE|>bokhandel	 b uː k h a n d ɛ l
<|SWE|>bord	b uː ɖ
<|SWE|>bordtennis	 b uː ɖ t ɛ n ɪ s
<|SWE|>bortaplan	 b ɔ r t a p l ɑː n
<|SWE|>bostad	 b uː s t ɑː d
<|SWE|>bov	b uː v
<|SWE|>brand	b r a n d
<|SWE|>bris	b r iː s
<|SWE|>brista	 b r ɪ sː t a
<|SWE|>bro	b r uː
<|SWE|>bron	b r uː n
<|SWE|>bröd	b r øː d
<|SWE|>bröt	b r øː t
<|SWE|>bur	b ʉː r
<|SWE|>buss	b ɵ s
<|SWE|>bär	b ɛː r
<|SWE|>båda	b oː d a
<|SWE|>bål	b oː l
<|SWE|>båt	b oː ə t
<|SWE|>böcker	¹ b ø kː ə r
<|SWE|>centimeter	s ɛ n t ɪ m eː t ɛ r
<|SWE|>charlotta	ɧ a r ² ɭ o t a
<|SWE|>charlotte	ɧ a ɭ o t
<|SWE|>dag	d ɑː ɡ
<|SWE|>damm	d a m
<|SWE|>dan	d ɑː n
<|SWE|>danmark	¹ d a n m a r k
<|SWE|>dansk	d a n s k
<|SWE|>danska	 d a n s k a
<|SWE|>december	d ɛ s ɛ m b ɛ r
<|SWE|>definition	d ɛ f ɪ n ɪ ¹ ɧ uː n
<|SWE|>dela	d eː l a
<|SWE|>dem	d ɔ m
<|SWE|>den	d ɛ nː
<|SWE|>denne	d ɛ nː ɛ
<|SWE|>dessa	d ɛ sː a
<|SWE|>dessutom	d e s ʉː t ɔ m
<|SWE|>detektiv	d ɛ t ɛ k t iː v
<|SWE|>dig	d ɛ j
<|SWE|>diskussion	d ɪ s k ɵ ɧ uː n
<|SWE|>djup	j ʉː p
<|SWE|>djupt	j ʉː p t
<|SWE|>djur	j ʉː r
<|SWE|>dock	d ɔ kː
<|SWE|>dog	d uː ɡ
<|SWE|>dra	d r ɑː
<|SWE|>dricka	 d r ɪ kː a
<|SWE|>dricker	d r ɪ kː e r
<|SWE|>droppen	d r ɔ pː ɛ n
<|SWE|>dryg	d r yː ɡ
<|SWE|>dröm	d r œ mː
<|SWE|>dubbel	d ɵ b ɛ l
<|SWE|>dyr	d yː r
<|SWE|>där	d ɛː r
<|SWE|>då	d oː
<|SWE|>dålig	d oː l ɪ ɡ
<|SWE|>dö	d øː
<|SWE|>död	d øː d
<|SWE|>döda	 d øː d a
<|SWE|>dölja	d œ l j a
<|SWE|>efter	ɛ f t ɛ r
<|SWE|>eftersom	 ɛ f t æ r s ɔ m
<|SWE|>ek	eː k
<|SWE|>elegant	ɛ l ɛ ɡ a n t
<|SWE|>elfte	ɛ l f t ɛ
<|SWE|>eller	ɛ l ɛ r
<|SWE|>elva	ɛ l v a
<|SWE|>enda	ɛ n d a
<|SWE|>engagera	a ŋ ɡ a ɧ eː r a
<|SWE|>engelska	e ŋ e l s k a
<|SWE|>enhetlig	eː n h eː t l ɪ ɡ
<|SWE|>enkel	ɛ ŋ k ɛ l
<|SWE|>ensam	 ɛ nː s a mː
<|SWE|>erkänna	eː r ɕ ɛ n a
<|SWE|>eskilstuna	ɛ̂ sː k ɪ l s t ʉː n a
<|SWE|>ett	ɛ t
<|SWE|>europé	ɛ r ʊ p eː
<|SWE|>fabrik	f a b r iː k
<|SWE|>fader	f ɑː d ɛ r
<|SWE|>fallskärm	f a l ɧ ɛ r m
<|SWE|>farlig	 f ɑː r l ɪ ɡ
<|SWE|>februari	f ɛ b r ɵ ɑː r ɪ
<|SWE|>fem	f ɛ m
<|SWE|>femton	f ɛ m t ɔ n
<|SWE|>fett	f ɛ t
<|SWE|>ficka	f ɪ kː a
<|SWE|>finger	f ɪ ŋː ɛ r
<|SWE|>finska	 f ɪ n s k a
<|SWE|>fisk	f ɪ s k
<|SWE|>fiske	 f ɪ s k ɛ
<|SWE|>fisken	f ɪ sː k ɛ n
<|SWE|>fjol	f j uː l
<|SWE|>flicka	f l ɪ kː a
<|SWE|>flickan	f l ɪ kː a n
<|SWE|>flickor	f l ɪ k ʊ r
<|SWE|>folkmusik	 f ɔ l k m ɵ s iː k
<|SWE|>fotboll	f uː t b ɔ l
<|SWE|>fram	f r a m
<|SWE|>framför	 f r a m f œː r
<|SWE|>franska	 f r a n s k a
<|SWE|>fred	f r eː d
<|SWE|>frihet	f r iː h eː t
<|SWE|>fru	f r ʉː
<|SWE|>frukt	f r ɵ k t
<|SWE|>främlingsfientlighet	 f r ɛ m l ɪ ŋ s f ɪ ɛ n t l ɪ ɡ h eː t
<|SWE|>fråga	f r oː ɡ a
<|SWE|>frånvaro	 f r oː n v ɑː r ʊ
<|SWE|>frös	f r øː s
<|SWE|>full	f ɵ l
<|SWE|>fungera	f ɵ ŋ ɡ eː r a
<|SWE|>fusk	f ɵ s k
<|SWE|>fyr	f yː r
<|SWE|>färg	f ɛ r j
<|SWE|>färsk	f ɛ r s k
<|SWE|>får	f oː r
<|SWE|>fåtal	 f oː t ɑː l
<|SWE|>förbruka	f œ r b r ʉː k a
<|SWE|>förbundskapten	f œ r ² b ɵ n d s k a p t eː n
<|SWE|>förena	f œ r eː n a
<|SWE|>förening	f œ r eː n ɪ ŋ
<|SWE|>förgäves	f œ r j ɛː v ɛ s
<|SWE|>förrän	f œ r ɛ n
<|SWE|>försiktighet	f øː r s ɪ k t ɪ ɡ h eː t
<|SWE|>förstöra	f œ ʂ ʈ œː r a
<|SWE|>försvarstal	f œ r ² s v ɑː r s t ɑː l
<|SWE|>förvärras	f œ̞ r v æ r a s
<|SWE|>förälder	f œ r ¹ ɛ l d æ r
<|SWE|>förälskelse	f œ r ɛ l s k ɛ l s ɛ
<|SWE|>gammal	 ɡ a mː a l
<|SWE|>gav	ɡ ɑː v
<|SWE|>ge	j eː
<|SWE|>genren	ɧ a ŋ ɛ r n
<|SWE|>georg	j eː ɔ r j
<|SWE|>DEU	j eː r
<|SWE|>gjorde	j ʊ ɖ ɛ
<|SWE|>gjort	j ʊ ʈ
<|SWE|>gjuta	 j ʉː t a
<|SWE|>glatt	ɡ l a tː
<|SWE|>glögg	ɡ l œ ɡ
<|SWE|>gott	ɡ ɔ t
<|SWE|>green	ɡ r iː n
<|SWE|>grej	ɡ r ɛ j
<|SWE|>grekland	ɡ r eː k l a n d
<|SWE|>grep	ɡ r eː p
<|SWE|>gross	ɡ r ɔ s
<|SWE|>grund	ɡ r ɵ n d
<|SWE|>grät	ɡ r ɛː t
<|SWE|>grön	ɡ r øː n
<|SWE|>gud	ɡ ʉː d
<|SWE|>gula	 ɡ ʉː l a
<|SWE|>guld	ɡ ɵ l d
<|SWE|>gym	j ʏ m
<|SWE|>gärna	 j ɛː r n a
<|SWE|>gävle	j ɛː v l ɛ
<|SWE|>gång	ɡ ɔ ŋ
<|SWE|>göran	j øː r a n
<|SWE|>hade	 h a dː ɛ
<|SWE|>haft	h a f t
<|SWE|>hall	h a l
<|SWE|>halv	h a l v
<|SWE|>halvlek	 h a l v l eː k
<|SWE|>hand	h a n d
<|SWE|>hans	h ɑː n s
<|SWE|>hantverk	h a n t v ɛ r k
<|SWE|>har	h ɑː r
<|SWE|>hat	h ɑː t
<|SWE|>hav	h ɑː v
<|SWE|>heat	h iː t
<|SWE|>hej	h ɛ jː
<|SWE|>hel	h eː l
<|SWE|>helig	h eː l ɪ ɡ
<|SWE|>helsingborg	h ɛ l s ɪ ŋ b ɔ r j
<|SWE|>helsingfors	h ɛ l s ɪ ŋ f ɔ r s
<|SWE|>hemester	h ɛ m ɛ s t ɛ r
<|SWE|>hemmaplan	 h ɛ m a p l ɑː n
<|SWE|>henne	h ɛ nː ɛ
<|SWE|>herr	h ɛ r
<|SWE|>heta	h eː t a
<|SWE|>hitta	h ɪ t a
<|SWE|>hjälp	j ɛ l p
<|SWE|>holm	h ɔ l m ɛ
<|SWE|>honom	h ɔ nː ɔ m
<|SWE|>hoppa	h ɔ p a
<|SWE|>hot	h uː t
<|SWE|>hotell	h ʊ t ɛ lː
<|SWE|>hud	h ʉː d
<|SWE|>humle	h ɵ m l ɛ
<|SWE|>hund	h ɵ n d
<|SWE|>hundra	h ɵ n d r a
<|SWE|>hungrig	h ɵ ŋ r ɪ ɡ
<|SWE|>hur	h ʉː r
<|SWE|>hus	h ʉː s
<|SWE|>hustru	h ɵ̄ sː t r ʉ̂ː
<|SWE|>hygglig	h ʏ ɡ l ɪ ɡ
<|SWE|>hylla	h ʏ lː a
<|SWE|>häl	h ɛː l
<|SWE|>häll	h ɛ l
<|SWE|>här	h æː r
<|SWE|>härlig	h ɛː r l ɪ ɡ
<|SWE|>hårt	h oː ʈ
<|SWE|>hö	h øː
<|SWE|>hög	h øː ɡ
<|SWE|>höga	h øː ɡ a
<|SWE|>högljudd	 h øː ɡ j ɵ d
<|SWE|>höst	h œ s t
<|SWE|>höstas	 h œ s t a s
<|SWE|>idrott	 iː d r ɔ t
<|SWE|>igelkott	iː ɡ ɛ l k ɔ t
<|SWE|>ihjäl	ɪ j ɛː l
<|SWE|>ihop	ɪ h uː p
<|SWE|>inga	 ɪ ŋ a
<|SWE|>ingenting	ɪ ŋ ɛ n tʰ ɪ ŋ
<|SWE|>inger	 ɪ n j eː r
<|SWE|>innan	 ɪ n a n
<|SWE|>insjukna	 ɪ n ɧ ʉː k n a
<|SWE|>inte	 ɪ n t ɛ
<|SWE|>internationell	ɪ n t ɛ r n a t ɧ ʊ n ɛ l
<|SWE|>intryck	ɪ n t r ʏ kː
<|SWE|>is	iː s
<|SWE|>italien	ɪ t ɒː l ɪ ə n
<|SWE|>jag	j ɑː ɡ
<|SWE|>januari	j a n ɵ ɑː r ɪ
<|SWE|>japanska	j a p ɑː n s k a
<|SWE|>jasmine	ɧ a s m iː n
<|SWE|>jason	j ɑː s ɔ n
<|SWE|>jennie	¹ j ɛ n ɪ
<|SWE|>jonsson	j ʊ n s ɔ n
<|SWE|>jonte	 j ɔ n t ɛ
<|SWE|>jord	j uː r d
<|SWE|>jorden	j uː r d ɛ n
<|SWE|>journal	ɧ ʊ ɳ ɑː l
<|SWE|>journalist	ɧ ʊ r n a l ɪ s t
<|SWE|>juice	j uː s
<|SWE|>jul	j ʉː l
<|SWE|>juli	j ʉː l ɪ
<|SWE|>juni	j ʉː n ɪ
<|SWE|>jupiter	j ʉː p ɪ t ɛ r
<|SWE|>järv	j æ r v
<|SWE|>kajak	k a j ɑː k
<|SWE|>kalifornien	k a l ɪ f uː r n ɪ ɛ n
<|SWE|>kall	k a l
<|SWE|>kalla	 k a lː a
<|SWE|>kalle	 k a l ɛ
<|SWE|>kamera	k ɑː m ɛ r a
<|SWE|>kan	k a nː
<|SWE|>kanske	 k a n ɧ ɛ
<|SWE|>karta	k ɑː r t a
<|SWE|>katarina	k a t a ² r iː n a
<|SWE|>katt	k a tː
<|SWE|>kemi	ɕ ɛ m iː
<|SWE|>kil	ɕ iː l
<|SWE|>kilometer	ɕ ɪ l ʊ m eː t ɛ r
<|SWE|>kina	 ɕ iː n a
<|SWE|>kläder	k l ɛː d ɛ r
<|SWE|>knarka	k n a r k a
<|SWE|>kniv	k n iː v
<|SWE|>knut	k n ʉː t
<|SWE|>knä	k n ɛː
<|SWE|>kol	k oː l
<|SWE|>kolla	k ɔ l a
<|SWE|>kom	k ɔ m
<|SWE|>komma	 k ɔ m a
<|SWE|>kompis	¹ k ɔ m p ɪ s
<|SWE|>konspirationsteoretiker	k ɔ n s p ɪ r a ² ɧ uː n s t ɛ ʊ r eː t ɪ k ɛ r
<|SWE|>konspirationsteori	k ɔ n s p ɪ r a ² ɧ uː n s t ɛ ʊ r iː
<|SWE|>konst	k ɔ nː s t
<|SWE|>konsumtion	k ɔ n s ɵ m ɧ uː n
<|SWE|>kontrast	k ʊ n t r a s t
<|SWE|>kor	k uː r
<|SWE|>kraftfull	k r a f t f ɵ l
<|SWE|>krav	k ɾ ɑː v
<|SWE|>krig	k r iː ɡ
<|SWE|>kristina	k r ɪ ² s t iː n a
<|SWE|>krona	k r uː n a
<|SWE|>kropp	k r ɔ pː
<|SWE|>krut	k r ʉː t
<|SWE|>kul	k ʉː l
<|SWE|>kull	k ɵ l
<|SWE|>kunde	k ɵ n d ə
<|SWE|>kungsfiskare	k ɵ ŋ s f ɪ s k a r ɛ
<|SWE|>kurs	k ʉː r s
<|SWE|>kvalitet	k v a l ɪ t eː
<|SWE|>kvar	k v ɑː r
<|SWE|>kvarter	k v a r t eː r
<|SWE|>kvinna	k v ɪ nː a
<|SWE|>kvinnan	k v ɪ nː a n
<|SWE|>kvinnor	k v ɪ nː ʊ r
<|SWE|>kväll	k v ɛ lː
<|SWE|>käka	 ɕ ɛː k a
<|SWE|>källa	ɕ ɛ l a
<|SWE|>känd	ɕ ɛ n d
<|SWE|>känna	ɕ ɛ n n a
<|SWE|>känt	ɕ ɛ n t
<|SWE|>kär	ɕ ɛː r
<|SWE|>kära	ɕ ɛː r a
<|SWE|>kärlek	ɕ ɛː r l eː k
<|SWE|>kål	k oː l
<|SWE|>kår	k oː r
<|SWE|>kö	k øː
<|SWE|>kök	ɕ øː k
<|SWE|>köl	ɕ øː l
<|SWE|>köp	ɕ øː p
<|SWE|>köpa	ɕ øː p a
<|SWE|>köpenhamn	ɕ øː p ɛ n h a m n
<|SWE|>laboratorium	l a b ʊ r a t uː r ɪ ɵ m
<|SWE|>lade	l ɑː d ɛ
<|SWE|>lag	l ɑː ɡ
<|SWE|>lager	l ɑː ɡ ɛ r
<|SWE|>lagt	l a k t
<|SWE|>lagts	l a k t s
<|SWE|>lappuggla	l a p ɵ ɡ l a
<|SWE|>lax	l a k s
<|SWE|>leende	l eː ɛ n d ɛ
<|SWE|>legitim	l ɛ ɡ ɪ t iː m
<|SWE|>leif	l ɛ j f
<|SWE|>lev	l eː v
<|SWE|>linnéa	l ɪ ² n eː a
<|SWE|>lita	l iː t a
<|SWE|>liv	l iː v
<|SWE|>ljud	j ʉː d
<|SWE|>ljungby	 j ɵ ŋ b ʏ
<|SWE|>ljus	j ʉː s
<|SWE|>london	l ɔ n d ɔ n
<|SWE|>lopp	l ɔ pː
<|SWE|>lugn	l ɵ ŋ n
<|SWE|>lunch	l ɵ n ɧ
<|SWE|>lund	l ɵ n d
<|SWE|>lycklig	l ʏ kː l ɪ ɡ
<|SWE|>lyssna	 l ʏ s n a
<|SWE|>läcka	l ɛ k a
<|SWE|>läger	l ɛː ɡ ɛ r
<|SWE|>lägga	 l ɛ ɡ a
<|SWE|>län	l ɛː n
<|SWE|>länge	l ɛ ŋ ɛ
<|SWE|>längs	l ɛ ŋ s
<|SWE|>lär	l ɛː r
<|SWE|>lära	l æː r a
<|SWE|>läs	l ɛː s
<|SWE|>läsa	l ɛː s a
<|SWE|>läser	l ɛ s ɛ r
<|SWE|>lätt	l ɛ t
<|SWE|>låg	l oː ɡ
<|SWE|>långsam	 l ɔ ŋ s a m
<|SWE|>långt	l ɔ ŋ t
<|SWE|>låt	l oː t
<|SWE|>låta	 l oː t a
<|SWE|>lön	l øː n
<|SWE|>löpa	l øː p a
<|SWE|>lördag	l øː r d ɑː ɡ
<|SWE|>lös	l øː s
<|SWE|>lösa	 l øː s a
<|SWE|>mage	 m ɑː ɡ ɛ
<|SWE|>magnus	¹ m a ŋ n ɵ s
<|SWE|>maj	m a j
<|SWE|>malmö	m a l m øː
<|SWE|>malte	 m a l t ɛ
<|SWE|>mannen	m a nː ɛ n
<|SWE|>margareta	m a r ɡ a ² r eː t a
<|SWE|>marika	m a ² r iː k a
<|SWE|>maskin	m a ɧ iː n
<|SWE|>mat	m ɑː t
<|SWE|>matchfixning	 m a t͡ɕ f ɪ k s n ɪ ŋ
<|SWE|>mattias	m a t iː a s
<|SWE|>medarbetare	m eː d a r b eː t a r ɛ
<|SWE|>meddela	m eː d d e l a
<|SWE|>meddelande	m eː d d eː l a n d ɛ
<|SWE|>meny	m ɛ n yː
<|SWE|>mer	m eː r
<|SWE|>meter	m eː t ɛ r
<|SWE|>mikael	m iː k aː e l
<|SWE|>miljard	m ɪ l j ɑː ɖ
<|SWE|>miljon	m ɪ l j uː n
<|SWE|>miljö	m ɪ l j øː
<|SWE|>min	m iː n
<|SWE|>mitt	m ɪ tː
<|SWE|>mittemot	m ɪ tˑ e m uː t
<|SWE|>mod	m uː d
<|SWE|>mor	m uː r
<|SWE|>morse	 m ɔ r s e
<|SWE|>moskva	m ʊ s k v ɑː
<|SWE|>mot	m uː t
<|SWE|>museer	m ɵ s eː ɛ r
<|SWE|>museum	m ɵ s eː ɵ m
<|SWE|>musik	m ʉ s iː k
<|SWE|>mycket	m ʏ k ɛ t
<|SWE|>mystisk	m ʏ s t ɪ s k
<|SWE|>mäktig	 m ɛ k t ɪ ɡ
<|SWE|>män	m ɛ n
<|SWE|>människa	m ɛ nː ɪ ɧ a
<|SWE|>mänsklig	 m ɛ n s k l ɪ ɡ
<|SWE|>mästerskap	 m ɛ s t e r s k ɑː p
<|SWE|>mäta	m ɛː t a
<|SWE|>mål	m oː l
<|SWE|>mög	m øː ɡ
<|SWE|>möjlig	 m œ j l ɪ ɡ
<|SWE|>mötesplats	 m øː t ɛ s p l a t s
<|SWE|>nacka	 n a k a
<|SWE|>nationell	n a t ɧ ʊ n ɛ l
<|SWE|>natt	n a tː
<|SWE|>nederländerna	 n e d ɛ r l ɛ n d ɛ ɲ a
<|SWE|>nej	n ɛ j
<|SWE|>nellie	¹ n ɛ l ɪ
<|SWE|>ner	n eː r
<|SWE|>nobben	n ɔ b ɛ n
<|SWE|>nordkorea	 n uː ɖ k ʊ r eː a
<|SWE|>norge	n ɔ r j ɛ
<|SWE|>norr	n ɔ rː
<|SWE|>norska	 n ɔ ʂ k a
<|SWE|>not	n uː t
<|SWE|>november	n ʊ v ɛ m b ɛ r
<|SWE|>nummer	¹ n ɵ m ɛ r
<|SWE|>ny	n yː
<|SWE|>nya	 n yː a
<|SWE|>nyckel	 n ʏ k ɛ l
<|SWE|>nyss	n ʏ s
<|SWE|>nyttig	 n ʏ t ɪ ɡ
<|SWE|>näsa	n ɛː s a
<|SWE|>nätter	n ɛ tː ə r
<|SWE|>nå	n oː
<|SWE|>nått	n ɔ t
<|SWE|>nödvändig	n øː d v ɛ n d ɪ ɡ
<|SWE|>objekt	ɔ b j ɛ k t
<|SWE|>offside	ɔ f s a j d
<|SWE|>ogilla	 uː j ɪ l a
<|SWE|>oklar	uː k l ɑː r
<|SWE|>om	ɔ m
<|SWE|>omöjlig	 uː m ø j l ɪ ɡ
<|SWE|>ord	uː r d
<|SWE|>order	ɔ r d ɛ r
<|SWE|>ordning	ɔ r d n ɪ ŋ
<|SWE|>orientering	ɔ r j ɛ n ¹ t eː r ɪ ŋ
<|SWE|>orka	ɔ r k a
<|SWE|>oskar	¹ ɔ s k a r
<|SWE|>oss	ɔ s
<|SWE|>osäker	uː s ɛː k ɛ r
<|SWE|>paket	p a k eː t
<|SWE|>papper	 p a pː ɛ r
<|SWE|>paris	p a r iː s
<|SWE|>part	p ɑː ʈ
<|SWE|>passagerare	p a s a ² ɧ eː r a r ɛ
<|SWE|>paus	p a ʊ̯ s
<|SWE|>pension	p a n ɧ uː n
<|SWE|>pep	p eː p
<|SWE|>period	p ɛ rː j uː d
<|SWE|>person	p ɛ r s uː n
<|SWE|>personlig	p ɛ ʂ oː n l ɪ ɡ
<|SWE|>personligen	p ɛ r s uː n l ɪ ɡ ɛ n
<|SWE|>piper	p iː p ɛ r
<|SWE|>platt	p l a tː
<|SWE|>podd	p ɔ d
<|SWE|>pojke	 p ɔ j k ɛ
<|SWE|>pokal	p ʊ k ɑː l
<|SWE|>politik	p ʊ l ɪ t iː k
<|SWE|>prata	p r ɑː t a
<|SWE|>present	p r e s e n t
<|SWE|>pressmeddelande	 p r ɛ s m eː d eː l a n d ɛ
<|SWE|>princip	p r ɪ n s iː p
<|SWE|>pris	p r iː s
<|SWE|>problem	p r ʊ b l eː m
<|SWE|>procent	p r ʊ s ɛ n t
<|SWE|>process	p r ʊ s ɛ s
<|SWE|>prognos	p r ɔ ɡ n oː s
<|SWE|>pröva	p r øː v a
<|SWE|>punkt	p ɵ ŋ k t
<|SWE|>på	p oː
<|SWE|>regering	r ɛ j eː r ɪ ŋ
<|SWE|>regissör	r ɛ ɧ ɪ s øː r
<|SWE|>regn	r ɛ ŋ n
<|SWE|>rejäl	r ɛ j ɛː l
<|SWE|>reklam	r ɛ k l ɑː m
<|SWE|>relation	r ɛ l a ɧ uː n
<|SWE|>religiös	r ɛ l ɪ ɧ øː s
<|SWE|>rent	r eː n t
<|SWE|>resultat	r ɛ s ɵ l t ɑː t
<|SWE|>rik	r iː k
<|SWE|>rulle	 r ɵ l ɛ
<|SWE|>rum	r ɵ m
<|SWE|>ryska	 r ʏ s k a
<|SWE|>ryttare	r ʏ t a r e
<|SWE|>rå	r oː
<|SWE|>råd	r oː d
<|SWE|>rån	r oː n
<|SWE|>rökning	 r øː k n ɪ ŋ
<|SWE|>sabotage	s a b ʊ t ɑː ɧ
<|SWE|>sade	s ɑː d ɛ
<|SWE|>sagt	s a k t
<|SWE|>sak	s ɑː k
<|SWE|>sakna	s ɑː k n a
<|SWE|>samling	 s a m l ɪ ŋ
<|SWE|>samt	s a m t
<|SWE|>schack	ɧ a k
<|SWE|>schlager	ɧ l ɑː ɡ e r
<|SWE|>schweiz	ʂ v ɛ jː t s
<|SWE|>seg	s eː ɡ
<|SWE|>seger	s eː ɡ ɛ r
<|SWE|>semester	s ɛ m ɛ s t ɛ r
<|SWE|>sent	s eː n t
<|SWE|>september	s ɛ p t ɛ m b ɛ r
<|SWE|>sevilla	s ɛ v iː a
<|SWE|>silver	s ɪ l v ɛ r
<|SWE|>simma	 s ɪ m a
<|SWE|>sitt	s ɪ tː
<|SWE|>sitta	 s ɪ t a
<|SWE|>sju	ɧ ʉː
<|SWE|>sjuda	ɧ ʉː d a
<|SWE|>sjuk	ɧ ʉː k
<|SWE|>sjuka	 ɧ ʉː k a
<|SWE|>sjukdom	 ɧ ʉː k d ʊ m
<|SWE|>sjukhus	 ɧ ʉː k h ʉː s
<|SWE|>sjuksköterska	 ɧ ʉː k ɧ øː t ɛ r s k a
<|SWE|>sjunde	ɧ ɵ n d ɛ
<|SWE|>sjunga	 ɧ ɵ ŋ a
<|SWE|>sjutton	ɧ ɵ t ɔ n
<|SWE|>själ	ɧ ɛː l
<|SWE|>självklar	 ɧ ɛ l v k l ɑː r
<|SWE|>sjätte	ɧ ɛ t ɛ
<|SWE|>sjön	ɧ œ n
<|SWE|>skapa	s k ɑː p a
<|SWE|>ske	ɧ eː
<|SWE|>skicka	ɧ ɪ k a
<|SWE|>skilja	 ɧ ɪ l j a
<|SWE|>skillnad	ɧ ɪ l n a d
<|SWE|>skit	ɧ iː t
<|SWE|>skjuta	 ɧ ʉː t a
<|SWE|>skola	 s k uː l a
<|SWE|>skottland	s k ɔ t l a n d
<|SWE|>skrik	s k r iː k
<|SWE|>skriva	s k r iː v a
<|SWE|>skulle	s k ɵ lː ə
<|SWE|>skydd	ɧ ʏ d
<|SWE|>skyhög	ɧ ỳː h øː ɡ
<|SWE|>skytt	ɧ ʏ t
<|SWE|>skäl	ɧ ɛː l
<|SWE|>skämt	ɧ ɛ m t
<|SWE|>skänka	 ɧ ɛ ŋ k a
<|SWE|>skära	ɧ æː r a
<|SWE|>skärpa	 ɧ æ r p a
<|SWE|>sköld	ɧ œ l d
<|SWE|>skön	ɧ øː n
<|SWE|>slagsmål	s l a k s m oː l
<|SWE|>slog	s l uː ɡ
<|SWE|>släkt	s l ɛ k t
<|SWE|>slät	s l ɛː t
<|SWE|>slå	s l oː
<|SWE|>små	s m oː
<|SWE|>snabb	s n a b
<|SWE|>snabbt	s n a p t
<|SWE|>snacka	 s n a kː a
<|SWE|>snart	s n ɑː ʈ
<|SWE|>snälla	s n ɛ lː a
<|SWE|>snö	s n øː
<|SWE|>solna	 s oː l n a
<|SWE|>som	s ɔ m
<|SWE|>sommar	s ɔ mː a r
<|SWE|>sommartid	s ɔ m a r t iː d
<|SWE|>somras	 s ɔ m r a s
<|SWE|>soppa	s ɔ p a
<|SWE|>sorg	s ɔ r j
<|SWE|>sova	 s oː v a
<|SWE|>spanska	 s p a n s k a
<|SWE|>spara	s p ɑː r a
<|SWE|>spel	s p eː l
<|SWE|>spelar	s p eː l a r
<|SWE|>språk	s p r oː k
<|SWE|>stab	s t ɑː b
<|SWE|>stadig	s t ɑː d ɪ ɡ
<|SWE|>stal	s t ɑː l
<|SWE|>stel	s t eː l
<|SWE|>stjäl	ɧ ɛː l
<|SWE|>stjäla	ɧ ɛː l a
<|SWE|>storm	s t ɔ r m
<|SWE|>student	s t ɵ d ɛ n t
<|SWE|>stuga	 s t ʉ̟ː ɡ a
<|SWE|>stulit	s t ʉː l ɪ t
<|SWE|>ställningstagande	 s t ɛ l n ɪ ŋ s t ɑː ɡ a n d ɛ
<|SWE|>stål	s t oː l
<|SWE|>stöd	s t øː d
<|SWE|>störa	 s t œː r a
<|SWE|>sundsvall	s ɵ nː d s v a l
<|SWE|>svag	s v ɑː ɡ
<|SWE|>svar	s v ɑː r
<|SWE|>svara	s v ɑː r a
<|SWE|>svart	¹ s v a r t
<|SWE|>svensk	s v ɛ nː s k
<|SWE|>svenska	 s v ɛ n s k a
<|SWE|>sverige	¹ s v ɛ r j ɛ
<|SWE|>svåger	s v oː ɡ ə r
<|SWE|>syd	s yː d
<|SWE|>sydkorea	 s yː d k ʊ r eː a
<|SWE|>syl	s yː l
<|SWE|>syra	s yː r a
<|SWE|>syster	s ʏ sː t ɛ r
<|SWE|>säga	s ɛ jː a
<|SWE|>sälja	s ɛ lː j a
<|SWE|>särskild	 s ɛː r ɧ ɪ l d
<|SWE|>sätt	s ɛ tː
<|SWE|>så	s oː
<|SWE|>sång	s ɔ ŋː
<|SWE|>söder	s øː d ə r
<|SWE|>södertälje	s œ d ɛ ʈ ɛ lː j ɛ
<|SWE|>tack	t a k
<|SWE|>tag	t ɑː ɡ
<|SWE|>tak	t ɑː k
<|SWE|>tanke	 t a ŋː k ɛ
<|SWE|>teori	t ɛ ʊ r iː
<|SWE|>therese	t ɛ r eː s
<|SWE|>thunberg	t ʉ̂ː n b æ r j
<|SWE|>tid	t iː d
<|SWE|>tidning	 t iː n ɪ ŋ
<|SWE|>tiger	¹ t iː ɡ ɛ r
<|SWE|>till	t ɪ l
<|SWE|>tillbaka	t ɪ l b ɑː k a
<|SWE|>tillförordnad	 t ɪ l f œː r oː r d n a d
<|SWE|>tillhandahålla	t ɪ l ² h a n d a h ɔ l a
<|SWE|>tionde	t iː ɔ n d ɛ
<|SWE|>tjej	ɕ ɛ j
<|SWE|>tobak	t uː b a k
<|SWE|>tofflor	t ɔ f l ʊ ɹ
<|SWE|>tog	t uː ɡ
<|SWE|>tok	t uː k
<|SWE|>tolfte	t ɔ l f t ɛ
<|SWE|>tolv	t ɔ l v
<|SWE|>tor	t uː r
<|SWE|>torg	t ɔ r j
<|SWE|>total	t ʊ t ɑː l
<|SWE|>tredje	t r eː d j ɛ
<|SWE|>tro	t r uː
<|SWE|>tror	t r uː r
<|SWE|>trä	t r ɛː
<|SWE|>träd	t r ɛː d
<|SWE|>tråd	t r oː d
<|SWE|>tuff	t ɵ f
<|SWE|>tusen	t ʉː s ɛ n
<|SWE|>tvivla	t v iː v l a
<|SWE|>tvärtom	t v ɛː ʈ ɔ m
<|SWE|>två	t v oː
<|SWE|>tycka	t ʏ k a
<|SWE|>tyska	 t ʏ s k a
<|SWE|>tyskland	t ʏ s k l a n d
<|SWE|>tyst	t ʏ sː t
<|SWE|>täcke	 t ɛ kː ɛ
<|SWE|>täckt	t ɛ k t
<|SWE|>tända	 t ɛ n d a
<|SWE|>tänkte	t ɛ ŋ k t ɛ
<|SWE|>tå	t oː
<|SWE|>tåg	t oː ɡ
<|SWE|>ugn	ɵ ŋ n
<|SWE|>ukulele	ɵ k ɵ l eː l ɛ
<|SWE|>ulla	 ɵ l a
<|SWE|>under	ɵ n d ɛ r
<|SWE|>universitet	ɵ n ɪ v ɛ ʂ ɪ t eː t
<|SWE|>upp	ɵ p
<|SWE|>uppträda	ɵ pː t r ɛː d a
<|SWE|>uppvisning	 ɵ p v iː s n ɪ ŋ
<|SWE|>ur	ʉː r
<|SWE|>ut	ʉː t
<|SWE|>utan	ʉː t a n
<|SWE|>utgång	ʉː t ɡ ɔ ŋ
<|SWE|>utom	 ʉ̟ː t ɔ m
<|SWE|>uttryck	ʉː t t r ʏ kː
<|SWE|>vaccin	v a k s iː n
<|SWE|>vacker	v a k ɛ r
<|SWE|>vandrare	v a n d r a r ɛ
<|SWE|>vann	v a n
<|SWE|>vapen	¹ v ɑː p ɛ n
<|SWE|>var	v ɑː ɾ
<|SWE|>varandra	v a r a n d r a
<|SWE|>varg	v a r j
<|SWE|>varken	v a r k ɛ n
<|SWE|>varm	v a r m
<|SWE|>varmt	v a r m t
<|SWE|>vasa	v a s ɑː
<|SWE|>vass	v a s
<|SWE|>vatten	v ǎ t ɛ n
<|SWE|>vattnet	v a tː n ɛ t
<|SWE|>vecka	 v ɛ k a
<|SWE|>verk	v æ r k
<|SWE|>verka	v ɛ r k a
<|SWE|>veta	 v eː t a
<|SWE|>vikt	v iː k t
<|SWE|>vilja	 v ɪ lː j a
<|SWE|>vill	v ɪ l
<|SWE|>ville	v ɪ lː ɛ
<|SWE|>vind	v ɪ n d
<|SWE|>vinter	v ɪ n t ɛ r
<|SWE|>vintertid	v ɪ n t ɛ r t iː d
<|SWE|>vintras	 v ɪ n t r a s
<|SWE|>vit	v iː t
<|SWE|>vred	v r eː d
<|SWE|>vuxen	v ɵ k s ɛ n
<|SWE|>väcka	 v ɛ k a
<|SWE|>väg	v ɛː ɡ
<|SWE|>vägg	v ɛ ɡ
<|SWE|>vägra	 v ɛː ɡ r a
<|SWE|>välja	 v ɛ lː j a
<|SWE|>välkommen	 v ɛː l k ɔ mː ɛ n
<|SWE|>vänta	 v ɛ nː t a
<|SWE|>väntan	 v ɛ n t a n
<|SWE|>värd	v ɛː ɖ
<|SWE|>värden	v æː ɖ ɛ n
<|SWE|>värdighet	 v ɛː r d ɪ ɡ h eː t
<|SWE|>världens	v æː ɖ ɛ n s
<|SWE|>värva	 v æ r v a
<|SWE|>väster	v ɛ sː t ə r
<|SWE|>västerås	ʋ ɛ s t ɛ r oː s
<|SWE|>väte	v ɛː t ɛ
<|SWE|>växjö	v ɛ kː ɧ øː
<|SWE|>våg	v oː ɡ
<|SWE|>vår	v oː r
<|SWE|>våras	 v oː r a s
<|SWE|>vård	v oː ɖ
<|SWE|>våt	v oː t
<|SWE|>äga	 ɛː ɡ a
<|SWE|>äldre	ɛ l d r ɛ
<|SWE|>äldst	ɛ l s t
<|SWE|>än	ɛ nː
<|SWE|>ända	ɛ n d a
<|SWE|>ära	 æː r a
<|SWE|>ärlig	æː ɭ ɪ ɡ
<|SWE|>äter	ɛː t ɘ r
<|SWE|>år	oː r
<|SWE|>årlig	 oː ɭ ɪ ɡ
<|SWE|>åsikt	oː s ɪ k t
<|SWE|>åstadkomma	 oː s t a k ɔ m a
<|SWE|>åt	oː t
<|SWE|>åtta	 ɔ tː a
<|SWE|>öga	øː ɡ a
<|SWE|>öl	øː l
<|SWE|>ön	øː n
<|SWE|>öppen	 œ p ɛ n
<|SWE|>öster	œ sː t ə r
<|SWE|>östersjön	 ø sː t ɛ r ɧ ø n
<|SWE|>östersund	œ s t ɛ r s ɵ n d
<|SWE|>över	øː v æ r
<|SWE|>överflöd	øː v ɛ r f l øː d
<|NLD|>aandeel	aː n d eː l
<|NLD|>aanhangen	aː n ɦ ɑ ŋ ə n
<|NLD|>aanhangsel	aː n ɦ ɑ ŋ s ə l
<|NLD|>aanhouding	aː n ɦ ɑ u̯ d ɪ ŋ
<|NLD|>aanrijding	aː n r ɛ i̯ d ɪ ŋ
<|NLD|>aanspreken	aː n s p r eː k ə n
<|NLD|>aanvoerder	aː n v uː r d ə r
<|NLD|>aanvoeren	aː n v uː r ə n
<|NLD|>aanwakkeren	aː n ʋ ɑ k ə r ə n
<|NLD|>aarden	aː r d ə n
<|NLD|>abacus	ɑ b aː k ʏ s
<|NLD|>achterblijven	ɑ x t ə r b l ɛ i̯ v ə n
<|NLD|>achthoek	ɑ x t ɦ u k
<|NLD|>achttien	ɑ x t i n
<|NLD|>acrobatiek	ɑ k r oː b aː t i k
<|NLD|>actrice	ɑ k t r i s ə
<|NLD|>adel	aː d ə l
<|NLD|>ademnood	aː d ə m n oː t
<|NLD|>adriaan	aː d r i aː n
<|NLD|>afbraak	ɑ f b r aː k
<|NLD|>afgeleide	ɑ f x ə l ɛ i̯ d ə
<|NLD|>afgoderij	ɑ f x oː d ə r ɛ i̯
<|NLD|>afhangen	ɑ f ɦ ɑ ŋ ə n
<|NLD|>afrit	ɑ f r ɪ t
<|NLD|>afscheiding	ɑ f s x ɛ i̯ d ɪ ŋ
<|NLD|>afslanken	ɑ f s l ɑ ŋ k ə n
<|NLD|>afstandsbediening	ɑ f s t ɑ n t s b ə d i n ɪ ŋ
<|NLD|>akelig	aː k ə l ə x
<|NLD|>alarmsignaal	ɑ l ɑ r m s ɪ n j aː l
<|NLD|>albanees	ɑ l b aː n eː s
<|NLD|>ale	eː l
<|NLD|>algemeenheid	ɑ l ɣ ə m eː n ɦ ɛ i̯ t
<|NLD|>almaar	ɑ l m aː r
<|NLD|>alsem	ɑ l s ə m
<|NLD|>alsmaar	ɑ l s m aː r
<|NLD|>alsnog	ɑ l s n ɔ x
<|NLD|>ambtenaar	ɑ m p t ə n aː r
<|NLD|>amerikaans	aː m eː r i k aː n s
<|NLD|>andersom	ɑ n d ə r s ɔ m
<|NLD|>andersvalide	ɑ n d ə r s f aː l i d ə
<|NLD|>angstig	ɑ ŋ s t ə x
<|NLD|>april	ɑ p r ɪ l
<|NLD|>archiveren	ɑ r x i v eː r ə n
<|NLD|>argon	ɑ r ɣ ɔ n
<|NLD|>aristocraat	aː r ɪ s t oː k r aː t
<|NLD|>arnhem	ɑ r n ɦ ɛ m
<|NLD|>aroma	aː r oː m aː
<|NLD|>artistiek	ɑ r t ɪ s t i k
<|NLD|>astrid	ɑ s t r ɪ t
<|NLD|>atelier	aː t ə l j eː
<|NLD|>atol	aː t ɔ l
<|NLD|>attribuut	ɑ t r i b y t
<|NLD|>automatisering	ɑ u̯ t oː m aː t i z eː r ɪ ŋ
<|NLD|>babbelen	b ɑ b ə l ə n
<|NLD|>bakken	b ɑ k ə n
<|NLD|>bakpoeder	b ɑ k p u d ə r
<|NLD|>bankovervaller	b ɑ ŋ k oː v ə r v ɑ l ə r
<|NLD|>bankroet	b ɑ ŋ k r u t
<|NLD|>bankschroef	b ɑ ŋ k s x r u f
<|NLD|>baren	b aː r ə n
<|NLD|>beantwoorden	b ə ɑ n t ʋ oː r d ə n
<|NLD|>bedrag	b ə d r ɑ x
<|NLD|>beduidend	b ə d œ y̯ d ə n t
<|NLD|>beerput	b eː r p ʏ t
<|NLD|>beginnen	b ə ɣ ɪ n ə n
<|NLD|>beginnerscursus	b ə ɣ ɪ n ə r s k ʏ r z ʏ s
<|NLD|>begint	b ə ɣ ɪ n t
<|NLD|>begrippenkader	b ə ɣ r ɪ p ə n k aː d ə r
<|NLD|>begroeten	b ə ɣ r u t ə n
<|NLD|>begroting	b ə ɣ r oː t ɪ ŋ
<|NLD|>behaaglijk	b ə ɦ aː x l ə k
<|NLD|>beheerbaar	b ə ɦ eː r b aː r
<|NLD|>behendigheid	b ə ɦ ɛ n d ə x ɦ ɛ i̯ t
<|NLD|>beiden	b ɛ i̯ d ə n
<|NLD|>bek	b ɛ k
<|NLD|>bekennen	b ə k ɛ n ə n
<|NLD|>beladen	b ə l aː d ə n
<|NLD|>belagen	b ə l aː ɣ ə n
<|NLD|>beledigen	b ə l eː d ə ɣ ə n
<|NLD|>benoemen	b ə n u m ə n
<|NLD|>beoordelen	b ə oː r d eː l ə n
<|NLD|>bepalen	b ə p aː l ə n
<|NLD|>bepleiten	b ə p l ɛ i̯ t ə n
<|NLD|>berber	b ɛ r b ə r
<|NLD|>berging	b ɛ r ɣ ɪ ŋ
<|NLD|>bes	b ɛ s
<|NLD|>beschermen	b ə s x ɛ r m ə n
<|NLD|>beschikken	b ə s x ɪ k ə n
<|NLD|>bespelen	b ə s p eː l ə n
<|NLD|>best	b ɛ s t
<|NLD|>bestanden	b ə s t ɑ n d ə n
<|NLD|>besturingssysteem	b ə s t yː r ɪ ŋ s i s t eː m
<|NLD|>betreffen	b ə t r ɛ f ə n
<|NLD|>betrekken	b ə t r ɛ k ə n
<|NLD|>betrokkenheid	b ə t r ɔ k ə n ɦ ɛ i̯ t
<|NLD|>bevalling	b ə v ɑ l ɪ ŋ
<|NLD|>beveiligen	b ə v ɛ i̯ l ə ɣ ə n
<|NLD|>bewaking	b ə ʋ aː k ɪ ŋ
<|NLD|>beweegbaar	b ə ʋ eː x b aː r
<|NLD|>bewindvoerder	b ə ʋ ɪ n t f uː r d ə r
<|NLD|>bezoeken	b ə z u k ə n
<|NLD|>bezuinigen	b ə z œ y̯ n ə ɣ ə n
<|NLD|>bezwaarschrift	b ə z ʋ aː r s x r ɪ f t
<|NLD|>bezweet	b ə z ʋ eː t
<|NLD|>bierbrouwer	b iː r b r ɑ u̯ ə r
<|NLD|>biestmelk	b i s t m ɛ l k
<|NLD|>bijbrengen	b ɛ i̯ b r ɛ ŋ ə n
<|NLD|>bijdrage	b ɛ i̯ d r aː ɣ ə
<|NLD|>bijou	b i ʒ u
<|NLD|>bijtanken	b ɛ i̯ t ɛ ŋ k ə n
<|NLD|>bijwijf	b ɛ i̯ ʋ ɛ i̯ f
<|NLD|>binden	b ɪ n d ə n
<|NLD|>binnentrekken	b ɪ n ə n t r ɛ k ə n
<|NLD|>binnenzak	b ɪ n ə n z ɑ k
<|NLD|>biodanza	b i oː d ɑ n z aː
<|NLD|>bits	b ɪ t s
<|NLD|>bivak	b i v ɑ k
<|NLD|>bladeren	b l aː d ə r ə n
<|NLD|>blauw	b l ɑ u̯
<|NLD|>bleek	b l eː k
<|NLD|>bleekselderij	b l eː k s ɛ l d ə r ɛ i̯
<|NLD|>bleker	b l eː k ə r
<|NLD|>blog	b l ɔ x
<|NLD|>blondine	b l ɔ n d iː n ə
<|NLD|>blut	b l ʏ t
<|NLD|>boa	b oː aː
<|NLD|>bod	b ɔ t
<|NLD|>bodemonderzoek	b oː d ə m ɔ n d ə r z u k
<|NLD|>boedapest	b u d aː p ɛ s t
<|NLD|>boekjaar	b u k j aː r
<|NLD|>bolsward	b ɔ l s ʋ ɑ r t
<|NLD|>bolvormig	b ɔ l v ɔ r m ə x
<|NLD|>borger	b ɔ r ɣ ə r
<|NLD|>borrel	b ɔ r ə l
<|NLD|>borst	b ɔ r s t
<|NLD|>bosnië	b ɔ s n i ə
<|NLD|>boswachter	b ɔ s ʋ ɑ x t ə r
<|NLD|>botsing	b ɔ t s ɪ ŋ
<|NLD|>botswana	b ɔ t s ʋ aː n aː
<|NLD|>botten	b ɔ t ə n
<|NLD|>bovenal	b oː v ə n ɑ l
<|NLD|>bovenkant	b oː v ə n k ɑ n t
<|NLD|>boventoon	b oː v ə n t oː n
<|NLD|>brandstof	b r ɑ n t s t ɔ f
<|NLD|>breed	b r eː t
<|NLD|>broeikaseffect	b r u i̯ k ɑ s ɛ f ɛ k t
<|NLD|>broncode	b r ɔ n k oː d ə
<|NLD|>bronkhorst	b r ɔ ŋ k ɦ ɔ r s t
<|NLD|>bruine	b r œ y̯ n ə
<|NLD|>btw	b eː t eː ʋ eː
<|NLD|>budgetteren	b ʏ d ʒ ɛ t eː r ə n
<|NLD|>buggy	b ʏ ɡ i
<|NLD|>buienradar	b œ y̯ ə n r aː d ɑ r
<|NLD|>buiging	b œ y̯ ɣ ɪ ŋ
<|NLD|>buitenaf	b œ y̯ t ə n ɑ f
<|NLD|>buitenspelval	b œ y̯ t ə n s p ɛ l v ɑ l
<|NLD|>buitentrouw	b œ y̯ t ə n t r ɑ u̯
<|NLD|>bukken	b ʏ k ə n
<|NLD|>burchtheer	b ʏ r x t ɦ eː r
<|NLD|>byzantijns	b i z ɑ n t ɛ i̯ n s
<|NLD|>cabine	k aː b i n ə
<|NLD|>calamiteit	k aː l aː m i t ɛ i̯ t
<|NLD|>californië	k aː l i f ɔ r n i ə
<|NLD|>capitool	k aː p i t oː l
<|NLD|>cataract	k aː t aː r ɑ k t
<|NLD|>cement	s ə m ɛ n t
<|NLD|>charmant	ʃ ɑ r m ɑ n t
<|NLD|>chef	ʃ ɛ f
<|NLD|>chemie	x eː m i
<|NLD|>chirurgie	ʃ i r ʏ r ɣ i
<|NLD|>cimbaal	s ɪ m b aː l
<|NLD|>clown	k l ɑ u̯ n
<|NLD|>coach	k oː t ʃ
<|NLD|>compensatie	k ɔ m p ɛ n z aː t s i
<|NLD|>completeren	k ɔ m p l eː t eː r ə n
<|NLD|>complexiteit	k ɔ m p l ɛ k s i t ɛ i̯ t
<|NLD|>componist	k ɔ m p oː n ɪ s t
<|NLD|>compositie	k ɔ m p oː z i t s i
<|NLD|>computerspel	k ɔ m p j u t ə r s p ɛ l
<|NLD|>concilie	k ɔ n s i l i
<|NLD|>concluderen	k ɔ ŋ k l y d eː r ə n
<|NLD|>condoleren	k ɔ n d oː l eː r ə n
<|NLD|>condoom	k ɔ n d oː m
<|NLD|>conservatisme	k ɔ n z ɛ r v aː t ɪ s m ə
<|NLD|>constant	k ɔ n s t ɑ n t
<|NLD|>contact	k ɔ n t ɑ k t
<|NLD|>convenant	k ɔ n v ə n ɑ n t
<|NLD|>coulisselandschap	k u l i z ə l ɑ n t s x ɑ p
<|NLD|>crèmekleurig	k r ɛː m k l øː r ə x
<|NLD|>curator	k y r aː t ɔ r
<|NLD|>cyprus	s i p r ʏ s
<|NLD|>daarin	d aː r ɪ n
<|NLD|>daarom	d aː r ɔ m
<|NLD|>daartegen	d aː r t eː ɣ ə n
<|NLD|>daartegenover	d aː r t eː ɣ ə n oː v ə r
<|NLD|>dakdekker	d ɑ k d ɛ k ə r
<|NLD|>danig	d aː n ə x
<|NLD|>dankjewel	d ɑ ŋ k j ə ʋ ɛ l
<|NLD|>dato	d aː t oː
<|NLD|>david	d aː v ɪ t
<|NLD|>ddr	d eː d eː ɛ r
<|NLD|>decaan	d eː k aː n
<|NLD|>decentralisering	d eː s ɛ n t r aː l i z eː r ɪ ŋ
<|NLD|>deelstaat	d eː l s t aː t
<|NLD|>dekmantel	d ɛ k m ɑ n t ə l
<|NLD|>delft	d ɛ l f t
<|NLD|>demonstreren	d eː m ɔ n s t r eː r ə n
<|NLD|>demper	d ɛ m p ə r
<|NLD|>deregulering	d eː r eː ɣ y l eː r ɪ ŋ
<|NLD|>dergelijk	d ɛ r ɣ ə l ə k
<|NLD|>desgewenst	d ɛ s x ə ʋ ɛ n s t
<|NLD|>deskundige	d ɛ s k ʏ n d ə ɣ ə
<|NLD|>detail	d eː t ɑ i̯
<|NLD|>dierenpark	d iː r ə n p ɑ r k
<|NLD|>diner	d i n eː
<|NLD|>diploma	d i p l oː m aː
<|NLD|>disco	d ɪ s k oː
<|NLD|>discriminatie	d ɪ s k r i m i n aː t s i
<|NLD|>discrimineren	d ɪ s k r i m i n eː r ə n
<|NLD|>do	d oː
<|NLD|>doctoraat	d ɔ k t oː r aː t
<|NLD|>doelpunt	d u l p ʏ n t
<|NLD|>domein	d oː m ɛ i̯ n
<|NLD|>donderdagochtend	d ɔ n d ə r d ɑ x ɔ x t ə n t
<|NLD|>donkerblauw	d ɔ ŋ k ə r b l ɑ u̯
<|NLD|>dooddoener	d oː t d u n ə r
<|NLD|>doorbrengen	d oː r b r ɛ ŋ ə n
<|NLD|>doordeweeks	d oː r d ə ʋ eː k s
<|NLD|>doorlopend	d oː r l oː p ə n t
<|NLD|>doorsnijden	d oː r s n ɛ i̯ d ə n
<|NLD|>doorstart	d oː r s t ɑ r t
<|NLD|>doppen	d ɔ p ə n
<|NLD|>dorpsplein	d ɔ r p s p l ɛ i̯ n
<|NLD|>dove	d oː v ə
<|NLD|>draf	d r ɑ f
<|NLD|>drama	d r aː m aː
<|NLD|>drang	d r ɑ ŋ
<|NLD|>driecilinder	d r i s i l ɪ n d ə r
<|NLD|>driejarig	d r i j aː r ə x
<|NLD|>drievoudig	d r i v ɑ u̯ d ə x
<|NLD|>drijfveer	d r ɛ i̯ f eː r
<|NLD|>drink	d r ɪ ŋ k
<|NLD|>droogte	d r oː x t ə
<|NLD|>drukker	d r ʏ k ə r
<|NLD|>drukte	d r ʏ k t ə
<|NLD|>duidelijk	d œ y̯ d ə l ə k
<|NLD|>duim	d œ y̯ m
<|NLD|>duivel	d œ y̯ v ə l
<|NLD|>duizelingwekkend	d œ y̯ z ə l ɪ ŋ ʋ ɛ k ə n t
<|NLD|>dwaas	d ʋ aː s
<|NLD|>dwarszitten	d ʋ ɑ r s ɪ t ə n
<|NLD|>dweilen	d ʋ ɛ i̯ l ə n
<|NLD|>dwingen	d ʋ ɪ ŋ ə n
<|NLD|>dyslexie	d ɪ s l ɛ k s i
<|NLD|>echter	ɛ x t ə r
<|NLD|>eden	eː d ə n
<|NLD|>eenzaam	eː n z aː m
<|NLD|>eerstejaars	eː r s t ə j aː r s
<|NLD|>eeuwigheid	eː u̯ ə x ɦ ɛ i̯ t
<|NLD|>effect	ɛ f ɛ k t
<|NLD|>eieren	ɛ i̯ j ə r ə n
<|NLD|>eigenwijs	ɛ i̯ ɣ ə n ʋ ɛ i̯ s
<|NLD|>einde	ɛ i̯ n d ə
<|NLD|>els	ɛ l s
<|NLD|>ene	eː n ə
<|NLD|>eredivisie	eː r ə d i v i s i
<|NLD|>erfzonde	ɛ r f s ɔ n d ə
<|NLD|>evenknie	eː v ə n k n i
<|NLD|>extract	ɛ k t r ɑ k t
<|NLD|>fabriceren	f ɑ b r i s eː r ə n
<|NLD|>factuur	f ɑ k t yː r
<|NLD|>feit	f ɛ i̯ t
<|NLD|>flevoland	f l eː v oː l ɑ n t
<|NLD|>fotografie	f oː t oː ɣ r aː f i
<|NLD|>fretten	f r ɛ t ə n
<|NLD|>fundering	f ʏ n d eː r ɪ ŋ
<|NLD|>föhn	f øː n
<|NLD|>gade	ɣ aː d ə
<|NLD|>game	ɡ eː m
<|NLD|>garde	ɣ ɑ r d ə
<|NLD|>gas	ɣ ɑ s
<|NLD|>gastvrij	ɣ ɑ s t f r ɛ i̯
<|NLD|>gastvrijheid	ɣ ɑ s t f r ɛ i̯ ɦ ɛ i̯ t
<|NLD|>gebouw	ɣ ə b ɑ u̯
<|NLD|>geheten	ɣ ə ɦ eː t ə n
<|NLD|>gek	ɣ ɛ k
<|NLD|>gelaat	ɣ ə l aː t
<|NLD|>geldbuidel	ɣ ɛ l t b œ y̯ d ə l
<|NLD|>geleen	ɣ ə l eː n
<|NLD|>gelijkstelling	ɣ ə l ɛ i̯ k s t ɛ l ɪ ŋ
<|NLD|>gelijktijdigheid	ɣ ə l ɛ i̯ k t ɛ i̯ d ə ɣ ɦ ɛ i̯ d
<|NLD|>geluid	ɣ ə l œ y̯ t
<|NLD|>geologie	ɣ eː oː l oː ɣ i
<|NLD|>geschenk	ɣ ə s x ɛ ŋ k
<|NLD|>geweld	ɣ ə ʋ ɛ l t
<|NLD|>gewoon	ɣ ə ʋ oː n
<|NLD|>gezagvoerder	ɣ ə z ɑ x f uː r d ə r
<|NLD|>giftig	ɣ ɪ f t ə x
<|NLD|>gillen	ɣ ɪ l ə n
<|NLD|>glastuinbouw	ɣ l ɑ s t œ y̯ n b ɑ u̯
<|NLD|>gloeilamp	ɣ l u i̯ l ɑ m p
<|NLD|>goede	ɣ u d ə
<|NLD|>goes	ɣ u s
<|NLD|>gordijn	ɣ ɔ r d ɛ i̯ n
<|NLD|>grapjas	ɣ r ɑ p j ɑ s
<|NLD|>grasduinen	ɣ r ɑ s d œ y̯ n ə n
<|NLD|>grassen	ɣ r ɑ s ə n
<|NLD|>guichelheil	ɣ œ y̯ x ə l ɦ ɛ i̯ l
<|NLD|>haan	ɦ aː n
<|NLD|>half	ɦ ɑ l f
<|NLD|>hamer	ɦ aː m ə r
<|NLD|>hanteerbaar	ɦ ɑ n t eː r b aː r
<|NLD|>heerlijk	ɦ eː r l ə k
<|NLD|>heiligen	ɦ ɛ i̯ l ə ɣ ə n
<|NLD|>hele	ɦ eː l ə
<|NLD|>hermans	ɦ ɛ r m ɑ n s
<|NLD|>hester	ɦ ɛ s t ə r
<|NLD|>hollen	ɦ ɔ l ə n
<|NLD|>homeopathisch	ɦ oː m eː oː p aː t i s
<|NLD|>honkbalknuppel	ɦ ɔ ŋ k b ɑ l k n ʏ p ə l
<|NLD|>hoofdredacteur	ɦ oː f t r eː d ɑ k t øː r
<|NLD|>horizon	ɦ oː r i z ɔ n
<|NLD|>houten	ɦ ɑ u̯ t ə n
<|NLD|>houtworm	ɦ ɑ u̯ t ʋ ɔ r m
<|NLD|>huilebalk	ɦ œ y̯ l ə b ɑ l k
<|NLD|>huis	ɦ œ y̯ s
<|NLD|>huishoudelijk	ɦ œ y̯ s ɦ ɑ u̯ d ə l ə k
<|NLD|>huisvesting	ɦ œ y̯ s f ɛ s t ɪ ŋ
<|NLD|>hup	ɦ ʏ p
<|NLD|>ijmuiden	ɛ i̯ m œ y̯ d ə n
<|NLD|>in	ɪ n
<|NLD|>indien	ɪ n d i n
<|NLD|>indonesisch	ɪ n d oː n eː z i s
<|NLD|>indonesië	ɪ n d oː n eː z i j ə
<|NLD|>inflatie	ɪ n f l aː t s i
<|NLD|>instituut	ɪ n s t i t y t
<|NLD|>instrumentarium	ɪ n s t r y m ɛ n t aː r i ʏ m
<|NLD|>interbellum	ɪ n t ə r b ɛ l ʏ m
<|NLD|>interland	ɪ n t ə r l ɑ n t
<|NLD|>introductie	ɪ n t r oː d ʏ k s i
<|NLD|>intuïtie	ɪ n t y i t s i
<|NLD|>inwerken	ɪ n ʋ ɛ r k ə n
<|NLD|>irakees	i r aː k eː s
<|NLD|>jaarabonnement	j aː r ɑ b ɔ n ə m ɛ n t
<|NLD|>jammer	j ɑ m ə r
<|NLD|>jarige	j aː r ə ɣ ə
<|NLD|>jong	j ɔ ŋ
<|NLD|>jongleren	j ɔ ŋ l eː r ə n
<|NLD|>juffrouw	j ʏ f r ɑ u̯
<|NLD|>ka	k aː
<|NLD|>kabel	k aː b ə l
<|NLD|>kaf	k ɑ f
<|NLD|>kalief	k aː l i f
<|NLD|>kalmte	k ɑ l m t ə
<|NLD|>kamp	k ɑ m p
<|NLD|>kankerhoer	k ɑ ŋ k ə r ɦ uː r
<|NLD|>kapster	k ɑ p s t ə r
<|NLD|>karavaan	k aː r aː v aː n
<|NLD|>karikatuur	k aː r i k aː t y r
<|NLD|>katje	k ɑ t j ə
<|NLD|>katwijk	k ɑ t ʋ ɛ i̯ k
<|NLD|>kazen	k aː z ə n
<|NLD|>keer	k eː r
<|NLD|>kempen	k ɛ m p ə n
<|NLD|>kentering	k ɛ n t ə r ɪ ŋ
<|NLD|>kerkhof	k ɛ r k ɦ ɔ f
<|NLD|>kerkrade	k ɛ r k r aː d ə
<|NLD|>kerstdag	k ɛ r s d ɑ x
<|NLD|>keuren	k øː r ə n
<|NLD|>kiespijn	k i s p ɛ i̯ n
<|NLD|>kin	k ɪ n
<|NLD|>klaslokaal	k l ɑ s l oː k aː l
<|NLD|>klauw	k l ɑ u̯
<|NLD|>kleed	k l eː t
<|NLD|>kleindochter	k l ɛ i̯ n d ɔ x t ə r
<|NLD|>kleinood	k l ɛ i̯ n oː t
<|NLD|>klit	k l ɪ t
<|NLD|>knokpartij	k n ɔ k p ɑ r t ɛ i̯
<|NLD|>koeien	k u i̯ ə n
<|NLD|>komplot	k ɔ m p l ɔ t
<|NLD|>komt	k ɔ m t
<|NLD|>koningin	k oː n ɪ ŋ ɪ n
<|NLD|>koninkrijk	k oː n ɪ ŋ k r ɛ i̯ k
<|NLD|>koolrabi	k oː l r aː b i
<|NLD|>koper	k oː p ə r
<|NLD|>koraal	k oː r aː l
<|NLD|>korea	k oː r eː aː
<|NLD|>krachtdadig	k r ɑ x t d aː d ə x
<|NLD|>krentenbol	k r ɛ n t ə n b ɔ l
<|NLD|>krijgsman	k r ɛ i̯ x s m ɑ n
<|NLD|>kringloopwinkel	k r ɪ ŋ l oː p ʋ ɪ ŋ k ə l
<|NLD|>krokusvakantie	k r oː k ʏ s f aː k ɑ n t s i
<|NLD|>krukas	k r ʏ k ɑ s
<|NLD|>kustplaats	k ʏ s t p l aː t s
<|NLD|>lappen	l ɑ p ə n
<|NLD|>lees	l eː s
<|NLD|>leesten	l eː s t ə n
<|NLD|>leesvoer	l eː s v uː r
<|NLD|>legerleiding	l eː ɣ ə r l ɛ i̯ d ɪ ŋ
<|NLD|>legt	l ɛ x t
<|NLD|>leiding	l ɛ i̯ d ɪ ŋ
<|NLD|>letten	l ɛ t ə n
<|NLD|>letterkundig	l ɛ t ə r k ʏ n d ə x
<|NLD|>leuk	l øː k
<|NLD|>lia	l i aː
<|NLD|>liep	l i p
<|NLD|>limbo	l ɪ m b oː
<|NLD|>lisse	l ɪ s ə
<|NLD|>listig	l ɪ s t ə x
<|NLD|>livestream	l ɑ i̯ v s t r iː m
<|NLD|>locomotief	l oː k oː m oː t i f
<|NLD|>logisch	l oː ɣ i s
<|NLD|>loket	l oː k ɛ t
<|NLD|>londen	l ɔ n d ə n
<|NLD|>loopjongen	l oː p j ɔ ŋ ə n
<|NLD|>lopen	l oː p ə n
<|NLD|>losser	l ɔ s ə r
<|NLD|>lotte	l ɔ t ə
<|NLD|>luchtweerstand	l ʏ x t ʋ eː r s t ɑ n t
<|NLD|>luier	l œ y̯ ə r
<|NLD|>luisterboek	l œ y̯ s t ə r b u k
<|NLD|>maagd	m aː x t
<|NLD|>maar	m aː r
<|NLD|>maat	m aː t
<|NLD|>macedonië	m ɑ s ə d oː n i j ə
<|NLD|>maf	m ɑ f
<|NLD|>mager	m aː ɣ ə r
<|NLD|>maria	m aː r i j aː
<|NLD|>markteconomie	m ɑ r k t eː k oː n oː m i
<|NLD|>marktplaats	m ɑ r k t p l aː t s
<|NLD|>marktwerking	m ɑ r k t ʋ ɛ r k ɪ ŋ
<|NLD|>martelen	m ɑ r t ə l ə n
<|NLD|>mavo	m aː v oː
<|NLD|>maya	m aː j aː
<|NLD|>medezeggenschap	m eː d ə z ɛ ɣ ə n s x ɑ p
<|NLD|>mediatheek	m eː d i aː t eː k
<|NLD|>meervoud	m eː r v ɑ u̯ t
<|NLD|>meijer	m ɛ i̯ ə r
<|NLD|>meisjes	m ɛ i̯ s j ə s
<|NLD|>melkweg	m ɛ l k ʋ ɛ x
<|NLD|>mening	m eː n ɪ ŋ
<|NLD|>mensen	m ɛ n s ə n
<|NLD|>mensenmassa	m ɛ n s ə n m ɑ s aː
<|NLD|>mensensmokkel	m ɛ n s ə n s m ɔ k ə l
<|NLD|>merel	m eː r ə l
<|NLD|>meter	m eː t ə r
<|NLD|>metro	m eː t r oː
<|NLD|>migraine	m i ɡ r ɛː n ə
<|NLD|>milieubelasting	m ɪ l j øː b ə l ɑ s t ɪ ŋ
<|NLD|>miljonair	m ɪ l j oː n ɛ r
<|NLD|>mislukken	m ɪ s l ʏ k ə n
<|NLD|>modder	m ɔ d ə r
<|NLD|>moeheid	m u ɦ ɛ i̯ t
<|NLD|>moeras	m u r ɑ s
<|NLD|>moeten	m u t ə n
<|NLD|>molenaar	m oː l ə n aː r
<|NLD|>mollen	m ɔ l ə n
<|NLD|>mondkap	m ɔ n t k ɑ p
<|NLD|>moreel	m oː r eː l
<|NLD|>muggenzifter	m ʏ ɣ ə n z ɪ f t ə r
<|NLD|>munten	m ʏ n t ə n
<|NLD|>mutant	m y t ɑ n t
<|NLD|>namaken	n aː m aː k ə n
<|NLD|>nasmaak	n aː s m aː k
<|NLD|>natiestaat	n aː t s i s t aː t
<|NLD|>natuursteen	n aː t yː r s t eː n
<|NLD|>nauwkeurig	n ɑ u̯ k øː r ə x
<|NLD|>navo	n aː v oː
<|NLD|>nederlands	n eː d ə r l ɑ n t s
<|NLD|>neptunus	n ɛ p t y n ʏ s
<|NLD|>netjes	n ɛ t j ə s
<|NLD|>neurochirurg	n øː r oː ʃ i r ʏ r x
<|NLD|>nijd	n ɛ i̯ t
<|NLD|>noemer	n u m ə r
<|NLD|>noodlottig	n oː t l ɔ t ə x
<|NLD|>novum	n oː v ʏ m
<|NLD|>oceaan	oː s eː j aː n
<|NLD|>oekaze	u k aː z ə
<|NLD|>oekraïne	u k r aː i n ə
<|NLD|>oeps	u p s
<|NLD|>ofschoon	ɔ f s x oː n
<|NLD|>ogen	oː ɣ ə n
<|NLD|>olietanker	oː l i t ɛ ŋ k ə r
<|NLD|>oliewinning	oː l i ʋ ɪ n ɪ ŋ
<|NLD|>olifantenpad	oː l i f ɑ n t ə n p ɑ t
<|NLD|>omarmen	ɔ m ɑ r m ə n
<|NLD|>ommetje	ɔ m ə t j ə
<|NLD|>onbenul	ɔ n b ə n ʏ l
<|NLD|>onbereikbaar	ɔ n b ə r ɛ i̯ k b aː r
<|NLD|>ondergeschikte	ɔ n d ə r ɣ ə s x ɪ k t ə
<|NLD|>onderwereld	ɔ n d ə r ʋ eː r ə l t
<|NLD|>ongeluk	ɔ ŋ ɣ ə l ʏ k
<|NLD|>onmogelijk	ɔ n m oː ɣ ə l ə k
<|NLD|>ontberingen	ɔ n t b eː r ɪ ŋ ə n
<|NLD|>ontnemen	ɔ n t n eː m ə n
<|NLD|>ontruimen	ɔ n t r œ y̯ m ə n
<|NLD|>ooit	oː i̯ t
<|NLD|>oorlog	oː r l ɔ x
<|NLD|>oosten	oː s t ə n
<|NLD|>oostzee	oː s t s eː
<|NLD|>opbouw	ɔ p b ɑ u̯
<|NLD|>opgeruimd	ɔ p x ə r œ y̯ m t
<|NLD|>opgeven	ɔ p x eː v ə n
<|NLD|>opkomen	ɔ p k oː m ə n
<|NLD|>oppositie	ɔ p oː z i t s i
<|NLD|>optimaal	ɔ p t i m aː l
<|NLD|>opvijzelen	ɔ p f ɛ i̯ z ɛ l ɛ n
<|NLD|>opzetten	ɔ p z ɛ t ə n
<|NLD|>ouwe	ɑ u̯ ə
<|NLD|>overlast	oː v ə r l ɑ s t
<|NLD|>overlaten	oː v ə r l aː t ə n
<|NLD|>overname	oː v ə r n aː m ə
<|NLD|>overplaatsen	oː v ə r p l aː t s ə n
<|NLD|>overzetten	oː v ə r z ɛ t ə n
<|NLD|>overzicht	oː v ə r z ɪ x t
<|NLD|>oxaalzuur	ɔ k s aː l z yː r
<|NLD|>pak	p ɑ k
<|NLD|>paniekvoetbal	p aː n i k f u t b ɑ l
<|NLD|>papierwerk	p aː p iː r ʋ ɛ r k
<|NLD|>parelmoer	p aː r ə l m uː r
<|NLD|>park	p ɑ r k
<|NLD|>parkeerplaats	p ɑ r k eː r p l aː t s
<|NLD|>parking	p ɑ r k ɪ ŋ
<|NLD|>pasgeboren	p ɑ s x ə b oː r ə n
<|NLD|>pech	p ɛ x
<|NLD|>perceel	p ɛ r s eː l
<|NLD|>persen	p ɛ r s ə n
<|NLD|>pijpleiding	p ɛ i̯ p l ɛ i̯ d ɪ ŋ
<|NLD|>pikdonker	p ɪ k d ɔ ŋ k ə r
<|NLD|>pillewegge	p ɪ l ə ʋ ɛ ɣ ə
<|NLD|>pindakaas	p ɪ n d aː k aː s
<|NLD|>pissebed	p ɪ s ə b ɛ t
<|NLD|>plaat	p l aː t
<|NLD|>plaats	p l aː t s
<|NLD|>plan	p l ɑ n
<|NLD|>plasma	p l ɑ s m aː
<|NLD|>plastiek	p l ɑ s t i k
<|NLD|>ploert	p l uː r t
<|NLD|>politiek	p oː l i t i k
<|NLD|>pompen	p ɔ m p ə n
<|NLD|>postbode	p ɔ s t b oː d ə
<|NLD|>postbus	p ɔ s t b ʏ s
<|NLD|>pot	p ɔ t
<|NLD|>printen	p r ɪ n t ə n
<|NLD|>proost	p r oː s t
<|NLD|>prostituee	p r ɔ s t i t y eː
<|NLD|>prothese	p r oː t eː z ə
<|NLD|>provinciën	p r oː v ɪ n s i ə n
<|NLD|>publiek	p y b l i k
<|NLD|>puin	p œ y̯ n
<|NLD|>quarantaine	k aː r ɑ n t ɛː n ə
<|NLD|>raadplegen	r aː t p l eː ɣ ə n
<|NLD|>raadslid	r aː t s l ɪ t
<|NLD|>raam	r aː m
<|NLD|>rare	r aː r ə
<|NLD|>ravage	r aː v aː ʒ ə
<|NLD|>recepten	r ə s ɛ p t ə n
<|NLD|>reken	r eː k ə n
<|NLD|>rellen	r ɛ l ə n
<|NLD|>remmen	r ɛ m ə n
<|NLD|>renswoude	r ɛ n s ʋ ɑ u̯ d ə
<|NLD|>rijdt	r ɛ i̯ t
<|NLD|>rijswijk	r ɛ i̯ s ʋ ɛ i̯ k
<|NLD|>rijweg	r ɛ i̯ ʋ ɛ x
<|NLD|>ring	r ɪ ŋ
<|NLD|>rit	r ɪ t
<|NLD|>rits	r ɪ t s
<|NLD|>roeien	r u i̯ ə n
<|NLD|>roeren	r u r ə n
<|NLD|>rol	r ɔ l
<|NLD|>roof	r oː f
<|NLD|>rook	r oː k
<|NLD|>ruim	r œ y̯ m
<|NLD|>ruimtekromme	r œ y̯ m t ə k r ɔ m ə
<|NLD|>ruimteveer	r œ y̯ m t ə v eː r
<|NLD|>rust	r ʏ s t
<|NLD|>ruth	r ʏ t
<|NLD|>ruïneren	r y i n eː r ə n
<|NLD|>salomonseilanden	s aː l oː m ɔ n s ɛ i̯ l ɑ n d ə n
<|NLD|>samenstelling	s aː m ə n s t ɛ l ɪ ŋ
<|NLD|>sarah	s aː r aː
<|NLD|>sassenheim	s ɑ s ə n ɦ ɛ i̯ m
<|NLD|>schaal	s x aː l
<|NLD|>schaker	s x aː k ə r
<|NLD|>schapenvlees	s x aː p ə n v l eː s
<|NLD|>schelpenpad	s x ɛ l p ə n p ɑ t
<|NLD|>schenking	s x ɛ ŋ k ɪ ŋ
<|NLD|>scherp	s x ɛ r p
<|NLD|>scherpen	s x ɛ r p ə n
<|NLD|>schilderkunst	s x ɪ l d ə r k ʏ n s t
<|NLD|>schizofrenie	s x i t s oː f r eː n i
<|NLD|>schoeien	s x u i̯ ə n
<|NLD|>schokland	s x ɔ k l ɑ n t
<|NLD|>schreef	s x r eː f
<|NLD|>schuiven	s x œ y̯ v ə n
<|NLD|>schuldig	s x ʏ l d ə x
<|NLD|>schutting	s x ʏ t ɪ ŋ
<|NLD|>script	s k r ɪ p t
<|NLD|>seconde	s ɛ k ɔ n d ə
<|NLD|>sedert	s eː d ə r t
<|NLD|>sein	s ɛ i̯ n
<|NLD|>serre	s ɛː r ə
<|NLD|>sier	s i r
<|NLD|>simultaan	s i m ʏ l t aː n
<|NLD|>sjiitisch	ʃ i i t i s
<|NLD|>slachting	s l ɑ x t ɪ ŋ
<|NLD|>slagen	s l aː ɣ ə n
<|NLD|>sleutelrol	s l øː t ə l r ɔ l
<|NLD|>slib	s l ɪ p
<|NLD|>sloeber	s l u b ə r
<|NLD|>sluiten	s l œ y̯ t ə n
<|NLD|>snede	s n eː d ə
<|NLD|>spanjaard	s p ɑ n j aː r t
<|NLD|>spook	s p oː k
<|NLD|>sporthal	s p ɔ r t ɦ ɑ l
<|NLD|>spreekt	s p r eː k t
<|NLD|>springt	s p r ɪ ŋ t
<|NLD|>spuiten	s p œ y̯ t ə n
<|NLD|>staart	s t aː r t
<|NLD|>staat	s t aː t
<|NLD|>stabiel	s t aː b i l
<|NLD|>stagiair	s t aː ʒ ɛː r
<|NLD|>steel	s t eː l
<|NLD|>steen	s t eː n
<|NLD|>stekel	s t eː k ə l
<|NLD|>stekelhuidige	s t eː k ə l ɦ œ y̯ d ə ɣ ə
<|NLD|>step	s t ɛ p
<|NLD|>stiekem	s t i k ə m
<|NLD|>stom	s t ɔ m
<|NLD|>stomp	s t ɔ m p
<|NLD|>stond	s t ɔ n t
<|NLD|>stoppen	s t ɔ p ə n
<|NLD|>strafstudie	s t r ɑ f s t y d i
<|NLD|>stroop	s t r oː p
<|NLD|>stropen	s t r oː p ə n
<|NLD|>structuur	s t r ʏ k t y r
<|NLD|>struikelen	s t r œ y̯ k ə l ə n
<|NLD|>studie	s t y d i
<|NLD|>stuk	s t ʏ k
<|NLD|>suppletie	s ʏ p l eː t s i
<|NLD|>synagoge	s i n aː ɣ oː ɣ ə
<|NLD|>syndroom	s ɪ n d r oː m
<|NLD|>tabel	t aː b ɛ l
<|NLD|>tak	t ɑ k
<|NLD|>tango	t ɑ ŋ ɡ oː
<|NLD|>taugé	t ɑ u̯ ɡ eː
<|NLD|>teef	t eː f
<|NLD|>tegenspoed	t eː ɣ ə n s p u t
<|NLD|>tegenwerpen	t eː ɣ ə n ʋ ɛ r p ə n
<|NLD|>telefoon	t eː l ə f oː n
<|NLD|>teleurstellen	t ə l øː r s t ɛ l ə n
<|NLD|>tempel	t ɛ m p ə l
<|NLD|>teug	t øː x
<|NLD|>thorn	t ɔ r n
<|NLD|>tien	t i n
<|NLD|>tikken	t ɪ k ə n
<|NLD|>toendra	t u n d r aː
<|NLD|>tong	t ɔ ŋ
<|NLD|>toonbank	t oː n b ɑ ŋ k
<|NLD|>topless	t ɔ p l ə s
<|NLD|>totdat	t ɔ t d ɑ t
<|NLD|>traag	t r aː x
<|NLD|>treffen	t r ɛ f ə n
<|NLD|>trend	t r ɛ n t
<|NLD|>tromp	t r ɔ m p
<|NLD|>trouwen	t r ɑ u̯ ə n
<|NLD|>twijfelen	t ʋ ɛ i̯ f ə l ə n
<|NLD|>typesoort	t i p ə s oː r t
<|NLD|>uil	œ y̯ l
<|NLD|>uitdragen	œ y̯ d r aː ɣ ə n
<|NLD|>uitdunnen	œ y̯ d ʏ n ə n
<|NLD|>uiterwaard	œ y̯ t ə r ʋ aː r t
<|NLD|>uitgesproken	œ y̯ t x ə s p r oː k ə n
<|NLD|>uitgestoken	œ y̯ t x ə s t oː k ə n
<|NLD|>uitrekenen	œ y̯ t r eː k ə n ə n
<|NLD|>uitspraak	œ y̯ t s p r aː k
<|NLD|>urine	y r i n ə
<|NLD|>vakmanschap	v ɑ k m ɑ n s x ɑ p
<|NLD|>valk	v ɑ l k
<|NLD|>valuta	v aː l y t aː
<|NLD|>vangrail	v ɑ ŋ r eː l
<|NLD|>varen	v aː r ə n
<|NLD|>vatten	v ɑ t ə n
<|NLD|>vechten	v ɛ x t ə n
<|NLD|>veder	v eː d ə r
<|NLD|>veelbelovend	v eː l b ə l oː v ə n t
<|NLD|>vel	v ɛ l
<|NLD|>vellen	v ɛ l ə n
<|NLD|>vennootschapsbelasting	v ɛ n oː t s x ɑ p s b ə l ɑ s t ɪ ŋ
<|NLD|>verantwoorden	v ə r ɑ n t ʋ oː r d ə n
<|NLD|>verbod	v ə r b ɔ t
<|NLD|>verdichtsel	v ɛ r d ɪ x t s ə l
<|NLD|>verenigde	v ə r eː n ɪ ɣ d ə
<|NLD|>verkrachtingen	v ə r k r ɑ x t ɪ ŋ ə n
<|NLD|>verliest	v ə r l i s t
<|NLD|>verloren	v ə r l oː r ə n
<|NLD|>verschillend	v ə r s x ɪ l ə n t
<|NLD|>versie	v ɛ r z i
<|NLD|>verspilling	v ə r s p ɪ l ɪ ŋ
<|NLD|>vertelling	v ə r t ɛ l ɪ ŋ
<|NLD|>vertoog	v ɛ r t oː x
<|NLD|>vervlieten	v ə r v l i t ə n
<|NLD|>verzendkosten	v ə r z ɛ n t k ɔ s t ə n
<|NLD|>vijfentwintig	v ɛ i̯ f ɛ n t ʋ ɪ n t ə x
<|NLD|>vissers	v ɪ s ə r s
<|NLD|>vitaal	v i t aː l
<|NLD|>vlaanderen	v l aː n d ə r ə n
<|NLD|>vledder	v l ɛ d ə r
<|NLD|>vleermuis	v l eː r m œ y̯ s
<|NLD|>vliegbasis	v l i x b aː z ɪ s
<|NLD|>vliering	v l iː r ɪ ŋ
<|NLD|>vocabulaire	v oː k aː b y l ɛː r
<|NLD|>vochtigheid	v ɔ x t ə x ɦ ɛ i̯ t
<|NLD|>voelen	v u l ə n
<|NLD|>voetballen	v u t b ɑ l ə n
<|NLD|>vogel	v oː ɣ ə l
<|NLD|>vogelaar	v oː ɣ ə l aː r
<|NLD|>voorbaat	v oː r b aː t
<|NLD|>voorbehouden	v oː r b ə ɦ ɑ u̯ d ə n
<|NLD|>voorbij	v oː r b ɛ i̯
<|NLD|>voorbijgaan	v oː r b ɛ i̯ ɣ aː n
<|NLD|>voordoen	v oː r d u n
<|NLD|>voornaam	v oː r n aː m
<|NLD|>voornemen	v oː r n eː m ə n
<|NLD|>voorstaan	v oː r s t aː n
<|NLD|>voorwoord	v oː r ʋ oː r t
<|NLD|>voorzeggen	v oː r z ɛ ɣ ə n
<|NLD|>voorzitster	v oː r z ɪ t s t ə r
<|NLD|>vormen	v ɔ r m ə n
<|NLD|>vraagteken	v r aː x t eː k ə n
<|NLD|>vrijwilliger	v r ɛ i̯ ʋ ɪ l ə ɣ ə r
<|NLD|>vroeger	v r u ɣ ə r
<|NLD|>vsa	v eː ɛ s aː
<|NLD|>vuurwerk	v yː r ʋ ɛ r k
<|NLD|>waar	ʋ aː r
<|NLD|>waardering	ʋ aː r d eː r ɪ ŋ
<|NLD|>waardigheid	ʋ aː r d ə x ɦ ɛ i̯ t
<|NLD|>waarnemen	ʋ aː r n eː m ə n
<|NLD|>wad	ʋ ɑ t
<|NLD|>wao	ʋ eː j aː oː
<|NLD|>waren	ʋ aː r ə n
<|NLD|>was	ʋ ɑ s
<|NLD|>wassen	ʋ ɑ s ə n
<|NLD|>wat	ʋ ɑ t
<|NLD|>wegslepen	ʋ ɛ x s l eː p ə n
<|NLD|>weinig	ʋ ɛ i̯ n ə x
<|NLD|>wekker	ʋ ɛ k ə r
<|NLD|>welbevinden	ʋ ɛ l b ə v ɪ n d ə n
<|NLD|>weleer	ʋ ɛ l eː r
<|NLD|>welvaartsstaat	ʋ ɛ l v aː r t s t aː t
<|NLD|>wen	ʋ ɛ n
<|NLD|>wereld	ʋ eː r ə l t
<|NLD|>wereldbeeld	ʋ eː r ə l t b eː l t
<|NLD|>werk	ʋ ɛ r k
<|NLD|>werkte	ʋ ɛ r k t ə
<|NLD|>wet	ʋ ɛ t
<|NLD|>wetgever	ʋ ɛ t x eː v ə r
<|NLD|>wielrennen	ʋ i l r ɛ n ə n
<|NLD|>wifi	ʋ i f i
<|NLD|>wil	ʋ ɪ l
<|NLD|>winkelen	ʋ ɪ ŋ k ə l ə n
<|NLD|>winters	ʋ ɪ n t ə r s
<|NLD|>wintersport	ʋ ɪ n t ə r s p ɔ r t
<|NLD|>wolven	ʋ ɔ l v ə n
<|NLD|>woont	ʋ oː n t
<|NLD|>woordenwisseling	ʋ oː r d ə n ʋ ɪ s ə l ɪ ŋ
<|NLD|>yoga	j oː ɣ aː
<|NLD|>zakenman	z aː k ə n m ɑ n
<|NLD|>zaklantaarn	z ɑ k l ɑ n t aː r n
<|NLD|>zaltbommel	z ɑ l t b ɔ m ə l
<|NLD|>zangvogel	z ɑ ŋ v oː ɣ ə l
<|NLD|>zeelandia	z eː l ɑ n d i aː
<|NLD|>zeemonster	z eː m ɔ n s t ə r
<|NLD|>zeepbel	z eː p b ɛ l
<|NLD|>zegt	z ɛ x t
<|NLD|>zelf	z ɛ l f
<|NLD|>zelfgenoegzaam	z ɛ l f x ə n u x s aː m
<|NLD|>zenne	z ɛ n ə
<|NLD|>zesentwintig	z ɛ s ɛ n t ʋ ɪ n t ə x
<|NLD|>zeug	z øː x
<|NLD|>ziekenboeg	z i k ə n b u x
<|NLD|>zielig	z i l ə x
<|NLD|>zijkant	z ɛ i̯ k ɑ n t
<|NLD|>zilveren	z ɪ l v ə r ə n
<|NLD|>zilverkleurig	z ɪ l v ə r k l øː r ə x
<|NLD|>zittend	z ɪ t ə n t
<|NLD|>zoekt	z u k t
<|NLD|>zomers	z oː m ə r s
<|NLD|>zondags	z ɔ n d ɑ x s
<|NLD|>zondig	z ɔ n d ə x
<|NLD|>zonsondergang	z ɔ n s ɔ n d ə r ɣ ɑ ŋ
<|NLD|>zonvakantie	z ɔ n v aː k ɑ n s i
<|NLD|>zucht	z ʏ x t
<|NLD|>zuigen	z œ y̯ ɣ ə n
<|NLD|>zuinigheid	z œ y̯ n ə x ɦ ɛ i̯ t
<|NLD|>zwaailicht	z ʋ aː i̯ l ɪ x t
<|NLD|>zwaargewond	z ʋ aː r ɣ ə ʋ ɔ n t
<|NLD|>zwembroek	z ʋ ɛ m b r u k
<|NLD|>zwijgen	z ʋ ɛ i̯ ɣ ə n
<|NLD|>zwijnen	z ʋ ɛ i̯ n ə n
