ㄱㅏㄱㅗㅇㅍㅜㅁ	k a̠ ɡ o̞ ŋ pʰ u m
ㄱㅏㄹㅡㅊㅣㅁ	k a̠ ɾ ɯ t͡ɕʰ i m
ㄱㅏㄹㅣㅂㅣ	k a̠ ɾ i b i
ㄱㅏㅁㅏㅇㅜㅈㅣ	k a̠ m a̠ u d͡ʑ i
ㄱㅏㅁㅏㄴ	k a̠ m a̠ n
ㄱㅏㅁㅏㄴㄷㅜㄷㅏ	k a̠ m a̠ n d u d a̠
ㄱㅏㅁㅏㅎㄷㅏ	k a̠ː m a̠ tʰ a̠
ㄱㅏㅁㅜㄴ	k a̠ m u n
ㄱㅏㅂㅏㅇ	k a̠ b a̠ ŋ
ㄱㅏㅂㅗㅇ	k a̠ b o̞ ŋ
ㄱㅏㅅㅣㄷㅏ	k a̠ ɕʰ i d a̠
ㄱㅏㅈㅏㅇㅈㅏㄹㅣ	k a̠ː d͡ʑ a̠ ŋ d͡ʑ a̠ ɾ i
ㄱㅏㅈㅕㄱㅏㄷㅏ	k a̠ d͡ʑ ʌ̹ ɡ a̠ d a̠
ㄱㅏㄱㄷㅗ	k a̠ k̚ t͈ o̞
ㄱㅏㄴㅈㅣㄹㅇㅣㄷㅏ	k a̠ ɲ d͡ʑ i ɾ i d a̠
ㄱㅏㄴㅌㅗㅇ	k a̠ː n tʰ o̞ ŋ
ㄱㅏㄹㅂㅣ	k a̠ ɭ b i
ㄱㅏㅁㅊㅗ	k a̠ m t͡ɕʰ o̞
ㄱㅏㅇㄱㅜㄱ	k a̠ ŋ ɡ u k̚
ㄱㅏㅇㅅㅓㄹ	k a̠ː ŋ sʰ ʌ̹ ɭ
ㄱㅓㅁㅏㄴ	k ɘː m a̠ n
ㄱㅓㅁㅜㄴㄱㅗ	k ʌ̹ m u n ɡ o̞
ㄱㅓㄴㅇㅢ	k ɘː n ɰ i
ㄱㅓㄹㄹㅔ	k ʌ̹ ɭ ɭ e̞
ㄱㅓㄹㅍㅡㄹㅔㄴㄷㅡ	k ʌ̹ ɭ pʰ ɯ ɾ e̞ n d ɯ
ㄱㅓㅁㄷㅏ	k ɘː m t͈ a̠
ㄱㅓㅁㄷㅜㅇㅇㅣ	k ʌ̹ m d u ŋ i
ㄱㅓㅁㅅㅏ	k ɘː m sʰ a̠
ㄱㅓㅁㅇㅕㄹ	k ɘː m ɲ j ʌ̹ ɭ
ㄱㅓㅁㅇㅡㄴㄱㅡㅁ	k ʌ̹ m ɯ n ɡ ɯ m
ㄱㅔㄹㅣㄹㄹㅏ	k e̞ ɾ i ɭ ɭ a̠
ㄱㅔㅇㅣㅌㅡ	k e̞ i tʰ ɯ
ㄱㅔㅈㅏㅇ	k e̞ d͡ʑ a̠ ŋ
ㄱㅕㄷㅡㄹㅏㅇㅇㅣ	k j ʌ̹ d ɯ ɾ a̠ ŋ i
ㄱㅕㅇㅜ	k j ʌ̹ u
ㄱㅕㄹㅅㅣㅁ	k j ʌ̹ ɭ ɕ͈ i m
ㄱㅕㄹㅍㅣㅂ	k j ʌ̹ ɭ pʰ i p̚
ㄱㅕㄹㅎㅗㄴ	k j ʌ̹ ɾ β o̞ n
ㄱㅕㅇㅊㅏㄹ	k j ɘː ŋ t͡ɕʰ a̠ ɭ
ㄱㅖㄱㅡㅂ	k j e̞ ɡ ɯ p̚
ㄱㅖㅅㅡㅇ	k j e̞ sʰ ɯ ŋ
ㄱㅖㅇㅕㄹ	k j e̞ j ʌ̹ ɭ
ㄱㅖㅈㅓㄹ	k j e̞ː d͡ʑ ʌ̹ ɭ
ㄱㅗㄱㅣㄱㅕㅂㅃㅏㅇ	k o̞ ɡ i ɡ j ʌ̹ p̚ p͈ a̠ ŋ
ㄱㅗㅈㅣㅅㅣㄱㅎㅏㄷㅏ	k o̞ d͡ʑ i ɕʰ i kʰ a̠ d a̠
ㄱㅗㅈㅣㅂㅎㅏㄷㅏ	k o̞ d͡ʑ i pʰ a̠ d a̠
ㄱㅗㄷㅂㅏㄹㅗ	k o̞ t̚ p͈ a̠ ɾ o̞
ㄱㅗㅁㅅㅣㄹ	k o̞ m ɕʰ i ɭ
ㄱㅗㅇㄱㅏㄹ	k o̞ː ŋ ɡ a̠ ɭ
ㄱㅗㅇㄱㅜㄴ	k o̞ ŋ ɡ u n
ㄱㅗㅇㅁㅜㅇㅝㄴ	k o̞ ŋ m u w ʌ̹ n
ㄱㅗㅇㅅㅏㄴㄷㅏㅇ	k o̞ː ŋ sʰ a̠ n d a̠ ŋ
ㄱㅗㅇㅇㅓㅂ	k o̞ ŋ ʌ̹ p̚
ㄱㅗㅇㅇㅝㄴ	k o̞ ŋ w ʌ̹ n
ㄱㅗㅇㅈㅓㅇ	k o̞ ŋ d͡ʑ ʌ̹ ŋ
ㄱㅗㅇㅈㅜ	k o̞ ŋ d͡ʑ u
ㄱㅗㅇㅈㅜㅇ	k o̞ ŋ d͡ʑ u ŋ
ㄱㅘㄱㅓㅎㅕㅇ	k w a̠ː ɡ ʌ̹ ʝ j ʌ̹ ŋ
ㄱㅘㄹㅗㅅㅏ	k w a̠ː ɾ o̞ sʰ a̠
ㄱㅘㅇㅣㄹㄷㅏㄴㅁㅜㄹ	k w a̠ i ɭ d a̠ n m u ɭ
ㄱㅘㅌㅔㅁㅏㄹㄹㅏ	k w a̠ tʰ e̞ m a̠ ɭ ɭ a̠
ㄱㅘㅎㅏㄱㅈㅓㄱ	k w a̠ ɦ a̠ k̚ t͡ɕ͈ ʌ̹ k̚
ㄱㅘㄴㅎㅕㅇㅅㅏ	k w a̠ n ʝ j ʌ̹ ŋ sʰ a̠
ㄱㅘㅇㄱㅓㅁ	k w a̠ ŋ ɡ ʌ̹ m
ㄱㅘㅇㅅㅓㄱ	k w a̠ː ŋ sʰ ʌ̹ k̚
ㄱㅚㄱㅣ	k w e̞ ɡ i
ㄱㅚㄹㅚ	k w e̞ː ɾ w e̞
ㄱㅚㅇㅈㅏㅇㅎㅣ	k w e̞ ŋ d͡ʑ a̠ ŋ ʝ i
ㄱㅛㄹㅠ	k j o ɾ j u
ㄱㅛㅍㅗ	k j o pʰ o̞
ㄱㅛㅎㅚㄹㅗㄴ	k j oː β w e̞ ɾ o̞ n
ㄱㅜㄱㅡㅂㅊㅏ	k uː ɡ ɯ p̚ t͡ɕʰ a̠
ㄱㅜㄹㅡㅁㄷㅏㄹㅣ	k u ɾ ɯ m d a̠ ɾ i
ㄱㅜㅊㅔㅈㅓㄱ	k u t͡ɕʰ e̞ d͡ʑ ʌ̹ k̚
ㄱㅜㅊㅜㄹ	k uː t͡ɕʰ u ɭ
ㄱㅜㄱㅁㅕㄴ	k u ŋ m j ʌ̹ n
ㄱㅜㄱㅅㅜㅈㅜㅇㅢ	k u k s͈ u d͡ʑ u ɰ i
ㄱㅜㄴㄷㅏㄴ	k u n d a̠ n
ㄱㅜㄴㄷㅔㄱㅜㄴㄷㅔ	k u n d e̞ ɡ u n d e̞
ㄱㅜㅇㅈㅓㄴ	k u ŋ d͡ʑ ʌ̹ n
ㄱㅝㄴㄹㅕㄱ	k w ɘː ʎ ʎ j ʌ̹ k̚
ㄱㅟㅊㅏㄶㄷㅏ	k ɥ i t͡ɕʰ a̠ n tʰ a̠
ㄱㅠㅁㅗ	k j u m o̞
ㄱㅡㄴㅕㄷㅡㄹ	k ɯ ɲ j ʌ̹ d ɯ ɭ
ㄱㅡㄴㅡㄹㅈㅣㄷㅏ	k ɯ n ɯ ʎ d͡ʑ i d a̠
ㄱㅡㄹㅣㅂㄷㅏ	k ɯ ɾ i p̚ t͈ a̠
ㄱㅡㅈㅓㄲㅔ	k ɯ d͡ʑ ʌ̹ k͈ e̞
ㄱㅡㅈㅔ	k ɯ d͡ʑ e̞
ㄱㅡㄴㅊㅓ	k ɯː ɲ t͡ɕʰ ʌ̹
ㄱㅡㄹㄹㅏㅇㅣㄷㅓ	k ɯ ɭ ɭ a̠ i d ʌ̹
ㄱㅡㄹㅆㅔㅇㅛ	k ɯ ɭ s͈ e̞ j o
ㄱㅡㅁㄱㅗ	k ɯ m ɡ o̞
ㄱㅡㅁㅂㅏㅇ	k ɯ m b a̠ ŋ
ㄱㅣㄴㅕ	k iː ɲ j ʌ̹
ㄱㅣㅇㅓㄱㄴㅏㄷㅏ	k i ʌ̹ ŋ n a̠ d a̠
ㄱㅣㅇㅓㅂ	k i ʌ̹ p̚
ㄱㅣㅈㅏ	k i d͡ʑ a̠
ㄱㅣㅈㅓㄹ	k i d͡ʑ ʌ̹ ɭ
ㄱㅣㄴㅈㅏㅇ	k i ɲ d͡ʑ a̠ ŋ
ㄱㅣㅊㄷㅏ	k i t̚ t͈ a̠
ㄲㅏㄸㅏㄹㄹㅗㄱㅡ	k͈ a̠ t͈ a̠ ɭ ɭ o̞ ɡ ɯ
ㄲㅏㅁㅏㅎㄷㅏ	k͈ a̠ː m a̠ tʰ a̠
ㄲㅏㅁㅃㅏㄱㄲㅏㅁㅃㅏㄱ	k͈ a̠ m p͈ a̠ k̚ k͈ a̠ m p͈ a̠ k̚
ㄲㅔㅅㅓ	k͈ e̞ sʰ ʌ̹
ㄲㅗㅁㅜㄹㄲㅗㅁㅜㄹ	k͈ o̞ m u ɭ k͈ o̞ m u ɭ
ㄲㅗㅁㅈㅏㄱㄲㅗㅁㅈㅏㄱ	k͈ o̞ m d͡ʑ a̠ k̚ k͈ o̞ m d͡ʑ a̠ k̚
ㄲㅗㅁㅌㅡㄹㅏㄱㄲㅗㅁㅌㅡㄹㅏㄱ	k͈ o̞ m tʰ ɯ ɾ a̠ k̚ k͈ o̞ m tʰ ɯ ɾ a̠ k̚
ㄲㅗㅊㅇㅣㅍ	k͈ o̞ n n i p̚
ㄲㅜㄹㅣㄷㅏ	k͈ u ɾ i d a̠
ㄲㅜㄹㅂㅏㅁ	k͈ u ɭ b a̠ m
ㄲㅡㄶㅇㅣㅁㅇㅓㅄㅇㅣ	k͈ ɯ n i m ʌ̹ p ɕ͈ i
ㄴㅏㄴㅏㄴㅣ	n a̠ n a̠ n i
ㄴㅏㄹㅏㄴㅎㅣ	n a̠ ɾ a̠ n ʝ i
ㄴㅏㅅㅓㄴㅎㅕㅇ	n a̠ sʰ ʌ̹ n ʝ j ʌ̹ ŋ
ㄴㅏㅇㅣㄹㅗㅂㅣ	n a̠ i ɾ o̞ b i
ㄴㅏㅇㅣㄹㄹㅗㄴ	n a̠ i ɭ ɭ o̞ n
ㄴㅏㄱㅇㅣㄴ	n a̠ ɡ i n
ㄴㅏㄴㄹㅣ	n a̠ː ʎ ʎ i
ㄴㅏㄴㅊㅗ	n a̠ ɲ t͡ɕʰ o̞
ㄴㅏㄴㅊㅜㄴㅣ	n a̠ː ɲ t͡ɕʰ u n i
ㄴㅏㅁㄴㅕㄴㅗㅅㅗ	n a̠ m ɲ j ʌ̹ n o̞ sʰ o̞
ㄴㅏㅁㅅㅓㅂㅜ	n a̠ m sʰ ʌ̹ b u
ㄴㅏㅁㅍㅗ	n a̠ m pʰ o̞
ㄴㅏㅁㅍㅡㄹㅣㄱ	n a̠ m pʰ ɯ ɾ i k̚
ㄴㅏㅈㅇㅏㅈㅣㄷㅏ	n a̠ d͡ʑ a̠ d͡ʑ i d a̠
ㄴㅏㅈㅊㅜㄷㅏ	n a̠ t̚ t͡ɕʰ u d a̠
ㄴㅏㅊㄱㅏㄹㅣㄷㅏ	n a̠ t̚ k͈ a̠ ɾ i d a̠
ㄴㅏㅊㅇㅣㄱㄷㅏ	n a̠ n n i k̚ t͈ a̠
ㄴㅐㄱㅜㄱㅇㅣㄴ	n ɛː ɡ u ɡ i n
ㄴㅓㅌㅡ	n ʌ̹ tʰ ɯ
ㄴㅓㄹㄷㅏ	n ɘː ɭ d a̠
ㄴㅓㄼㅇㅣ	n ʌ̹ ɭ b i
ㄴㅔㄷㅏㅅㅓㅅ	n e̞ː d a̠ sʰ ʌ̹ t̚
ㄴㅔㅁㅗㄲㅗㄹ	n e̞ː m o̞ k͈ o̞ ɭ
ㄴㅔㅂㅌㅜㄴㅠㅁ	n e̞ p̚ tʰ u ɲ j u m
ㄴㅗㄹㅕㅂㅗㄷㅏ	n o̞ ɾ j ʌ̹ b o̞ d a̠
ㄴㅗㅇㅕㅂㄷㅏ	n o̞ː j ʌ̹ p̚ t͈ a̠
ㄴㅗㅇㅖ	n o̞ j e̞
ㄴㅗㄱㅇㅡㅁㄱㅣ	n o̞ ɡ ɯ m ɡ i
ㄴㅗㄹㅇㅣ	n o̞ ɾ i
ㄴㅗㅇㅁㅣㄴ	n o̞ ŋ m i n
ㄴㅗㅇㅈㅏㅇ	n o̞ ŋ d͡ʑ a̠ ŋ
ㄴㅗㅍㅇㅣ	n o̞ pʰ i
ㄴㅚㅍㅣㅅㅕㄹ	n w e̞ pʰ i ɕʰ ʌ̹ ɭ
ㄴㅜㄹㅣㄲㅜㄴ	n u ɾ i k͈ u n
ㄴㅜㅇㅔ	n u e̞
ㄴㅜㄴㅇㅜㅅㅇㅡㅁ	n u n u sʰ ɯ m
ㄴㅠㄷㅔㄹㄹㅣ	ɲ j u d e̞ ʎ ʎ i
ㄴㅣㅋㅏㄹㅏㄱㅘ	n i kʰ a̠ ɾ a̠ ɡ w a̠
ㄷㅏㄹㅏㅎㄷㅏ	t a̠ ɾ a̠ tʰ a̠
ㄷㅏㅈㅣㄷㅏ	t a̠ d͡ʑ i d a̠
ㄷㅏㄲㄷㅏ	t a̠ k̚ t͈ a̠
ㄷㅏㄴㄷㅏㄴㅎㅏㄷㅏ	t a̠ n d a̠ n ɦ a̠ d a̠
ㄷㅏㄹㄹㅣ	t a̠ ʎ ʎ i
ㄷㅏㄹㅇㅣㄴ	t a̠ ɾ i n
ㄷㅐㄱㅠㅁㅗ	t ɛː ɡ j u m o̞
ㄷㅐㄷㅏㄴㅎㅏㄷㅏ	t ɛː d a̠ n ɦ a̠ d a̠
ㄷㅐㄹㅑㄱ	t ɛː ɾ j a̠ k̚
ㄷㅐㅂㅜㅂㅜㄴ	t ɛː b u b u n
ㄷㅐㅅㅏ	t ɛː sʰ a̠
ㄷㅐㅇㅕㄱㅈㅚ	t ɛː j ʌ̹ k̚ t͡ɕ͈ w e̞
ㄷㅐㅍㅛㅈㅓㄱ	t ɛː pʰ j o d͡ʑ ʌ̹ k̚
ㄷㅐㅎㅏㄴㅈㅔㄱㅜㄱ	t ɛː ɦ a̠ ɲ d͡ʑ e̞ ɡ u k̚
ㄷㅓㄹㅓㅂㄷㅏ	t ɘː ɾ ʌ̹ p̚ t͈ a̠
ㄷㅓㅂㅜㄹㄷㅏ	t ʌ̹ b u ɭ d a̠
ㄷㅓㅎㅏㄱㅣ	t ʌ̹ ɦ a̠ ɡ i
ㄷㅓㄴㄷㅔ	t ʌ̹ n d e̞
ㄷㅓㄴㅈㅣㄷㅏ	t ʌ̹ ɲ d͡ʑ i d a̠
ㄷㅔㅇㅣㅌㅓㅂㅔㅇㅣㅅㅡ	t e̞ i tʰ ʌ̹ b e̞ i sʰ ɯ
ㄷㅗㄷㅓㄱ	t o̞ː d ʌ̹ k̚
ㄷㅗㅂㅏㄱ	t o̞ b a̠ k̚
ㄷㅗㅅㅣㄹㅏㄱ	t o̞ ɕʰ i ɾ a̠ k̚
ㄷㅗㅇㅣㅂㅂㅜ	t o̞ i p̚ p͈ u
ㄷㅗㅈㅓㅎㅣ	t o̞ː d͡ʑ ʌ̹ ʝ i
ㄷㅗㅍㅛ	t o̞ pʰ j o
ㄷㅗㄱㄱㅡㄱㅁㅜㄹ	t o̞ k̚ k͈ ɯ ŋ m u ɭ
ㄷㅗㄱㄹㅣㅂ	t o̞ ŋ n i p̚
ㄷㅗㄱㅅㅣㄴㅈㅏ	t o̞ k ɕ͈ i ɲ d͡ʑ a̠
ㄷㅗㄱㅈㅏ	t o̞ k̚ t͡ɕ͈ a̠
ㄷㅗㄹㅇㅕㄴ	t o̞ ɾ j ʌ̹ n
ㄷㅗㅇㄴㅔ	t o̞ː ŋ n e̞
ㄷㅗㅇㅇㅑㅇ	t o̞ ŋ j a̠ ŋ
ㄷㅗㅇㅇㅢㅇㅓ	t o̞ ŋ ɰ i ʌ̹
ㄷㅗㅇㅈㅏㄱ	t o̞ː ŋ d͡ʑ a̠ k̚
ㄷㅗㅇㅈㅓㅇ	t o̞ ŋ d͡ʑ ʌ̹ ŋ
ㄷㅚㅊㅏㅈㄷㅏ	t w e̞ t͡ɕʰ a̠ t̚ t͈ a̠
ㄷㅚㄴㅈㅏㅇㄴㅕ	t w e̞ː ɲ d͡ʑ a̠ ŋ ɲ j ʌ̹
ㄷㅜㄷㅡㄹㅣㄷㅏ	t u d ɯ ɾ i d a̠
ㄷㅜㄹㅡㄷㅏ	t u ɾ ɯ d a̠
ㄷㅟㅅㅁㅗㅅㅡㅂ	t ɥ iː n m o̞ sʰ ɯ p̚
ㄷㅡㄷㄷㅏ	t ɯ t̚ t͈ a̠
ㄷㅣㅅㅡㅋㅡ	t i sʰ ɯ k x ɯ
ㄷㅣㅅㅡㅍㅡㄹㄹㅔㅇㅣ	t i sʰ ɯ pʰ ɯ ɭ ɭ e̞ i
ㄸㅏㅇㅣ	t͈ a̠ i
ㄸㅟㅇㅓㄷㅏㄴㅣㄷㅏ	t͈ ɥ i ʌ̹ d a̠ n i d a̠
ㄸㅡㅁㅎㅏㄷㅏ	t͈ ɯ m ɦ a̠ d a̠
ㄸㅡㅅㅎㅏㄷㅏ	t͈ ɯ tʰ a̠ d a̠
ㄹㅏㄱㅗㅅㅡ	ɾ a̠ ɡ o̞ sʰ ɯ
ㄹㅏㅁㅕㄴ	ɾ a̠ m j ʌ̹ n
ㄹㅏㅇㅜㄴㅈㅣ	ɾ a̠ u ɲ d͡ʑ i
ㄹㅏㅇㅣㅂㅓㄹ	ɾ a̠ i b ʌ̹ ɭ
ㄹㅏㅌㅡㅂㅣㅇㅏ	ɾ a̠ tʰ ɯ b i a̠
ㄹㅏㄱㅌㅏ	ɾ a̠ k̚ tʰ a̠
ㄹㅔㅇㅣㅈㅓ	ɾ e̞ i d͡ʑ ʌ̹
ㄹㅗㄱㅜㄱ	ɾ o̞ ɡ u k̚
ㄹㅗㄹㅔㄴㅅㅠㅁ	ɾ o̞ ɾ e̞ n ɕʰ u m
ㄹㅗㅁㅡㄴㅣㅇㅏ	ɾ o̞ m ɯ n i a̠
ㄹㅜㅈㅓ	ɾ u d͡ʑ ʌ̹
ㄹㅜㄹㄹㅔㅅ	ɾ u ɭ ɭ e̞ t̚
ㄹㅣㅇㅑㄷㅡ	ɾ i j a̠ d ɯ
ㄹㅣㅇㅓㅋㅏ	ɾ i ʌ̹ kʰ a̠
ㄹㅣㅌㅜㅇㅏㄴㅣㅇㅏ	ɾ i tʰ u a̠ n i a̠
ㄹㅣㅌㅠㅁ	ɾ i tʰ j u m
ㄹㅣㅍㅗㅌㅡ	ɾ i pʰ o̞ tʰ ɯ
ㅁㅏㅋㅔㅌㅣㅇ	m a̠ kʰ e̞ tʰ i ŋ
ㅁㅏㄴㄴㅕㄴ	m a̠ː n ɲ j ʌ̹ n
ㅁㅏㄴㅇㅠㅇㅣㄴㄹㅕㄱ	m a̠ː ɲ j u i ʎ ʎ j ʌ̹ k̚
ㅁㅏㄹㄹㅔ	m a̠ ɭ ɭ e̞
ㅁㅏㄺㅅㅡㅈㅜㅇㅢ	m a̠ k s͈ ɯ d͡ʑ u ɰ i
ㅁㅏㅇㄱㅏㄴ	m a̠ ŋ ɡ a̠ n
ㅁㅏㅇㅅㅓㄹㅇㅣㄷㅏ	m a̠ ŋ sʰ ʌ̹ ɾ i d a̠
ㅁㅏㅈㅎㅡㅇㅈㅓㅇ	m a̠ tʰ ɯ ŋ d͡ʑ ʌ̹ ŋ
ㅁㅐㄷㅏㄹㄹㅣㄷㅏ	m ɛː d a̠ ʎ ʎ i d a̠
ㅁㅐㅇㅝㄹ	m ɛː w ʌ̹ ɭ
ㅁㅓㄱㅜㄹㅣ	m ʌ̹ ɡ u ɾ i
ㅁㅔㅁㅗㄹㅣ	m e̞ m o̞ ɾ i
ㅁㅔㅋㅏ	m e̞ kʰ a̠
ㅁㅔㅌㅓ	m e̞ tʰ ʌ̹
ㅁㅕㄴㅈㅓㅂ	m j ɘː ɲ d͡ʑ ʌ̹ p̚
ㅁㅕㅇㄱㅗㄱ	m j ʌ̹ ŋ ɡ o̞ k̚
ㅁㅕㅇㅅㅏ	m j ʌ̹ ŋ sʰ a̠
ㅁㅕㅇㅎㅏㄷㅏ	m j ɘː ŋ ɦ a̠ d a̠
ㅁㅗㄷㅜ	m o̞ d u
ㅁㅗㅇㅡㄷㅏ	m o̞ ɯ d a̠
ㅁㅗㅇㅡㅁ	m o̞ː ɯ m
ㅁㅗㄱㅅㅜ	m o̞ k s͈ u
ㅁㅗㄱㅈㅓㄱ	m o̞ k̚ t͡ɕ͈ ʌ̹ k̚
ㅁㅗㄱㅈㅓㅈ	m o̞ k̚ t͡ɕ͈ ʌ̹ t̚
ㅁㅗㄴㅌㅔㄴㅔㄱㅡㄹㅗ	m o̞ n tʰ e̞ n e̞ ɡ ɯ ɾ o̞
ㅁㅜㄹㅡㅅ	m u ɾ ɯ t̚
ㅁㅜㅁㅏ	m u m a̠
ㅁㅜㅇㅣㄴㄷㅗ	m u i n d o̞
ㅁㅜㅈㅔㅎㅏㄴ	m u d͡ʑ e̞ ɦ a̠ n
ㅁㅜㅎㅏㄴ	m u ɦ a̠ n
ㅁㅜㄴㅎㅘ	m u n β w a̠
ㅁㅜㄹㄱㅕㄹㄱㅣㄹㅇㅣ	m u ɭ ɡ j ʌ̹ ɭ ɡ i ɾ i
ㅁㅜㄹㅁㅏㅇㅊㅗ	m u ɭ m a̠ ŋ t͡ɕʰ o̞
ㅁㅜㄹㅌㅗㅇ	m u ɭ tʰ o̞ ŋ
ㅁㅣㅅㅡ	m i sʰ ɯ
ㅁㅣㅊㅓ	m i t͡ɕʰ ʌ̹
ㅁㅣㅊㅣㄷㅏ	m i t͡ɕʰ i d a̠
ㅁㅣㅌㅣㅇ	m i tʰ i ŋ
ㅁㅣㅎㅏㅂㅈㅜㅇㄱㅜㄱ	m i ɦ a̠ p̚ t͡ɕ͈ u ŋ ɡ u k̚
ㅁㅣㄴㄱㅏㅁㅎㅏㄷㅏ	m i n ɡ a̠ m ɦ a̠ d a̠
ㅁㅣㄴㄱㅜㄱ	m i n ɡ u k̚
ㅁㅣㄴㄴㅏㅊ	m i n n a̠ t̚
ㅂㅏㄹㅣ	p a̠ ɾ i
ㅂㅏㄱㅅㅡ	p a̠ k s͈ ɯ
ㅂㅏㄴㄱㅕㅇ	p a̠ː n ɡ j ʌ̹ ŋ
ㅂㅏㄴㄷㅗㅊㅔ	p a̠ː n d o̞ t͡ɕʰ e̞
ㅂㅏㄴㄹㅕ	p a̠ː ʎ ʎ j ʌ̹
ㅂㅏㄴㅂㅗㄱㅎㅏㄷㅏ	p a̠ n b o̞ kʰ a̠ d a̠
ㅂㅏㄷㅊㅣㅁ	p a̠ t̚ t͡ɕʰ i m
ㅂㅏㄹㄲㅡㅌ	p a̠ ɭ k͈ ɯ t̚
ㅂㅏㄹㅍㅛ	p a̠ ɭ pʰ j o
ㅂㅏㅇㅇㅏㅅㄱㅏㄴ	p a̠ ŋ a̠ t̚ k͈ a̠ n
ㅂㅏㅇㅇㅕㅇ	p a̠ː ŋ j ʌ̹ ŋ
ㅂㅏㅇㅈㅓㅁ	p a̠ ŋ t͡ɕ͈ ʌ̹ m
ㅂㅏㅇㅊㅜㄹ	p a̠ː ŋ t͡ɕʰ u ɭ
ㅂㅏㅇㅌㅏㄴ	p a̠ ŋ tʰ a̠ n
ㅂㅐㄱㅛ	p ɛː ɡ j o
ㅂㅐㅅㅣㅁ	p ɛː ɕʰ i m
ㅂㅐㅁㅈㅏㅇㅇㅓ	p ɛː m d͡ʑ a̠ ŋ ʌ̹
ㅂㅓㄹㅓㅈㅣ	p ʌ̹ ɾ ʌ̹ d͡ʑ i
ㅂㅓㄱㅊㅏㄷㅏ	p ʌ̹ k̚ t͡ɕʰ a̠ d a̠
ㅂㅓㄴㅉㅓㄱㅂㅓㄴㅉㅓㄱ	p ʌ̹ ɲ t͡ɕ͈ ʌ̹ k̚ p͈ ʌ̹ ɲ t͡ɕ͈ ʌ̹ k̚
ㅂㅓㄹㅇㅓㅈㅣㄷㅏ	p ɘː ɾ ʌ̹ d͡ʑ i d a̠
ㅂㅓㅁㅇㅟ	p ɘː m ɥ i
ㅂㅓㅁㅇㅣㄴ	p ɘː m i n
ㅂㅓㅂㅎㅏㄱ	p ʌ̹ pʰ a̠ k̚
ㅂㅔㅇㅣㅋㅓㄴ	p e̞ i kʰ ʌ̹ n
ㅂㅔㄴㅈㅣㄹㄱㅣ	p e̞ ɲ d͡ʑ i ɭ ɡ i
ㅂㅔㄹㄱㅣㅇㅔ	p e̞ ɭ ɡ i e̞
ㅂㅕㄴㅎㅕㅇ	p j ɘː n ʝ j ʌ̹ ŋ
ㅂㅕㅅㅈㅣㅍ	p j ʌ̹ t̚ t͡ɕ͈ i p̚
ㅂㅕㅇㄱㅣㄱㅗ	p j ʌ̹ ŋ ɡ i ɡ o̞
ㅂㅕㅇㅎㅏㅂ	p j ɘː ŋ ɦ a̠ p̚
ㅂㅗㄱㅗ	p o̞ː ɡ o̞
ㅂㅗㄱㅡㄹㅡㄹㅡ	p o̞ ɡ ɯ ɾ ɯ ɾ ɯ
ㅂㅗㄷㅡㅋㅏ	p o̞ d ɯ kʰ a̠
ㅂㅗㄸㅏㄹㅣ	p o̞ t͈ a̠ ɾ i
ㅂㅗㅈㅏㄹㄱㅓㅅㅇㅓㅄㄷㅏ	p o̞ d͡ʑ a̠ ɭ k͈ ʌ̹ sʰ ʌ̹ p̚ t͈ a̠
ㅂㅗㅈㅡㅇ	p o̞ d͡ʑ ɯ ŋ
ㅂㅗㅈㅣ	p o̞ː d͡ʑ i
ㅂㅗㄴㄴㅡㅇ	p o̞ n n ɯ ŋ
ㅂㅗㄴㅈㅣㄹ	p o̞ ɲ d͡ʑ i ɭ
ㅂㅗㅇㅇㅜㄹㅣ	p o̞ ŋ u ɾ i
ㅂㅗㅇㅌㅜ	p o̞ ŋ tʰ u
ㅂㅘㅈㅜㄷㅏ	p w a̠ː d͡ʑ u d a̠
ㅂㅜㄷㅏㅁㅎㅏㄷㅏ	p uː d a̠ m ɦ a̠ d a̠
ㅂㅜㄷㅡㄹㅓㅂㄷㅏ	p u d ɯ ɾ ʌ̹ p̚ t͈ a̠
ㅂㅜㄹㅡㅌㅡㄷㅏ	p u ɾ ɯ tʰ ɯ d a̠
ㅂㅜㅅㅏㅇㅈㅏ	p uː sʰ a̠ ŋ d͡ʑ a̠
ㅂㅜㅇㅓㅇㅇㅣ	p u ʌ̹ ŋ i
ㅂㅜㅇㅣㄴㅎㅏㄷㅏ	p uː i n ɦ a̠ d a̠
ㅂㅜㅊㅓㄴㅣㅁ	p u t͡ɕʰ ʌ̹ n i m
ㅂㅜㅌㅏㄴ	p u tʰ a̠ n
ㅂㅜㅎㅗ	p uː β o̞
ㅂㅜㄱㅇㅟ	p u ɡ ɥ i
ㅂㅜㄴㅇㅟㄱㅣ	p u n ɥ i ɡ i
ㅂㅜㄹㄱㅏㄱㅕㄹ	p u ɭ ɡ a̠ ɡ j ʌ̹ ɭ
ㅂㅜㄹㄱㅕㅇ	p u ɭ ɡ j ʌ̹ ŋ
ㅂㅜㄹㄱㅘ	p u ɭ ɡ w a̠
ㅂㅜㄹㄱㅜㅎㅏㄷㅏ	p u ɭ ɡ u ɦ a̠ d a̠
ㅂㅜㄹㅂㅓㅂ	p u ɭ b ʌ̹ p̚
ㅂㅜㄹㅇㅏㄴ	p u ɾ a̠ n
ㅂㅜㄹㅇㅑㅅㅓㅇ	p u ɾ j a̠ sʰ ʌ̹ ŋ
ㅂㅜㄺㅇㅓㅈㅣㄷㅏ	p u ɭ ɡ ʌ̹ d͡ʑ i d a̠
ㅂㅜㅅㄱㅡㄹㅆㅣ	p u t̚ k͈ ɯ ɭ ɕ͈ i
ㅂㅡㄹㅗㅋㅗㄹㄹㅣ	p ɯ ɾ o̞ kʰ o̞ ʎ ʎ i
ㅂㅡㄹㄹㅏㅇㅜㅅㅡ	p ɯ ɭ ɭ a̠ u sʰ ɯ
ㅂㅣㄱㅛㅎㅏㄷㅏ	p iː ɡ j o ɦ a̠ d a̠
ㅂㅣㄷㅏㄴㄱㅣㄹ	p iː d a̠ n k͈ i ɭ
ㅂㅣㄷㅣㅇㅗㅌㅔㅇㅣㅍㅡ	p i d i o̞ tʰ e̞ i pʰ ɯ
ㅂㅣㅈㅜㅇ	p iː d͡ʑ u ŋ
ㅂㅣㅍㅏㄴㅏㅁㅜ	p i pʰ a̠ n a̠ m u
ㅂㅣㅇㅅㅏㄴ	p i ŋ sʰ a̠ n
ㅂㅣㅊㄴㅏㄷㅏ	p i n n a̠ d a̠
ㅃㅏㄹㄹㅣㅃㅏㄹㄹㅣ	p͈ a̠ ʎ ʎ i p͈ a̠ ʎ ʎ i
ㅃㅓㄷㄷㅏ	p͈ ʌ̹ t̚ t͈ a̠
ㅃㅣㅇㄱㅝㄹ	p͈ i ŋ ɡ w ʌ̹ ɭ
ㅅㅏㄱㅓㄹㅣ	sʰ a̠ː ɡ ʌ̹ ɾ i
ㅅㅏㄱㅘㅎㅏㄷㅏ	sʰ a̠ː ɡ w a̠ ɦ a̠ d a̠
ㅅㅏㄹㅣㅂㅁㅜㄴ	sʰ a̠ ɾ i m m u n
ㅅㅏㅁㅜㄹ	sʰ a̠ː m u ɭ
ㅅㅏㅇㅓㅂㄱㅏ	sʰ a̠ː ʌ̹ p̚ k͈ a̠
ㅅㅏㅇㅜㄷㅣㅇㅏㄹㅏㅂㅣㅇㅏ	sʰ a̠ u d i a̠ ɾ a̠ b i a̠
ㅅㅏㅈㅡㅇ	sʰ a̠ t͡ɕ͈ ɯ ŋ
ㅅㅏㅍㅏㄹㅣ	sʰ a̠ pʰ a̠ ɾ i
ㅅㅏㄴㅌㅗㄲㅣ	sʰ a̠ n tʰ o̞ k͈ i
ㅅㅏㅁㄱㅖㅌㅏㅇ	sʰ a̠ m ɡ j e̞ tʰ a̠ ŋ
ㅅㅏㅁㄴㅏㅁㅜ	sʰ a̠ m n a̠ m u
ㅅㅏㅁㅅㅓㅇ	sʰ a̠ m sʰ ʌ̹ ŋ
ㅅㅏㅁㅅㅣㅂㅇㅠㄱㄱㅖ	sʰ a̠ m ɕʰ i b j u k̚ k͈ j e̞
ㅅㅏㅇㅅㅓㅇ	sʰ a̠ː ŋ sʰ ʌ̹ ŋ
ㅅㅏㅇㅅㅗㄱㅇㅣㄴ	sʰ a̠ ŋ sʰ o̞ ɡ i n
ㅅㅏㅇㅊㅜ	sʰ a̠ ŋ t͡ɕʰ u
ㅅㅏㅇㅎㅘㄴㄷㅚㄷㅏ	sʰ a̠ ŋ β w a̠ n d w e̞ d a̠
ㅅㅓㄹㅏㅂ	sʰ ʌ̹ ɾ a̠ p̚
ㅅㅓㅂㅓㄹ	sʰ ʌ̹ b ʌ̹ ɭ
ㅅㅓㄴㄱㅛ	sʰ ʌ̹ n ɡ j o
ㅅㅓㄴㅈㅏㅇ	sʰ ʌ̹ ɲ d͡ʑ a̠ ŋ
ㅅㅓㄹㄹㅔㅇㅣㄷㅏ	sʰ ʌ̹ ɭ ɭ e̞ i d a̠
ㅅㅓㄹㅍㅗㄴㅣㄹㄱㅣ	sʰ ʌ̹ ɭ pʰ o̞ n i ɭ ɡ i
ㅅㅓㅇㄷㅏㅇ	sʰ ɘː ŋ d a̠ ŋ
ㅅㅓㅇㅎㅏ	sʰ ɘː ŋ ɦ a̠
ㅅㅔㄹㅡㅂㅣㅇㅏ	s͈ e̞ ɾ ɯ b i a̠
ㅅㅔㅅㅜㅎㅏㄷㅏ	sʰ e̞ː sʰ u ɦ a̠ d a̠
ㅅㅔㅍㅗㅎㅏㄱ	sʰ e̞ː pʰ o̞ ɦ a̠ k̚
ㅅㅔㄹㄹㅗㅍㅏㄴ	sʰ e̞ ɭ ɭ o̞ pʰ a̠ n
ㅅㅗㄴㅏㅁㅜ	sʰ o̞ n a̠ m u
ㅅㅗㄹㅣ	sʰ o̞ ɾ i
ㅅㅗㅅㅗㅇ	sʰ o̞ sʰ o̞ ŋ
ㅅㅗㅅㅡ	sʰ o̞ sʰ ɯ
ㅅㅗㅇㅠㅈㅏ	sʰ o̞ː j u d͡ʑ a̠
ㅅㅗㅍㅣㅇㅏ	sʰ o̞ pʰ i a̠
ㅅㅗㅎㅕㅇ	sʰ o̞ː ʝ j ʌ̹ ŋ
ㅅㅗㄱㄱㅕㄴ	sʰ o̞ k̚ k͈ j ʌ̹ n
ㅅㅗㄱㄴㅜㄴㅆㅓㅂ	sʰ o̞ː ŋ n u n s͈ ʌ̹ p̚
ㅅㅗㄱㄷㅗ	sʰ o̞ k̚ t͈ o̞
ㅅㅗㄱㅇㅣㄷㅏ	sʰ o̞ ɡ i d a̠
ㅅㅗㄴㄱㅏㄹㅏㄱ	sʰ o̞ n k͈ a̠ ɾ a̠ k̚
ㅅㅗㄹㄹㅗㅁㅗㄴ	sʰ o̞ ɭ ɭ o̞ m o̞ n
ㅅㅗㅇㄱㅘㅅㅓㄴ	sʰ o̞ ŋ ɡ w a̠ sʰ ʌ̹ n
ㅅㅗㅇㄱㅜ	sʰ o̞ː ŋ ɡ u
ㅅㅗㅇㄴㅕㄴㅎㅚ	sʰ o̞ː ŋ ɲ j ʌ̹ n β w e̞
ㅅㅗㅇㄹㅣㅁ	sʰ o̞ ŋ n i m
ㅅㅗㅇㅇㅣ	sʰ o̞ ŋ i
ㅅㅜㄷㅗㄱㅝㄴ	sʰ u d o̞ k͈ w ʌ̹ n
ㅅㅜㄴㄱㅏㄴ	sʰ u n ɡ a̠ n
ㅅㅜㄴㅂㅏㄱ	sʰ u n b a̠ k̚
ㅅㅜㄴㅅㅓ	sʰ uː n sʰ ʌ̹
ㅅㅜㄴㅎㅡㅇ	sʰ u n ɣ ɯ ŋ
ㅅㅜㄹㅇㅓ	sʰ u ɾ ʌ̹
ㅅㅟㄷㅏ	ʃʰ ɥ iː d a̠
ㅅㅡㄷㅗㅋㅜ	sʰ ɯ d o̞ kʰ u
ㅅㅡㅇㅞㄷㅔㄴ	sʰ ɯ w e̞ d e̞ n
ㅅㅡㅋㅔㅇㅣㅌㅡㅂㅗㄷㅡ	sʰ ɯ kʰ e̞ i tʰ ɯ b o̞ d ɯ
ㅅㅡㅋㅝㅅㅣ	sʰ ɯ kʰ w ʌ̹ ɕʰ i
ㅅㅡㅌㅡㄹㅔㅅㅡ	sʰ ɯ tʰ ɯ ɾ e̞ s͈ ɯ
ㅅㅡㅌㅡㄹㅗㄴㅌㅠㅁ	sʰ ɯ tʰ ɯ ɾ o̞ n tʰ j u m
ㅅㅡㅍㅡㄹㅣㅇㅋㅡㄹㄹㅓ	sʰ ɯ pʰ ɯ ɾ i ŋ k x ɯ ɭ ɭ ʌ̹
ㅅㅡㅍㅣㅋㅓ	s͈ ɯ pʰ i kʰ ʌ̹
ㅅㅡㄹㅉㅓㄱㅅㅡㄹㅉㅓㄱ	sʰ ɯ ʎ t͡ɕ͈ ʌ̹ k s͈ ɯ ʎ t͡ɕ͈ ʌ̹ k̚
ㅅㅡㄹㅍㅡㅁ	sʰ ɯ ɭ pʰ ɯ m
ㅅㅡㅂㄱㅣ	sʰ ɯ p̚ k͈ i
ㅅㅡㅂㄴㅣㄷㅏ	s͈ ɯ m n i d a̠
ㅅㅣㄱㅏㄴㅍㅛ	ɕʰ i ɡ a̠ n pʰ j o
ㅅㅣㄱㅗㄹ	ɕʰ i ɡ o̞ ɭ
ㅅㅣㄱㅡㅁㅊㅣ	ɕʰ i ɡ ɯ m t͡ɕʰ i
ㅅㅣㄷㅡㄴㅣ	ɕʰ i d ɯ n i
ㅅㅣㅅㅏㅇㅎㅏㅂㅜ	ɕʰ iː sʰ a̠ ŋ h a̠ b u
ㅅㅣㅇㅔㄹㅏㄹㅣㅇㅗㄴ	ɕ͈ i e̞ ɾ a̠ ɾ i o̞ n
ㅅㅣㅈㅓㄹ	ɕʰ i d͡ʑ ʌ̹ ɭ
ㅅㅣㅉㅏㅇ	ɕʰ i t͡ɕ͈ a̠ ŋ
ㅅㅣㅊㅔ	ɕʰ iː t͡ɕʰ e̞
ㅅㅣㅋㅏㄱㅗ	ɕʰ i kʰ a̠ ɡ o̞
ㅅㅣㄱㅌㅏㄱ	ɕʰ i k̚ tʰ a̠ k̚
ㅅㅣㄴㅇㅣㅁㅎㅏㄷㅏ	ɕʰ iː n i m ɦ a̠ d a̠
ㅅㅣㄴㅈㅜ	ɕʰ i ɲ d͡ʑ u
ㅅㅣㄴㅎㅕㅇ	ɕʰ iː n ʝ j ʌ̹ ŋ
ㅅㅣㄹㅅㅜ	ɕʰ i ɭ s͈ u
ㅅㅣㄹㅅㅣ	ɕʰ i ɭ ɕ͈ i
ㅅㅣㄹㅎㅓㅁ	ɕʰ i ɾ ɦ ʌ̹ m
ㅅㅣㅁㅂㅜㄹㅡㅁ	ɕʰ iː m b u ɾ ɯ m
ㅅㅣㅂㅅㅏㅁ	ɕʰ i p s͈ a̠ m
ㅅㅣㅂㅇㅗ	ɕʰ i b o̞
ㅅㅣㅇㄱㅏㅍㅗㄹㅡ	ɕʰ i ŋ ɡ a̠ pʰ o̞ ɾ ɯ
ㅅㅣㅍㄷㅏ	ɕʰ i p̚ t͈ a̠
ㅆㅏㄹㅁㅣㄲㅜㄹㅣ	s͈ a̠ ɭ m i k͈ u ɾ i
ㅆㅏㅇㄲㅓㅍㅜㄹ	s͈ a̠ ŋ k͈ ʌ̹ pʰ u ɭ
ㅆㅏㅎㄷㅏ	s͈ a̠ tʰ a̠
ㅆㅗㄱㅏㄹㅣ	s͈ o̞ ɡ a̠ ɾ i
ㅆㅣㅂㄷㅓㄱ	ɕ͈ i p̚ t͈ ʌ̹ k̚
ㅇㅏㄱㅜㄴ	a̠ː ɡ u n
ㅇㅏㄱㅣ	a̠ ɡ i
ㅇㅏㄴㅣㅁㅔ	a̠ n i m e̞
ㅇㅏㄹㅏㅂㅇㅓ	a̠ ɾ a̠ b ʌ̹
ㅇㅏㄹㅡㅁㅔㄴㅣㅇㅏㅇㅓ	a̠ ɾ ɯ m e̞ n i a̠ ʌ̹
ㅇㅏㅁㅏㅈㅗㄴ	a̠ m a̠ d͡ʑ o̞ n
ㅇㅏㅁㅣㄴ	a̠ m i n
ㅇㅏㅂㅡㄹㅏㅎㅏㅁ	a̠ b ɯ ɾ a̠ ɦ a̠ m
ㅇㅏㅅㅓ	a̠ sʰ ʌ̹
ㅇㅏㅅㅟㅂㄷㅏ	a̠ ʃʰ ɥ i p̚ t͈ a̠
ㅇㅏㅇㅑ	a̠ j a̠
ㅇㅏㅇㅑㄱㅔㅆ	a̠ j a̠ ɡ e̞ t̚
ㅇㅏㅇㅗㅈㅏㅇㅣ	a̠ o̞ d͡ʑ a̠ i
ㅇㅏㅇㅛ	a̠ j o
ㅇㅏㅇㅣㅅㅛㅍㅣㅇ	a̠ i ɕ͈ o pʰ i ŋ
ㅇㅏㅈㅜ	a̠ d͡ʑ u
ㅇㅏㅈㅜㄹㄹㅔㄴ	a̠ d͡ʑ u ɭ ɭ e̞ n
ㅇㅏㅍㅏㄹㅡㅌㅡㅎㅔㅇㅣㅌㅡ	a̠ pʰ a̠ ɾ ɯ tʰ ɯ ɦ e̞ i tʰ ɯ
ㅇㅏㅎㅡㄹㅔ	a̠ ɣ ɯ ɾ e̞
ㅇㅏㄱㄷㅗㅇ	a̠ k̚ t͈ o̞ ŋ
ㅇㅏㄱㅇㅣㄴ	a̠ ɡ i n
ㅇㅏㄴㅂㅜ	a̠ n b u
ㅇㅏㄹㄷㅔㅎㅣㄷㅡ	a̠ ɭ d e̞ ʝ i d ɯ
ㅇㅏㄹㄹㅣㄷㅏ	a̠ ʎ ʎ i d a̠
ㅇㅏㄹㅋㅏㄴ	a̠ ɭ kʰ a̠ n
ㅇㅏㄹㅋㅏㄹㄹㅣ	a̠ ɭ kʰ a̠ ʎ ʎ i
ㅇㅏㄹㅍㅏ	a̠ ɭ pʰ a̠
ㅇㅏㅀㅇㅣ	a̠ ɾ i
ㅇㅏㅁㅅㅏㄹ	a̠ m sʰ a̠ ɭ
ㅇㅏㅍㄷㅟ	a̠ p̚ t͈ ɥ i
ㅇㅑㅁㅏㅌㅗ	j a̠ m a̠ tʰ o̞
ㅇㅑㅅㅣㄱ	j a̠ː ɕʰ i k̚
ㅇㅑㄱㄱㅜㄱ	j a̠ k̚ k͈ u k̚
ㅇㅑㄱㅍㅜㅁ	j a̠ k̚ pʰ u m
ㅇㅑㅇㄷㅏㄹㅣ	j a̠ ŋ d a̠ ɾ i
ㅇㅑㅇㅇㅠ	j a̠ ŋ j u
ㅇㅑㅇㅈㅜ	j a̠ ŋ d͡ʑ u
ㅇㅑㅌㄷㅏ	j a̠ t̚ t͈ a̠
ㅇㅓㄱㅏㄴ	ɘː ɡ a̠ n
ㅇㅓㄸㅓㅎㄷㅏ	ʌ̹ t͈ ʌ̹ tʰ a̠
ㅇㅓㄹㅣㄴㅇㅣ	ʌ̹ ɾ i n i
ㅇㅓㅂㅓㅇㅣ	ʌ̹ b ʌ̹ i
ㅇㅓㅈㅗㄱ	ɘː d͡ʑ o̞ k̚
ㅇㅓㅈㅜㅂㅈㅏㄶㄷㅏ	ʌ̹ d͡ʑ u p̚ t͡ɕ͈ a̠ n tʰ a̠
ㅇㅓㅎㅟㅈㅏㅇ	ɘː ɦ ɥ i d͡ʑ a̠ ŋ
ㅇㅓㄱㅅㅜ	ʌ̹ k s͈ u
ㅇㅓㄹㄹㅣㄷㅏ	ʌ̹ ʎ ʎ i d a̠
ㅇㅓㄹㅍㅣㅅ	ʌ̹ ɭ pʰ i t̚
ㅇㅓㅁㅅㅡㅂ	ɘː m sʰ ɯ p̚
ㅇㅓㅁㅊㅓㅇㄴㅏㄷㅏ	ʌ̹ m t͡ɕʰ ʌ̹ ŋ n a̠ d a̠
ㅇㅓㅂㄷㅗㅇㅇㅣ	ʌ̹ p̚ t͈ o̞ ŋ i
ㅇㅓㅄㅇㅣ	ɘː p ɕ͈ i
ㅇㅓㅅㅂㅣㅅㅡㅅㅎㅏㄷㅏ	ʌ̹ t̚ p͈ i sʰ ɯ tʰ a̠ d a̠
ㅇㅔㅁㅔㄹㅁㅜㅈㅣㄹㅗ	e̞ m e̞ ɭ m u d͡ʑ i ɾ o̞
ㅇㅕㄲㅟ	j ʌ̹ k͈ ɥ i
ㅇㅕㄴㅏㅁㅇㅡㄴ	j ʌ̹ n a̠ m ɯ n
ㅇㅕㄷㅓㄼ	j ʌ̹ d ʌ̹ ɭ
ㅇㅕㅅㅓㅇㅈㅜㅇㅢ	j ʌ̹ sʰ ʌ̹ ŋ d͡ʑ u ɰ i
ㅇㅕㅈㅏㅊㅣㄴㄱㅜ	j ʌ̹ d͡ʑ a̠ t͡ɕʰ i n ɡ u
ㅇㅕㅈㅔ	j ʌ̹ d͡ʑ e̞
ㅇㅕㄱㅅㅏㄱㅏ	j ʌ̹ k s͈ a̠ ɡ a̠
ㅇㅕㄴㄱㅗ	j ɘː n ɡ o̞
ㅇㅕㄴㄹㅏㄱㅊㅓ	j ʌ̹ ɭ ɭ a̠ k̚ t͡ɕʰ ʌ̹
ㅇㅕㄴㄹㅕㅇ	j ʌ̹ ʎ ʎ j ʌ̹ ŋ
ㅇㅕㄴㅅㅔ	j ʌ̹ n sʰ e̞
ㅇㅕㄴㅈㅜ	j ɘː ɲ d͡ʑ u
ㅇㅕㄴㅎㅠ	j ʌ̹ n ʝ j u
ㅇㅕㄷㅇㅏㅎㅗㅂ	j ʌ̹ d a̠ β o̞ p̚
ㅇㅕㅇㅁㅜㄴ	j ʌ̹ ŋ m u n
ㅇㅕㅇㅇㅜㅇ	j ʌ̹ ŋ u ŋ
ㅇㅕㅇㅈㅣ	j ʌ̹ ŋ d͡ʑ i
ㅇㅕㅇㅎㅗㄴ	j ʌ̹ ŋ β o̞ n
ㅇㅖㄴㅣㄹㅔ	j e̞ n i ɾ e̞
ㅇㅖㅁㅜㄴ	j e̞ː m u n
ㅇㅖㅅㅜ	j e̞ sʰ u
ㅇㅖㅈㅓㄹ	j e̞ d͡ʑ ʌ̹ ɭ
ㅇㅖㅈㅓㅇ	j e̞ː d͡ʑ ʌ̹ ŋ
ㅇㅗㄷㅏ	o̞ d a̠
ㅇㅗㄹㅏㅇㅇㅜㅌㅏㄴ	o̞ ɾ a̠ ŋ u tʰ a̠ n
ㅇㅗㄹㅡㄱㅏㅅㅡㅁ	o̞ ɾ ɯ ɡ a̠ sʰ ɯ m
ㅇㅗㅅㅣㅂ	o̞ː ɕʰ i p̚
ㅇㅗㅌㅏㅋㅜ	o̞ tʰ a̠ kʰ u
ㅇㅗㄱㅅㅣㅌㅗㅅㅣㄴ	o̞ k ɕ͈ i tʰ o̞ ɕʰ i n
ㅇㅗㄱㅌㅏㅂ	o̞ k̚ tʰ a̠ p̚
ㅇㅗㄹㅌㅗㅇㅂㅗㄹㅌㅗㅇ	o̞ ɭ tʰ o̞ ŋ b o̞ ɭ tʰ o̞ ŋ
ㅇㅗㅀㄷㅏ	o̞ ɭ tʰ a̠
ㅇㅗㅅㄱㅗㄹㅡㅁ	o̞ t̚ k͈ o̞ ɾ ɯ m
ㅇㅘㄴㅂㅕㄱ	w a̠ n b j ʌ̹ k̚
ㅇㅘㅇㅎㅜ	w a̠ ŋ β u
ㅇㅙㅅㅓ	w ɛː sʰ ʌ̹
ㅇㅚㄱㅛ	w e̞ː ɡ j o
ㅇㅚㅅㅣㄱ	w e̞ː ɕʰ i k̚
ㅇㅛㄱㅜ	j o ɡ u
ㅇㅛㄱㅈㅗ	j o k̚ t͡ɕ͈ o̞
ㅇㅛㅇㅁㅗ	j o ŋ m o̞
ㅇㅛㅇㅇㅣ	j o ŋ i
ㅇㅜㄹㅓㅇㅇㅣ	u ɾ ʌ̹ ŋ i
ㅇㅜㅁㅜㄹㅇㅜㅁㅜㄹ	u m u ɾ u m u ɭ
ㅇㅜㅅㅡㅇ	u sʰ ɯ ŋ
ㅇㅜㅇㅓㅇ	u ʌ̹ ŋ
ㅇㅜㅇㅞㄱ	u w e̞ k̚
ㅇㅜㅋㅡㄹㅏㅇㅣㄴㅏㅇㅓ	u k x ɯ ɾ a̠ i n a̠ ʌ̹
ㅇㅜㅍㅕㄴㅎㅏㅁ	u pʰ j ʌ̹ n ɦ a̠ m
ㅇㅜㅎㅏㄴ	u ɦ a̠ n
ㅇㅜㄴㄷㅗㅇㅈㅏㅇ	uː n d o̞ ŋ d͡ʑ a̠ ŋ
ㅇㅜㄴㅈㅓㄴ	u ɲ d͡ʑ ʌ̹ n
ㅇㅜㄴㅈㅓㄴㄱㅣㅅㅏ	uː ɲ d͡ʑ ʌ̹ n ɡ i sʰ a̠
ㅇㅜㅇㄷㅓㅇㅇㅣ	u ŋ d ʌ̹ ŋ i
ㅇㅝㄴㅂㅗㄴ	w ʌ̹ n b o̞ n
ㅇㅝㄴㅅㅓㄱ	w ʌ̹ n sʰ ʌ̹ k̚
ㅇㅝㄴㅇㅏㅇ	w ʌ̹ n a̠ ŋ
ㅇㅝㄴㅈㅗㄱㅛㅈㅔ	w ʌ̹ ɲ d͡ʑ o̞ ɡ j o d͡ʑ e̞
ㅇㅝㄹㄱㅕㅇ	w ʌ̹ ɭ ɡ j ʌ̹ ŋ
ㅇㅟㄴㄷㅗ	ɥ i n d o̞
ㅇㅟㄴㄷㅗㅇㅜ	ɥ i n d o̞ u
ㅇㅠㄱㅏㅈㅡㅇㄱㅝㄴ	j uː ɡ a̠ d͡ʑ ɯ ŋ k͈ w ʌ̹ n
ㅇㅠㄴㅏㄴㅎㅣ	j uː n a̠ n ʝ i
ㅇㅠㄴㅣㅍㅗㅁ	j u n i pʰ o̞ m
ㅇㅠㄹㅓㅂ	j u ɾ ʌ̹ p̚
ㅇㅠㄹㅕㅇ	j u ɾ j ʌ̹ ŋ
ㅇㅠㅁㅕㅇ	j uː m j ʌ̹ ŋ
ㅇㅠㅅㅓ	j u sʰ ʌ̹
ㅇㅠㅇㅎㅏㅂ	j u ŋ ɦ a̠ p̚
ㅇㅠㅊㅉㅏㄱ	j uː t̚ t͡ɕ͈ a̠ k̚
ㅇㅡㄹㄱㅔ	ɯ ɭ k͈ e̞
ㅇㅡㅁㄹㅛ	ɯː m ɲ j o
ㅇㅡㅁㅂㅏㄴ	ɯ m b a̠ n
ㅇㅡㅁㅅㅗㅁㅜㄴㅈㅏ	ɯ m sʰ o̞ m u ɲ d͡ʑ a̠
ㅇㅡㅁㅎㅑㅇ	ɯ m ʝ j a̠ ŋ
ㅇㅢㅂㅗㄱ	ɰ i b o̞ k̚
ㅇㅢㅎㅕㅇㅈㅔ	ɰ iː ʝ j ʌ̹ ŋ d͡ʑ e̞
ㅇㅣㄱㅡㄹㅇㅣㄱㅡㄹ	i ɡ ɯ ɾ i ɡ ɯ ɭ
ㅇㅣㄷㅏ	i d a̠
ㅇㅣㄹㅏㄴ	i ɾ a̠ n
ㅇㅣㅁㅕ	i m j ʌ̹
ㅇㅣㅁㅕㅇ	iː m j ʌ̹ ŋ
ㅇㅣㅂㅓㄴ	i b ʌ̹ n
ㅇㅣㅂㅕㄹ	iː b j ʌ̹ ɭ
ㅇㅣㅂㅜㄴ	i b u n
ㅇㅣㅅㅏㄴㅎㅘㅌㅏㄴㅅㅗ	iː sʰ a̠ n β w a̠ tʰ a̠ n sʰ o̞
ㅇㅣㅅㅏㅇ	iː sʰ a̠ ŋ
ㅇㅣㅅㅓㅇ	iː sʰ ʌ̹ ŋ
ㅇㅣㅅㅡㅁㅏㅇㅔㄹ	i sʰ ɯ m a̠ e̞ ɭ
ㅇㅣㅅㅡㄹㄹㅏㅁㅏㅂㅏㄷㅡ	i sʰ ɯ ɭ ɭ a̠ m a̠ b a̠ d ɯ
ㅇㅣㅇㅓㅇ	i ʌ̹ ŋ
ㅇㅣㄴㅁㅜㄴㅎㅏㄱ	i n m u n ɦ a̠ k̚
ㅇㅣㄴㅍㅡㄹㄹㅔㅇㅣㅅㅕㄴ	i n pʰ ɯ ɭ ɭ e̞ i ɕʰ ʌ̹ n
ㅇㅣㄴㅎㅏㄷㅏ	i n ɦ a̠ d a̠
ㅇㅣㄹㄱㅕㄴ	i ɭ ɡ j ʌ̹ n
ㅇㅣㄹㅂㅏㄴ	i ɭ b a̠ n
ㅇㅣㄹㅇㅓㄴㅏㄷㅏ	i ɾ ʌ̹ n a̠ d a̠
ㅇㅣㄹㅊㅔ	i ʎ t͡ɕʰ e̞
ㅇㅣㅁㄱㅣ	i m ɡ i
ㅇㅣㅁㅅㅣㄴㅂㅜ	iː m ɕʰ i n b u
ㅇㅣㅂㄷㅓㅅ	i p̚ t͈ ʌ̹ t̚
ㅇㅣㅆㄷㅏ	i t̚ t͈ a̠
ㅈㅏㄱㅏㅅㅏㄹㅣ	t͡ɕ a̠ ɡ a̠ sʰ a̠ ɾ i
ㅈㅏㄷㅏ	t͡ɕ a̠ d a̠
ㅈㅏㄷㅗㅇㅎㅘ	t͡ɕ a̠ d o̞ ŋ β w a̠
ㅈㅏㄷㅜㄴㅏㅁㅜ	t͡ɕ a̠ d u n a̠ m u
ㅈㅏㅅㅔㅎㅏㄷㅏ	t͡ɕ a̠ sʰ e̞ ɦ a̠ d a̠
ㅈㅏㄱㄱㅗㄱㄱㅏ	t͡ɕ a̠ k̚ k͈ o̞ k̚ k͈ a̠
ㅈㅏㄱㄹㅕㄹ	t͡ɕ a̠ ŋ ɲ j ʌ̹ ɭ
ㅈㅏㄴㅈㅏㄴㅎㅏㄷㅏ	t͡ɕ a̠ ɲ d͡ʑ a̠ n ɦ a̠ d a̠
ㅈㅏㅁㄱㅡㄷㅏ	t͡ɕ a̠ m ɡ ɯ d a̠
ㅈㅏㅇㅁㅜㄹ	t͡ɕ a̠ ŋ m u ɭ
ㅈㅏㅇㅂㅗㄷㅏ	t͡ɕ a̠ ŋ b o̞ d a̠
ㅈㅏㅇㅅㅣㄱㅎㅏㄷㅏ	t͡ɕ a̠ ŋ ɕʰ i kʰ a̠ d a̠
ㅈㅏㅇㅎㅏㄱㄱㅡㅁ	t͡ɕ a̠ː ŋ ɦ a̠ k̚ k͈ ɯ m
ㅈㅐㅈㅏㄱㄴㅕㄴ	t͡ɕ ɛː d͡ʑ a̠ ŋ ɲ j ʌ̹ n
ㅈㅓㅅㅡㅇㅅㅏㅈㅏ	t͡ɕ ʌ̹ sʰ ɯ ŋ sʰ a̠ d͡ʑ a̠
ㅈㅓㅈㅜ	t͡ɕ ɘː d͡ʑ u
ㅈㅓㄱㄴㅏㄹㅏ	t͡ɕ ʌ̹ ŋ n a̠ ɾ a̠
ㅈㅓㄴㄴㅏㄹ	t͡ɕ ʌ̹ n n a̠ ɭ
ㅈㅓㄴㄹㅖ	t͡ɕ ʌ̹ ʎ ʎ j e̞
ㅈㅓㄴㄹㅣㅍㅜㅁ	t͡ɕ ɘː ʎ ʎ i pʰ u m
ㅈㅓㄴㅁㅜㄴㄱㅏ	t͡ɕ ʌ̹ n m u n ɡ a̠
ㅈㅓㄴㅇㅓㅂ	t͡ɕ ʌ̹ n ʌ̹ p̚
ㅈㅓㄴㅇㅣ	t͡ɕ ɘː n i
ㅈㅓㄴㅈㅏ	t͡ɕ ɘː ɲ d͡ʑ a̠
ㅈㅓㄴㅎㅜ	t͡ɕ ʌ̹ n β u
ㅈㅓㄻㅇㅡㄴㅇㅣ	t͡ɕ ʌ̹ ɭ m ɯ n i
ㅈㅓㅂㄱㅡㄴ	t͡ɕ ʌ̹ p̚ k͈ ɯ n
ㅈㅓㅂㅅㅗㄱ	t͡ɕ ʌ̹ p s͈ o̞ k̚
ㅈㅓㅇㄱㅝㄴ	t͡ɕ ʌ̹ ŋ k͈ w ʌ̹ n
ㅈㅓㅇㄱㅠ	t͡ɕ ɘː ŋ ɡ j u
ㅈㅓㅇㅅㅏㅇㅎㅚㄷㅏㅁ	t͡ɕ ʌ̹ ŋ sʰ a̠ ŋ β w e̞ d a̠ m
ㅈㅓㅇㅅㅣㄴㅂㅕㅇㅈㅏ	t͡ɕ ʌ̹ ŋ ɕʰ i n p͈ j ʌ̹ ŋ d͡ʑ a̠
ㅈㅓㅇㅅㅣㄴㅂㅜㄴㅇㅕㄹㅈㅡㅇ	t͡ɕ ʌ̹ ŋ ɕʰ i n p u ɲ j ʌ̹ ʎ t͡ɕ͈ ɯ ŋ
ㅈㅓㅇㅇㅡㄴ	t͡ɕ ɘː ŋ ɯ n
ㅈㅓㅇㅈㅓㄴ	t͡ɕ ʌ̹ ŋ d͡ʑ ʌ̹ n
ㅈㅔㄱㅓ	t͡ɕ e̞ ɡ ʌ̹
ㅈㅔㄷㅏㄴ	t͡ɕ e̞ː d a̠ n
ㅈㅔㅁㅕㅇ	t͡ɕ e̞ m j ʌ̹ ŋ
ㅈㅔㅂㅏㄹ	t͡ɕ e̞ː b a̠ ɭ
ㅈㅔㅈㅏㄱㅎㅏㄷㅏ	t͡ɕ e̞ː d͡ʑ a̠ kʰ a̠ d a̠
ㅈㅔㅈㅗ	t͡ɕ e̞ː d͡ʑ o̞
ㅈㅔㅊㅜㄹ	t͡ɕ e̞ t͡ɕʰ u ɭ
ㅈㅗㄱㅓㄴ	t͡ɕ o̞ k͈ ʌ̹ n
ㅈㅗㅇㅜ	t͡ɕ o̞ u
ㅈㅗㅇㅢ	t͡ɕ o̞ ɰ i
ㅈㅗㅇㄹㅗ	t͡ɕ o̞ ŋ n o̞
ㅈㅗㅇㅇㅏㄹㅣㅃㅕ	t͡ɕ o̞ː ŋ a̠ ɾ i p͈ j ʌ̹
ㅈㅗㅎㅇㅏㅈㅣㄷㅏ	t͡ɕ o̞ː a̠ d͡ʑ i d a̠
ㅈㅚㅅㅜ	t͡ɕ w e̞ sʰ u
ㅈㅜㄱㅛ	t͡ɕ u ɡ j o
ㅈㅜㅁㅓㄴㅣ	t͡ɕ u m ʌ̹ n i
ㅈㅜㅅㅣㄱㅎㅚㅅㅏ	t͡ɕ u ɕʰ i kʰ w e̞ sʰ a̠
ㅈㅜㅈㅓ	t͡ɕ u d͡ʑ ʌ̹
ㅈㅜㅈㅓㅇ	t͡ɕ uː d͡ʑ ʌ̹ ŋ
ㅈㅜㅊㅔ	t͡ɕ u t͡ɕʰ e̞
ㅈㅜㄱㅅㅜㄴ	t͡ɕ u k s͈ u n
ㅈㅜㄱㅇㅡㅁ	t͡ɕ u ɡ ɯ m
ㅈㅜㄴㅂㅣ	t͡ɕ uː n b i
ㅈㅜㅂㄷㅏ	t͡ɕ uː p̚ t͈ a̠
ㅈㅡㄹㄱㅓㅂㄷㅏ	t͡ɕ ɯ ɭ ɡ ʌ̹ p̚ t͈ a̠
ㅈㅡㅇㅈㅣㄴㅎㅏㄷㅏ	t͡ɕ ɯ ŋ d͡ʑ i n ɦ a̠ d a̠
ㅈㅣㄱㅕㅂㄷㅏ	t͡ɕ i ɡ j ʌ̹ p̚ t͈ a̠
ㅈㅣㄱㅕㅇ	t͡ɕ i ɡ j ʌ̹ ŋ
ㅈㅣㄱㅜ	t͡ɕ i ɡ u
ㅈㅣㄷㅗㅈㅏ	t͡ɕ i d o̞ d͡ʑ a̠
ㅈㅣㄹㅚ	t͡ɕ i ɾ w e̞
ㅈㅣㄹㅠ	t͡ɕ i ɾ j u
ㅈㅣㄹㅣㅎㅏㄱ	t͡ɕ i ɾ i ɦ a̠ k̚
ㅈㅣㅅㅣㅎㅏㄷㅏ	t͡ɕ i ɕʰ i ɦ a̠ d a̠
ㅈㅣㅇㅟ	t͡ɕ i ɥ i
ㅈㅣㅈㅓㅂㅜㄴㅎㅏㄷㅏ	t͡ɕ i d͡ʑ ʌ̹ b u n ɦ a̠ d a̠
ㅈㅣㅈㅓㅁ	t͡ɕ i d͡ʑ ʌ̹ m
ㅈㅣㅎㅏㄷㅗ	t͡ɕ i ɦ a̠ d o̞
ㅈㅣㄱㄱㅘㄴ	t͡ɕ i k̚ k͈ w a̠ n
ㅈㅣㄴㄹㅜ	t͡ɕ iː ɭ ɭ u
ㅈㅣㄴㅂㅜㅎㅏㄷㅏ	t͡ɕ i n b u ɦ a̠ d a̠
ㅈㅣㄴㅇㅏㅂ	t͡ɕ iː n a̠ p̚
ㅈㅣㄹㄴㅕ	t͡ɕ i ʎ ʎ j ʌ̹
ㅈㅣㄹㅂㅕㅇ	t͡ɕ i ɭ b j ʌ̹ ŋ
ㅈㅣㄹㅍㅜㅇㄴㅗㄷㅗ	t͡ɕ i ɭ pʰ u ŋ n o̞ d o̞
ㅈㅣㅂㅈㅜㅇㄷㅚㄷㅏ	t͡ɕ i p̚ t͡ɕ͈ u ŋ d w e̞ d a̠
ㅈㅣㅌㅍㅜㄹㅡㄷㅏ	t͡ɕ i t̚ pʰ u ɾ ɯ d a̠
ㅉㅏㅂㅉㅏㄹㅎㅏㄷㅏ	t͡ɕ͈ a̠ p̚ t͡ɕ͈ a̠ ɾ ɦ a̠ d a̠
ㅉㅗㄹㅁㅕㄴ	t͡ɕ͈ o̞ ɭ m j ʌ̹ n
ㅊㅏㄱㅗ	t͡ɕʰ a̠ ɡ o̞
ㅊㅏㄷㅏㄴ	t͡ɕʰ a̠ː d a̠ n
ㅊㅏㄹㅏㄹㅣ	t͡ɕʰ a̠ ɾ a̠ ɾ i
ㅊㅏㅌㅡ	t͡ɕʰ a̠ tʰ ɯ
ㅊㅏㄴㅈㅏㅇ	t͡ɕʰ a̠ː ɲ d͡ʑ a̠ ŋ
ㅊㅏㅇㅈㅏ	t͡ɕʰ a̠ ŋ d͡ʑ a̠
ㅊㅐㅅㅗ	t͡ɕʰ ɛː sʰ o̞
ㅊㅓㄴㅇㅘㅇㅅㅓㅇ	t͡ɕʰ ʌ̹ n w a̠ ŋ sʰ ʌ̹ ŋ
ㅊㅓㄴㅈㅏㅇ	t͡ɕʰ ʌ̹ ɲ d͡ʑ a̠ ŋ
ㅊㅓㄴㅈㅗㄱㅜㄱ	t͡ɕʰ ʌ̹ ɲ d͡ʑ o̞ ɡ u k̚
ㅊㅓㅇㄴㅕㄴ	t͡ɕʰ ʌ̹ ŋ ɲ j ʌ̹ n
ㅊㅓㅇㅅㅜㄴ	t͡ɕʰ ʌ̹ ŋ sʰ u n
ㅊㅓㅇㅊㅓㄴㅂㅕㄱㄹㅕㄱ	t͡ɕʰ ʌ̹ ŋ t͡ɕʰ ʌ̹ n b j ʌ̹ ŋ ɲ j ʌ̹ k̚
ㅊㅓㅇㅌㅏㄱ	t͡ɕʰ ʌ̹ ŋ tʰ a̠ k̚
ㅊㅔㅇㅗㄴㄱㅖ	t͡ɕʰ e̞ o̞ n ɡ j e̞
ㅊㅔㅇㅣㄴ	t͡ɕʰ e̞ i n
ㅊㅗㅇㅣㄴ	t͡ɕʰ o̞ i n
ㅊㅗㅎㅗㄴ	t͡ɕʰ o̞ β o̞ n
ㅊㅗㅇㅇㅕㅇㅅㅏㄱㅘㄴ	t͡ɕʰ o̞ ŋ j ʌ̹ ŋ sʰ a̠ ɡ w a̠ n
ㅊㅚㄱㅏㅇ	t͡ɕʰ w e̞ː ɡ a̠ ŋ
ㅊㅚㅅㅓㄴ	t͡ɕʰ w e̞ː sʰ ʌ̹ n
ㅊㅚㅊㅗ	t͡ɕʰ w e̞ː t͡ɕʰ o̞
ㅊㅜㄱㅇㅡㅁㄱㅣ	t͡ɕʰ u ɡ ɯ m ɡ i
ㅊㅜㄹㅅㅏㄴㅇㅠㄹ	t͡ɕʰ u ɭ sʰ a̠ ɲ j u ɭ
ㅊㅜㄹㅅㅓㄱ	t͡ɕʰ u ɭ s͈ ʌ̹ k̚
ㅊㅜㄹㅈㅓㄴ	t͡ɕʰ u ʎ d͡ʑ ʌ̹ n
ㅊㅜㄹㅊㅜㄹㅎㅏㄷㅏ	t͡ɕʰ u ʎ t͡ɕʰ u ɾ ɦ a̠ d a̠
ㅊㅜㅇㅅㅓㅇ	t͡ɕʰ u ŋ sʰ ʌ̹ ŋ
ㅊㅣㅇㅏㄴ	t͡ɕʰ i a̠ n
ㅊㅣㄴㅅㅏㅁㅊㅗㄴ	t͡ɕʰ i n sʰ a̠ m t͡ɕʰ o̞ n
ㅊㅣㅁㄴㅏㅇ	t͡ɕʰ iː m n a̠ ŋ
ㅋㅏㄹㅡㅌㅔㄹ	kʰ a̠ ɾ ɯ tʰ e̞ ɭ
ㅋㅏㅌㅏㄹㅡ	kʰ a̠ tʰ a̠ ɾ ɯ
ㅋㅏㅌㅡㅁㅏㄴㄷㅜ	kʰ a̠ tʰ ɯ m a̠ n d u
ㅋㅏㄹㅂㅏㄹㅏㅁ	kʰ a̠ ɭ b a̠ ɾ a̠ m
ㅋㅏㄹㅅㅏㅇㅇㅓ	kʰ a̠ ɭ sʰ a̠ ŋ ʌ̹
ㅋㅓㅂㅡ	kʰ ʌ̹ b ɯ
ㅋㅓㅅㅓ	kʰ ʌ̹ sʰ ʌ̹
ㅋㅔㄷㅓㄹㅣㅇ	kʰ e̞ d ʌ̹ ɾ i ŋ
ㅋㅗㅂㅡㄹㅏ	kʰ o̞ b ɯ ɾ a̠
ㅋㅗㅃㅜㄹㅅㅗ	kʰ o̞ p͈ u ɭ s͈ o̞
ㅋㅗㅎㅔㄹㄹㅔㅅ	kʰ o̞ ɦ e̞ ɭ ɭ e̞ t̚
ㅋㅗㄹㅇㅗㅂㅅㅕㄴ	kʰ o̞ ɾ o̞ p ɕ͈ ʌ̹ n
ㅋㅗㅁㅂㅏㅇㅣㄴ	kʰ o̞ m b a̠ i n
ㅋㅗㅇㄱㅗ	kʰ o̞ ŋ ɡ o̞
ㅋㅜㅅㅕㄴ	kʰ u ɕʰ ʌ̹ n
ㅋㅡㄹㄹㅏㄹㅣㄴㅔㅅ	k x ɯ ɭ ɭ a̠ ɾ i n e̞ t̚
ㅌㅏㅁㅣㄹㅇㅓ	tʰ a̠ m i ɾ ʌ̹
ㅌㅏㅎㅕㅂㅎㅏㄷㅏ	tʰ a̠ː ʝ j ʌ̹ pʰ a̠ d a̠
ㅌㅏㄱㄱㅜ	tʰ a̠ k̚ k͈ u
ㅌㅏㄴㄹㅗ	tʰ a̠ː ɭ ɭ o̞
ㅌㅏㄹㄹㅠㅁ	tʰ a̠ ʎ ʎ j u m
ㅌㅏㅁㅇㅛㄱ	tʰ a̠ m j o k̚
ㅌㅔㄹㅓㅂㅓㅁ	tʰ e̞ ɾ ʌ̹ b ʌ̹ m
ㅌㅗㅅㅓㅇ	tʰ o̞ sʰ ʌ̹ ŋ
ㅌㅗㅇㄱㅘㅎㅏㄷㅏ	tʰ o̞ ŋ ɡ w a̠ ɦ a̠ d a̠
ㅌㅗㅇㅇㅣㄹ	tʰ o̞ː ŋ i ɭ
ㅌㅗㅇㅈㅔ	tʰ o̞ː ŋ d͡ʑ e̞
ㅌㅗㅇㅎㅏㄷㅏ	tʰ o̞ ŋ ɦ a̠ d a̠
ㅌㅗㅇㅎㅏㅂ	tʰ o̞ː ŋ ɦ a̠ p̚
ㅌㅠㄹㄹㅣㅂ	tʰ j u ʎ ʎ i p̚
ㅌㅡㄹㅓㅁㅍㅡ	tʰ ɯ ɾ ʌ̹ m pʰ ɯ
ㅌㅡㅇㅣㄷㅏ	tʰ ɯ i d a̠
ㅌㅣㄹㅏㄴㅗㅅㅏㅇㅜㄹㅜㅅㅡ	tʰ i ɾ a̠ n o̞ sʰ a̠ u ɾ u sʰ ɯ
ㅌㅣㅇㅏㅈㅗㄹ	tʰ i a̠ d͡ʑ o̞ ɭ
ㅍㅏㄱㅗㄷㅏ	pʰ a̠ ɡ o̞ d a̠
ㅍㅏㄱㅚ	pʰ a̠ː ɡ w e̞
ㅍㅏㅇㅣㅍㅡㅇㅗㄹㅡㄱㅏㄴ	pʰ a̠ i pʰ ɯ o̞ ɾ ɯ ɡ a̠ n
ㅍㅏㅈㅏㅇ	pʰ a̠ d͡ʑ a̠ ŋ
ㅍㅏㅊㅜㄹㅅㅗ	pʰ a̠ t͡ɕʰ u ɭ sʰ o̞
ㅍㅏㅍㅏㅇㅑ	pʰ a̠ pʰ a̠ j a̠
ㅍㅏㄹㄲㅜㅁㅊㅣ	pʰ a̠ ɭ k͈ u m t͡ɕʰ i
ㅍㅔㄹㅡㅅㅑㅇㅓ	pʰ e̞ ɾ ɯ ɕʰ a̠ ʌ̹
ㅍㅕㄷㅏ	pʰ j ʌ̹ d a̠
ㅍㅕㄴㅈㅣ	pʰ j ɘː ɲ d͡ʑ i
ㅍㅕㅇㅁㅕㄴ	pʰ j ʌ̹ ŋ m j ʌ̹ n
ㅍㅕㅇㅅㅓㅇ	pʰ j ʌ̹ ŋ sʰ ʌ̹ ŋ
ㅍㅕㅇㅎㅕㅇ	pʰ j ʌ̹ ŋ ʝ j ʌ̹ ŋ
ㅍㅖㅈㅣ	pʰ j e̞ː d͡ʑ i
ㅍㅗㅅㅡㅌㅓ	pʰ o̞ sʰ ɯ tʰ ʌ̹
ㅍㅗㅈㅏ	pʰ o̞ d͡ʑ a̠
ㅍㅗㅎㅏㅁ	pʰ o̞ ɦ a̠ m
ㅍㅗㄱㄷㅗㅇ	pʰ o̞ k̚ t͈ o̞ ŋ
ㅍㅗㄱㄹㅕㄱ	pʰ o̞ ŋ ɲ j ʌ̹ k̚
ㅍㅗㅇㄷㅟ	pʰ o̞ ŋ d ɥ i
ㅍㅛㅈㅔㅇㅓ	pʰ j o d͡ʑ e̞ ʌ̹
ㅍㅛㅎㅕㄴㅎㅏㄷㅏ	pʰ j o ʝ j ʌ̹ n ɦ a̠ d a̠
ㅍㅜㄹㅡㄷㅏ	pʰ u ɾ ɯ d a̠
ㅍㅜㄹㅡㅅㅡㄹㅡㅁㅎㅏㄷㅏ	pʰ u ɾ ɯ sʰ ɯ ɾ ɯ m ɦ a̠ d a̠
ㅍㅜㅇㅅㅗㄱ	pʰ u ŋ sʰ o̞ k̚
ㅍㅡㄹㅗ	pʰ ɯ ɾ o̞
ㅍㅡㄹㄹㅓㄱㅡ	pʰ ɯ ɭ ɭ ʌ̹ ɡ ɯ
ㅍㅡㄹㄹㅣㅂㅍㅡㄹㄹㅗㅂ	pʰ ɯ ʎ ʎ i p̚ pʰ ɯ ɭ ɭ o̞ p̚
ㅍㅣㄹㄹㅣㅍㅣㄴ	pʰ i ʎ ʎ i pʰ i n
ㅍㅣㄹㅅㅜ	pʰ i ɭ sʰ u
ㅎㅏㅇㅑㅎㄷㅏ	h a̠ː j a̠ tʰ a̠
ㅎㅏㅇㅘ	h a̠ w a̠
ㅎㅏㅊㅓㄴ	h a̠ t͡ɕʰ ʌ̹ n
ㅎㅏㅍㅡㄹㄹㅗㄱㅡㄹㅜㅂ	h a̠ pʰ ɯ ɭ ɭ o̞ ɡ ɯ ɾ u p̚
ㅎㅏㄴㄱㅡㄹㄴㅏㄹ	h a̠ː n ɡ ɯ ɭ ɭ a̠ ɭ
ㅎㅏㄴㄲㅓㅂㅓㄴㅇㅔ	h a̠ n k͈ ʌ̹ b ʌ̹ n e̞
ㅎㅏㅁㄲㅔ	h a̠ m k͈ e̞
ㅎㅏㅁㄹㅑㅇ	h a̠ m ɲ j a̠ ŋ
ㅎㅏㅂㄱㅕㄱ	h a̠ p̚ k͈ j ʌ̹ k̚
ㅎㅏㅂㅂㅓㅂㅎㅘㄷㅚㄷㅏ	h a̠ p̚ p͈ ʌ̹ pʰ w a̠ d w e̞ d a̠
ㅎㅏㅂㅈㅜㅇㄱㅜㄱ	h a̠ p̚ t͡ɕ͈ u ŋ ɡ u k̚
ㅎㅐㅈㅔ	h ɛː d͡ʑ e̞
ㅎㅓㅂㅡㅌㅣ	h ʌ̹ b ɯ tʰ i
ㅎㅓㅅㅜㄹㅎㅏㄷㅏ	h ʌ̹ sʰ u ɾ ɦ a̠ d a̠
ㅎㅓㅅㄱㅓㄹㅇㅡㅁ	h ʌ̹ t̚ k͈ ʌ̹ ɾ ɯ m
ㅎㅔㄹㅗㅇㅣㄴ	h e̞ ɾ o̞ i n
ㅎㅔㅇㅓㅈㅣㄷㅏ	h e̞ ʌ̹ d͡ʑ i d a̠
ㅎㅔㅍㅏㅇㅣㅅㅡㅌㅗㅅㅡ	h e̞ pʰ a̠ i sʰ ɯ tʰ o̞ sʰ ɯ
ㅎㅔㅂㅌㅔㅇㅣㄴ	h e̞ p̚ tʰ e̞ i n
ㅎㅗㄹㅡㅁㅗㄴ	ɸʷ o̞ ɾ ɯ m o̞ n
ㅎㅗㅇㄷㅏㅇㅁㅜ	ɸʷ o̞ ŋ d a̠ ŋ m u
ㅎㅗㅇㅅㅜ	ɸʷ o̞ ŋ sʰ u
ㅎㅗㅇㅇㅓ	ɸʷ o̞ ŋ ʌ̹
ㅎㅗㅇㅊㅏ	ɸʷ o̞ ŋ t͡ɕʰ a̠
ㅎㅘㅁㅜㄹ	ɸ w a̠ː m u ɭ
ㅎㅘㅅㅏㄴㅎㅏㄱ	ɸ w a̠ː sʰ a̠ n ɦ a̠ k̚
ㅎㅘㅅㅏㄹㅍㅛ	ɸ w a̠ sʰ a̠ ɭ pʰ j o
ㅎㅘㅈㅏㅇㅈㅣ	ɸ w a̠ d͡ʑ a̠ ŋ d͡ʑ i
ㅎㅘㄴㄱㅘㄴ	ɸ w a̠ n ɡ w a̠ n
ㅎㅘㄹㄷㅗㅇㅈㅓㄱ	ɸ w a̠ ɭ t͈ o̞ ŋ d͡ʑ ʌ̹ k̚
ㅎㅘㄹㅂㅏㄹ	ɸ w a̠ ɭ b a̠ ɭ
ㅎㅘㄹㅅㅓㅇ	ɸ w a̠ ɭ s͈ ʌ̹ ŋ
ㅎㅘㅇㄹㅑㅇ	ɸ w a̠ ŋ ɲ j a̠ ŋ
ㅎㅘㅇㅈㅔ	ɸ w a̠ ŋ d͡ʑ e̞
ㅎㅚㅅㅏ	ɸ w e̞ː sʰ a̠
ㅎㅚㅈㅓㄴ	ɸ w e̞ d͡ʑ ʌ̹ n
ㅎㅜㄱㅕㄴㅇㅣㄴ	ɸʷ uː ɡ j ʌ̹ n i n
ㅎㅜㄴㅈㅏㅇ	ɸʷ u ɲ d͡ʑ a̠ ŋ
ㅎㅡㄹㅣㅅㅎㅏㄷㅏ	x ɯ ɾ i tʰ a̠ d a̠
ㅎㅡㅇㅂㅜㄴ	x ɯ ŋ b u n
ㅎㅡㅇㅎㅏㄷㅏ	x ɯ ŋ ɦ a̠ d a̠
