<|HYE|>աբորտ	ɑ b ɔ ɾ t
<|HYE|>աբրամ	ɑ b ɾ ɑ m
<|HYE|>ագնոստիկ	ɑ ɡ n ɔ s t i k
<|HYE|>ագուցել	ɑ ɡ u t͡sʰ ɛ l
<|HYE|>ադրբեջանցի	ɑ d ə ɾ b ɛ d͡ʒ ɑ n t͡sʰ i
<|HYE|>ազդվել	ɑ z d v ɛ l
<|HYE|>ալանի	ɑ l ɑ n i
<|HYE|>ալբոմ	ɑ l b ɔ m
<|HYE|>ալեմաներեն	ɑ l ɛ m ɑ n ɛ ɾ ɛ n
<|HYE|>ալյուր	ɑ l j u ɾ
<|HYE|>ալուցք	ɑ l u t͡sʰ kʰ
<|HYE|>ախտ	ɑ χ t
<|HYE|>ակադեմիա	ɑ k ɑ d ɛ m j ɑ
<|HYE|>ակնախնձոր	ɑ k n ɑ χ ə n d͡z ɔ ɾ
<|HYE|>ակնածալից	ɑ k n ɑ t͡s ɑ l i t͡sʰ
<|HYE|>ակնաղբյուր	ɑ k n ɑ χ p j u ɾ
<|HYE|>ակնթարթ	ɑ k ə n tʰ ɑ ɾ tʰ
<|HYE|>ահ	ɑ h
<|HYE|>աղբ	ɑ χ p
<|HYE|>աղեղ	ɑ ʁ ɛ ʁ
<|HYE|>աղիողորմ	ɑ ʁ i ɔ ʁ ɔ ɾ m
<|HYE|>աղունիկ	ɑ ʁ u n i k
<|HYE|>աղջամուղջ	ɑ ʁ d͡ʒ ɑ m u ʁ d͡ʒ
<|HYE|>ամենալավ	ɑ m ɛ n ɑ l ɑ v
<|HYE|>ամերիկացի	ɑ m ɛ ɾ i k ɑ t͡sʰ i
<|HYE|>ամնիստիա	ɑ m n i s t j ɑ
<|HYE|>այծենի	ɑ j t͡s ɛ n i
<|HYE|>այնուհետեւ	ɑ j n u h ɛ t ɛ v
<|HYE|>այնտեղ	ɑ j n t ɛ ʁ
<|HYE|>անալի	ɑ n ɑ l i
<|HYE|>անակ	ɑ n ɑ k
<|HYE|>անատոլիա	ɑ n ɑ t ɔ l j ɑ
<|HYE|>անատոլիական	ɑ n ɑ t ɔ l j ɑ k ɑ n
<|HYE|>անարատ	ɑ n ɑ ɾ ɑ t
<|HYE|>անգնահատելի	ɑ ŋ ɡ ə n ɑ h ɑ t ɛ l i
<|HYE|>անդեր	ɑ n d ɛ ɾ
<|HYE|>անդրկովկասյան	ɑ n d ə ɾ k ɔ f k ɑ s j ɑ n
<|HYE|>աներձագ	ɑ n ɛ ɾ d͡z ɑ kʰ
<|HYE|>անիրավ	ɑ n i ɾ ɑ v
<|HYE|>անկարելի	ɑ ŋ k ɑ ɾ ɛ l i
<|HYE|>անհամեստություն	ɑ n h ɑ m ɛ s t u tʰ j u n
<|HYE|>անհավանական	ɑ n h ɑ v ɑ n ɑ k ɑ n
<|HYE|>անհեթեթություն	ɑ n h ɛ tʰ ɛ tʰ u tʰ j u n
<|HYE|>անմահություն	ɑ n m ɑ h u tʰ j u n
<|HYE|>անսպառ	ɑ n s p ɑ r
<|HYE|>անտոնի	ɑ n t ɔ n i
<|HYE|>աշխեն	ɑ ʃ χ ɛ n
<|HYE|>ապահովել	ɑ p ɑ h ɔ v ɛ l
<|HYE|>ապուշ	ɑ p u ʃ
<|HYE|>ապստամբել	ɑ p ə s t ɑ m b ɛ l
<|HYE|>ապօրինի	ɑ p ɔ ɾ i n i
<|HYE|>առանձին	ɑ r ɑ n d͡z i n
<|HYE|>առաջադիմական	ɑ r ɑ t͡ʃʰ ɑ d i m ɑ k ɑ n
<|HYE|>առաջացում	ɑ r ɑ t͡ʃʰ ɑ t͡sʰ u m
<|HYE|>առաջնորդել	ɑ r ɑ t͡ʃʰ n ɔ ɾ tʰ ɛ l
<|HYE|>առավելագույն	ɑ r ɑ v ɛ l ɑ ɡ u j n
<|HYE|>առաքելյան	ɑ r ɑ kʰ ɛ l j ɑ n
<|HYE|>առերես	ɑ r ɛ ɾ ɛ s
<|HYE|>առեւանգում	ɑ r ɛ v ɑ ŋ ɡ u m
<|HYE|>առկայծում	ɑ r k ɑ j t͡s u m
<|HYE|>առհավատչյա	ɑ r h ɑ v ɑ t t͡ʃʰ j ɑ
<|HYE|>առողջարան	ɑ r ɔ χ t͡ʃʰ ɑ ɾ ɑ n
<|HYE|>ասացվածք	ɑ s ɑ t͡sʰ v ɑ t͡s kʰ
<|HYE|>ասել	ɑ s ɛ l
<|HYE|>ասեղ	ɑ s ɛ ʁ
<|HYE|>ասկետիզմ	ɑ s k ɛ t i z m
<|HYE|>ասոցացնել	ɑ s ɔ t͡sʰ ɑ t͡sʰ n ɛ l
<|HYE|>աստվածաբանական	ɑ s t v ɑ t͡s ɑ b ɑ n ɑ k ɑ n
<|HYE|>աստվածաշունչ	ɑ s t v ɑ t͡s ɑ ʃ u n t͡ʃʰ
<|HYE|>ասք	ɑ s kʰ
<|HYE|>ավան	ɑ v ɑ n
<|HYE|>ավանդական	ɑ v ɑ n d ɑ k ɑ n
<|HYE|>ավարտել	ɑ v ɑ ɾ t ɛ l
<|HYE|>ավել	ɑ v ɛ l
<|HYE|>ատամնային	ɑ t ɑ m n ɑ j i n
<|HYE|>արագիլ	ɑ ɾ ɑ ɡ i l
<|HYE|>արգելել	ɑ ɾ kʰ ɛ l ɛ l
<|HYE|>արգիշտի	ɑ ɾ ɡ i ʃ t i
<|HYE|>արդարադատություն	ɑ ɾ tʰ ɑ ɾ ɑ d ɑ t u tʰ j u n
<|HYE|>արդյունաբերություն	ɑ ɾ tʰ j u n ɑ b ɛ ɾ u tʰ j u n
<|HYE|>արիստակես	ɑ ɾ i s t ɑ k ɛ s
<|HYE|>արծրուն	ɑ ɾ t͡s ɾ u n
<|HYE|>արկղ	ɑ ɾ k ə ʁ
<|HYE|>արձագանք	ɑ ɾ d͡z ɑ ɡ ɑ ŋ kʰ
<|HYE|>արմավ	ɑ ɾ m ɑ v
<|HYE|>արշիպելագ	ɑ ɾ ʃ i p ɛ l ɑ ɡ
<|HYE|>արու	ɑ ɾ u
<|HYE|>արույր	ɑ ɾ u j ɾ
<|HYE|>արսեն	ɑ ɾ s ɛ n
<|HYE|>արվեստագետ	ɑ ɾ v ɛ s t ɑ ɡ ɛ t
<|HYE|>արտահանում	ɑ ɾ t ɑ h ɑ n u m
<|HYE|>արտորայք	ɑ ɾ t ɔ ɾ ɑ j kʰ
<|HYE|>արցախ	ɑ ɾ t͡sʰ ɑ χ
<|HYE|>ափ	ɑ pʰ
<|HYE|>ափի	ɑ pʰ i
<|HYE|>աքսորել	ɑ kʰ s ɔ ɾ ɛ l
<|HYE|>բաբայան	b ɑ b ɑ j ɑ n
<|HYE|>բազմամարդ	b ɑ z m ɑ m ɑ ɾ tʰ
<|HYE|>բազմանալ	b ɑ z m ɑ n ɑ l
<|HYE|>բաժակ	b ɑ ʒ ɑ k
<|HYE|>բալ	b ɑ l
<|HYE|>բալալայկա	b ɑ l ɑ l ɑ j k ɑ
<|HYE|>բախում	b ɑ χ u m
<|HYE|>բահ	b ɑ h
<|HYE|>բաղադրիչ	b ɑ ʁ ɑ d ɾ i t͡ʃʰ
<|HYE|>բամբասանք	b ɑ m b ɑ s ɑ ŋ kʰ
<|HYE|>բայդեն	b ɑ j d ɛ n
<|HYE|>բանաստեղծուհի	b ɑ n ɑ s t ɛ χ t͡s u h i
<|HYE|>բանջար	b ɑ n d͡ʒ ɑ ɾ
<|HYE|>բարբառային	b ɑ ɾ b ɑ r ɑ j i n
<|HYE|>բարեկամություն	b ɑ ɾ ɛ k ɑ m u tʰ j u n
<|HYE|>բարձր	b ɑ ɾ t͡sʰ ə ɾ
<|HYE|>բարձրացնել	b ɑ ɾ t͡sʰ ɾ ɑ t͡sʰ n ɛ l
<|HYE|>բարձրություն	b ɑ ɾ t͡sʰ ɾ u tʰ j u n
<|HYE|>բարսեղ	b ɑ ɾ s ɛ ʁ
<|HYE|>բացորոշակի	b ɑ t͡sʰ ɔ ɾ ɔ ʃ ɑ k i
<|HYE|>բացում	b ɑ t͡sʰ u m
<|HYE|>բեթղեհեմ	b ɛ tʰ χ ɛ h ɛ m
<|HYE|>բելիսարիոս	b ɛ l i s ɑ ɾ i ɔ s
<|HYE|>բեռն	b ɛ r n
<|HYE|>բերման	b ɛ ɾ m ɑ n
<|HYE|>բիզնեսմեն	b i z n ɛ s m ɛ n
<|HYE|>բիլակ	b i l ɑ k
<|HYE|>բիֆշտեքս	b i f ʃ t ɛ kʰ s
<|HYE|>բնորոշ	b ə n ɔ ɾ ɔ ʃ
<|HYE|>բողոքարկում	b ɔ ʁ ɔ kʰ ɑ ɾ k u m
<|HYE|>բոյաջյան	b ɔ j ɑ d͡ʒ j ɑ n
<|HYE|>բու	b u
<|HYE|>բութ	b u tʰ
<|HYE|>բույլ	b u j l
<|HYE|>բուսակերություն	b u s ɑ k ɛ ɾ u tʰ j u n
<|HYE|>բռնազավթում	b ə r n ɑ z ɑ f tʰ u m
<|HYE|>բռնություն	b ə r n u tʰ j u n
<|HYE|>բրյուսել	b ɾ j u s ɛ l
<|HYE|>բրոնզ	b ə ɾ ɔ n z
<|HYE|>գազանանոց	ɡ ɑ z ɑ n ɑ n ɔ t͡sʰ
<|HYE|>գաղափար	ɡ ɑ ʁ ɑ pʰ ɑ ɾ
<|HYE|>գամիրք	ɡ ɑ m i ɾ kʰ
<|HYE|>գաջ	ɡ ɑ d͡ʒ
<|HYE|>գավիթ	ɡ ɑ v i tʰ
<|HYE|>գավոտ	ɡ ɑ v ɔ t
<|HYE|>գարնանային	ɡ ɑ ɾ n ɑ n ɑ j i n
<|HYE|>գարշել	ɡ ɑ ɾ ʃ ɛ l
<|HYE|>գեղամ	ɡ ɛ ʁ ɑ m
<|HYE|>գեղանի	ɡ ɛ ʁ ɑ n i
<|HYE|>գեղոն	ɡ ɛ ʁ ɔ n
<|HYE|>գեներալ	ɡ ɛ n ɛ ɾ ɑ l
<|HYE|>գերազանցություն	ɡ ɛ ɾ ɑ z ɑ n t͡sʰ u tʰ j u n
<|HYE|>գերմաներեն	ɡ ɛ ɾ m ɑ n ɛ ɾ ɛ n
<|HYE|>գթություն	ɡ ə tʰ u tʰ j u n
<|HYE|>գինդ	ɡ i n d
<|HYE|>գիշերօթիկ	ɡ i ʃ ɛ ɾ ɔ tʰ i k
<|HYE|>գիտակից	ɡ i t ɑ k i t͡sʰ
<|HYE|>գիտենալ	ɡ i t ɛ n ɑ l
<|HYE|>գիր	ɡ i ɾ
<|HYE|>գողունի	ɡ ɔ ʁ u n i
<|HYE|>գոմաղբ	ɡ ɔ m ɑ χ p
<|HYE|>գոռալ	ɡ ɔ r ɑ l
<|HYE|>գոռոզություն	ɡ ɔ r ɔ z u tʰ j u n
<|HYE|>գորիս	ɡ ɔ ɾ i s
<|HYE|>գործելաոճ	ɡ ɔ ɾ t͡s ɛ l ɑ v ɔ t͡ʃ
<|HYE|>գործիչ	ɡ ɔ ɾ t͡s i t͡ʃʰ
<|HYE|>գունդ	ɡ u n d
<|HYE|>գտածո	ɡ ə t ɑ t͡s ɔ
<|HYE|>գրական	ɡ ə ɾ ɑ k ɑ n
<|HYE|>գրանցում	ɡ ə ɾ ɑ n t͡sʰ u m
<|HYE|>գրատախտակ	ɡ ə ɾ ɑ t ɑ χ t ɑ k
<|HYE|>գրգռված	ɡ ə ɾ ɡ ə r v ɑ t͡s
<|HYE|>գրիչ	ɡ ə ɾ i t͡ʃʰ
<|HYE|>գրիպ	ɡ ə ɾ i p
<|HYE|>դադար	d ɑ tʰ ɑ ɾ
<|HYE|>դահլիճ	d ɑ h l i t͡ʃ
<|HYE|>դաշնակցական	d ɑ ʃ n ɑ k t͡sʰ ɑ k ɑ n
<|HYE|>դատարկաձեռն	d ɑ t ɑ ɾ k ɑ d͡z ɛ r ə n
<|HYE|>դատարկել	d ɑ t ɑ ɾ k ɛ l
<|HYE|>դեղին	d ɛ ʁ i n
<|HYE|>դեպի	d ɛ p i
<|HYE|>դիմորդ	d i m ɔ ɾ tʰ
<|HYE|>դիպլոմ	d i p l ɔ m
<|HYE|>դիպուկ	d i p u k
<|HYE|>դիսերտացիա	d i s ɛ ɾ t ɑ t͡sʰ j ɑ
<|HYE|>դիսկոտեկ	d i s k ɔ t ɛ k
<|HYE|>դիվանագետ	d i v ɑ n ɑ ɡ ɛ t
<|HYE|>դհոլ	d ə h ɔ l
<|HYE|>դոլար	d ɔ l ɑ ɾ
<|HYE|>դոհա	d ɔ h ɑ
<|HYE|>դուխ	d u χ
<|HYE|>դուշանբե	d u ʃ ɑ n b ɛ
<|HYE|>դրություն	d ə ɾ u tʰ j u n
<|HYE|>եահկ	j ɛ ɑ h ə k ə
<|HYE|>ելակ	j ɛ l ɑ k
<|HYE|>ելիզավետա	j ɛ l i z ɑ v ɛ t ɑ
<|HYE|>եկբատան	j ɛ k b ɑ t ɑ n
<|HYE|>եղիշե	j ɛ ʁ i ʃ ɛ
<|HYE|>են	ɛ n
<|HYE|>ենթադրյալ	j ɛ n tʰ ɑ d ə ɾ j ɑ l
<|HYE|>ենթակայան	j ɛ n tʰ ɑ k ɑ j ɑ n
<|HYE|>ենիսեյ	j ɛ n i s ɛ j
<|HYE|>եռալ	j ɛ r ɑ l
<|HYE|>եռանդագին	j ɛ r ɑ n d ɑ ɡ i n
<|HYE|>եռացում	j ɛ r ɑ t͡sʰ u m
<|HYE|>եվրահանձնաժողով	j ɛ v ɾ ɑ h ɑ n d͡z n ɑ ʒ ɔ ʁ ɔ v
<|HYE|>երանի	j ɛ ɾ ɑ n i
<|HYE|>երբեմնի	j ɛ ɾ pʰ ɛ m n i
<|HYE|>երգ	j ɛ ɾ kʰ
<|HYE|>երգահան	j ɛ ɾ kʰ ɑ h ɑ n
<|HYE|>երգեցիկ	j ɛ ɾ kʰ ɛ t͡sʰ i k
<|HYE|>երգի	j ɛ ɾ kʰ i
<|HYE|>երդվյալ	j ɛ ɾ tʰ v j ɑ l
<|HYE|>երեւակայել	j ɛ ɾ ɛ v ɑ k ɑ j ɛ l
<|HYE|>երեւան	j ɛ ɾ ɛ v ɑ n
<|HYE|>երիվար	j ɛ ɾ i v ɑ ɾ
<|HYE|>երկաթուղային	j ɛ ɾ k ɑ tʰ u ʁ ɑ j i n
<|HYE|>երկնագույն	j ɛ ɾ k n ɑ ɡ u j n
<|HYE|>երկչոտ	j ɛ ɾ k t͡ʃʰ ɔ t
<|HYE|>զանազան	z ɑ n ɑ z ɑ n
<|HYE|>զավակ	z ɑ v ɑ k
<|HYE|>զավտրիկ	z ɑ f t ɾ i k
<|HYE|>զաքարյան	z ɑ kʰ ɑ ɾ j ɑ n
<|HYE|>զեռուն	z ɛ r u n
<|HYE|>զիբիլանոց	z i b i l ɑ n ɔ t͡sʰ
<|HYE|>զինվել	z i n v ɛ l
<|HYE|>զինվոր	z i n v ɔ ɾ
<|HYE|>զոդել	z ɔ d ɛ l
<|HYE|>զոհ	z ɔ h
<|HYE|>զոռով	z ɔ r ɔ v
<|HYE|>զվարճանալ	z ə v ɑ ɾ t͡ʃ ɑ n ɑ l
<|HYE|>էթիկա	ɛ tʰ i k ɑ
<|HYE|>էլեկտրոլիզ	ɛ l ɛ k t ɾ ɔ l i z
<|HYE|>էրե	ɛ ɾ ɛ
<|HYE|>էրիկ	ɛ ɾ i k
<|HYE|>ընդերք	ə n d ɛ ɾ kʰ
<|HYE|>ընդհանրական	ə n tʰ h ɑ n ɾ ɑ k ɑ n
<|HYE|>ընդունակություն	ə n tʰ u n ɑ k u tʰ j u n
<|HYE|>ընդունված	ə n tʰ u n v ɑ t͡s
<|HYE|>ընկերուհի	ə ŋ k ɛ ɾ u h i
<|HYE|>ընկճվել	ə ŋ k ə t͡ʃ v ɛ l
<|HYE|>ընկնել	ə ŋ k n ɛ l
<|HYE|>ընտրություն	ə n t ɾ u tʰ j u n
<|HYE|>ընտրվել	ə n t ə ɾ v ɛ l
<|HYE|>թագ	tʰ ɑ ɡ
<|HYE|>թաղ	tʰ ɑ ʁ
<|HYE|>թառել	tʰ ɑ r ɛ l
<|HYE|>թարգման	tʰ ɑ ɾ kʰ m ɑ n
<|HYE|>թարմ	tʰ ɑ ɾ m
<|HYE|>թեկնածու	tʰ ɛ k n ɑ t͡s u
<|HYE|>թեհրան	tʰ ɛ h ɾ ɑ n
<|HYE|>թեղի	tʰ ɛ ʁ i
<|HYE|>թեյնիկ	tʰ ɛ j n i k
<|HYE|>թենիս	tʰ ɛ n i s
<|HYE|>թերթոն	tʰ ɛ ɾ tʰ ɔ n
<|HYE|>թեքել	tʰ ɛ kʰ ɛ l
<|HYE|>թթի	tʰ ə tʰ i
<|HYE|>թթխմոր	tʰ ə tʰ χ ə m ɔ ɾ
<|HYE|>թխկի	tʰ ə χ k i
<|HYE|>թորգոմ	tʰ ɔ ɾ ɡ ɔ m
<|HYE|>թորիծ	tʰ ɔ ɾ i t͡s
<|HYE|>թորոս	tʰ ɔ ɾ ɔ s
<|HYE|>թուխ	tʰ u χ
<|HYE|>թուրք	tʰ u ɾ kʰ
<|HYE|>թոք	tʰ ɔ kʰ
<|HYE|>թվարկել	tʰ ə v ɑ ɾ k ɛ l
<|HYE|>թրեւ	tʰ ə ɾ ɛ v
<|HYE|>թրթնջուկ	tʰ ə ɾ tʰ ə n d͡ʒ u k
<|HYE|>ժապավեն	ʒ ɑ p ɑ v ɛ n
<|HYE|>ժառանգ	ʒ ɑ r ɑ ŋ ɡ
<|HYE|>ժխտական	ʒ ə χ t ɑ k ɑ n
<|HYE|>ինձանով	i n d͡z ɑ n ɔ v
<|HYE|>ինքնաթափ	i ŋ kʰ n ɑ tʰ ɑ pʰ
<|HYE|>ինքնաշարժ	i ŋ kʰ n ɑ ʃ ɑ ɾ ʒ
<|HYE|>իրողություն	i ɾ ɔ ʁ u tʰ j u n
<|HYE|>լավա	l ɑ v ɑ
<|HYE|>լեհաստան	l ɛ h ɑ s t ɑ n
<|HYE|>լեռնային	l ɛ r n ɑ j i n
<|HYE|>լի	l i
<|HYE|>լիմուզին	l i m u z i n
<|HYE|>լիտր	l i t ə ɾ
<|HYE|>լիքը	l i kʰ ə
<|HYE|>լոգանք	l ɔ ɡ ɑ ŋ kʰ
<|HYE|>լոգարան	l ɔ ɡ ɑ ɾ ɑ n
<|HYE|>լոթարինգացի	l ɔ tʰ ɑ ɾ i ŋ ɡ ɑ t͡sʰ i
<|HYE|>լուռ	l u r
<|HYE|>լուսամուտ	l u s ɑ m u t
<|HYE|>լուսան	l u s ɑ n
<|HYE|>լուսավոր	l u s ɑ v ɔ ɾ
<|HYE|>լուսինե	l u s i n ɛ
<|HYE|>լռություն	l ə r u tʰ j u n
<|HYE|>լրագրող	l ə ɾ ɑ ɡ ə ɾ ɔ ʁ
<|HYE|>խաթաբալա	χ ɑ tʰ ɑ b ɑ l ɑ
<|HYE|>խածանել	χ ɑ t͡s ɑ n ɛ l
<|HYE|>խանդել	χ ɑ n d ɛ l
<|HYE|>խարիսխ	χ ɑ ɾ i s χ
<|HYE|>խարտոց	χ ɑ ɾ t ɔ t͡sʰ
<|HYE|>խեթել	χ ɛ tʰ ɛ l
<|HYE|>խզել	χ ə z ɛ l
<|HYE|>խլություն	χ ə l u tʰ j u n
<|HYE|>խոթել	χ ɔ tʰ ɛ l
<|HYE|>խոհանոց	χ ɔ h ɑ n ɔ t͡sʰ
<|HYE|>խոշորացույց	χ ɔ ʃ ɔ ɾ ɑ t͡sʰ u j t͡sʰ
<|HYE|>խոսք	χ ɔ s kʰ
<|HYE|>խորենացի	χ ɔ ɾ ɛ n ɑ t͡sʰ i
<|HYE|>խորհրդական	χ ɔ ɾ ə ɾ tʰ ɑ k ɑ n
<|HYE|>խորհրդատու	χ ɔ ɾ ə ɾ tʰ ɑ t u
<|HYE|>խորշ	χ ɔ ɾ ʃ
<|HYE|>խորվաթ	χ ɔ ɾ v ɑ tʰ
<|HYE|>խունտա	χ u n t ɑ
<|HYE|>խուփ	χ u pʰ
<|HYE|>խրամ	χ ə ɾ ɑ m
<|HYE|>ծագում	t͡s ɑ kʰ u m
<|HYE|>ծախ	t͡s ɑ χ
<|HYE|>ծախված	t͡s ɑ χ v ɑ t͡s
<|HYE|>ծայրաքաղաք	t͡s ɑ j ɾ ɑ kʰ ɑ ʁ ɑ kʰ
<|HYE|>ծանրաձող	t͡s ɑ n ɾ ɑ d͡z ɔ ʁ
<|HYE|>ծառայող	t͡s ɑ r ɑ j ɔ ʁ
<|HYE|>ծեծել	t͡s ɛ t͡s ɛ l
<|HYE|>ծես	t͡s ɛ s
<|HYE|>ծիտ	t͡s i t
<|HYE|>ծոռ	t͡s ɔ r
<|HYE|>ծով	t͡s ɔ v
<|HYE|>ծուղակ	t͡s u ʁ ɑ k
<|HYE|>ծրագրել	t͡s ə ɾ ɑ ɡ ɾ ɛ l
<|HYE|>կադմիում	k ɑ d m i j u m
<|HYE|>կազակ	k ɑ z ɑ k
<|HYE|>կաթնով	k ɑ tʰ n ɔ v
<|HYE|>կակաչ	k ɑ k ɑ t͡ʃʰ
<|HYE|>կաղկանձ	k ɑ χ k ɑ n d͡z
<|HYE|>կամակոր	k ɑ m ɑ k ɔ ɾ
<|HYE|>կամավոր	k ɑ m ɑ v ɔ ɾ
<|HYE|>կամաց	k ɑ m ɑ t͡sʰ
<|HYE|>կամերուն	k ɑ m ɛ ɾ u n
<|HYE|>կամուրջ	k ɑ m u ɾ d͡ʒ
<|HYE|>կայանալ	k ɑ j ɑ n ɑ l
<|HYE|>կայծառ	k ɑ j t͡s ɑ r
<|HYE|>կանադական	k ɑ n ɑ d ɑ k ɑ n
<|HYE|>կանոնավոր	k ɑ n ɔ n ɑ v ɔ ɾ
<|HYE|>կաշկանդ	k ɑ ʃ k ɑ n d
<|HYE|>կապարճ	k ɑ p ɑ ɾ t͡ʃ
<|HYE|>կապուտակ	k ɑ p u t ɑ k
<|HYE|>կապտուկ	k ɑ p t u k
<|HYE|>կառավարում	k ɑ r ɑ v ɑ ɾ u m
<|HYE|>կառուցում	k ɑ r u t͡sʰ u m
<|HYE|>կասկարա	k ɑ s k ɑ ɾ ɑ
<|HYE|>կավիճ	k ɑ v i t͡ʃ
<|HYE|>կատաստրոֆա	k ɑ t ɑ s t ɾ ɔ f ɑ
<|HYE|>կատմանդու	k ɑ t m ɑ n d u
<|HYE|>կարայան	k ɑ ɾ ɑ j ɑ n
<|HYE|>կարգ	k ɑ ɾ kʰ
<|HYE|>կարելիա	k ɑ ɾ ɛ l j ɑ
<|HYE|>կարեկցաշարժ	k ɑ ɾ ɛ k t͡sʰ ɑ ʃ ɑ ɾ ʒ
<|HYE|>կարեկցում	k ɑ ɾ ɛ k t͡sʰ u m
<|HYE|>կարծր	k ɑ ɾ t͡s ə ɾ
<|HYE|>կարճառոտաբար	k ɑ ɾ t͡ʃ ɑ r ɔ t ɑ b ɑ ɾ
<|HYE|>կարմրուկ	k ɑ ɾ m ɾ u k
<|HYE|>կաֆե	k ɑ f ɛ
<|HYE|>կելտական	k ɛ l t ɑ k ɑ n
<|HYE|>կետադրություն	k ɛ t ɑ d ɾ u tʰ j u n
<|HYE|>կերակուր	k ɛ ɾ ɑ k u ɾ
<|HYE|>կթել	k ə tʰ ɛ l
<|HYE|>կիզել	k i z ɛ l
<|HYE|>կինո	k i n ɔ
<|HYE|>կիպրոս	k i p ɾ ɔ s
<|HYE|>կիսաֆաբրիկատ	k i s ɑ f ɑ b ɾ i k ɑ t
<|HYE|>կիտել	k i t ɛ l
<|HYE|>կիրով	k i ɾ ɔ v
<|HYE|>կյուրոս	k j u ɾ ɔ s
<|HYE|>կնճիռ	k ə n t͡ʃ i r
<|HYE|>կոկորդ	k ɔ k ɔ ɾ tʰ
<|HYE|>կոկտեյլ	k ɔ k t ɛ j l
<|HYE|>կոմունիզմ	k ɔ m u n i z m
<|HYE|>կոմպոնենտ	k ɔ m p ɔ n ɛ n t
<|HYE|>կոնսոլիդացիա	k ɔ n s ɔ l i d ɑ t͡sʰ j ɑ
<|HYE|>կոնստրուկտիվ	k ɔ n s t ɾ u k t i v
<|HYE|>կոշիկ	k ɔ ʃ i k
<|HYE|>կովլակ	k ɔ v l ɑ k
<|HYE|>կոտրել	k ɔ t ɾ ɛ l
<|HYE|>կորեա	k ɔ ɾ ɛ ɑ
<|HYE|>կործել	k ɔ ɾ t͡s ɛ l
<|HYE|>կորցնել	k ɔ ɾ t͡sʰ n ɛ l
<|HYE|>կուլտուրա	k u l t u ɾ ɑ
<|HYE|>կուխնի	k u χ n i
<|HYE|>կույր	k u j ɾ
<|HYE|>կռնակ	k ə r n ɑ k
<|HYE|>կտոր	k ə t ɔ ɾ
<|HYE|>կտրական	k ə t ɾ ɑ k ɑ n
<|HYE|>կրել	k ə ɾ ɛ l
<|HYE|>կրիկետ	k ɾ i k ɛ t
<|HYE|>կրծող	k ə ɾ t͡s ɔ ʁ
<|HYE|>կրճատում	k ə ɾ t͡ʃ ɑ t u m
<|HYE|>հագել	h ɑ ɡ ɛ l
<|HYE|>հազարամյակ	h ɑ z ɑ ɾ ɑ m j ɑ k
<|HYE|>հաղթական	h ɑ χ tʰ ɑ k ɑ n
<|HYE|>հաղթանակ	h ɑ χ tʰ ɑ n ɑ k
<|HYE|>հաճել	h ɑ t͡ʃ ɛ l
<|HYE|>համակարգչային	h ɑ m ɑ k ɑ ɾ kʰ t͡ʃʰ ɑ j i n
<|HYE|>համամարդկային	h ɑ m ɑ m ɑ ɾ tʰ k ɑ j i n
<|HYE|>համաշխարհային	h ɑ m ɑ ʃ χ ɑ ɾ ɑ j i n
<|HYE|>համապատասխան	h ɑ m ɑ p ɑ t ɑ s χ ɑ n
<|HYE|>համատարած	h ɑ m ɑ t ɑ ɾ ɑ t͡s
<|HYE|>համաքաղաքացի	h ɑ m ɑ kʰ ɑ ʁ ɑ kʰ ɑ t͡sʰ i
<|HYE|>համբալ	h ɑ m b ɑ l
<|HYE|>համբուրգ	h ɑ m b u ɾ ɡ
<|HYE|>համեստաբար	h ɑ m ɛ s t ɑ b ɑ ɾ
<|HYE|>համերաշխ	h ɑ m ɛ ɾ ɑ ʃ χ
<|HYE|>համերգասրահ	h ɑ m ɛ ɾ ɡ ɑ s ə ɾ ɑ h
<|HYE|>համոզմունք	h ɑ m ɔ z m u ŋ kʰ
<|HYE|>հայեցակարգ	h ɑ j ɛ t͡sʰ ɑ k ɑ ɾ kʰ
<|HYE|>հայկյան	h ɑ j k j ɑ n
<|HYE|>հայտարարություն	h ɑ j t ɑ ɾ ɑ ɾ u tʰ j u n
<|HYE|>հանգստանալ	h ɑ ŋ ɡ ə s t ɑ n ɑ l
<|HYE|>հանդ	h ɑ n d
<|HYE|>հանդիպել	h ɑ n d i p ɛ l
<|HYE|>հանձինս	h ɑ n d͡z i n ə s
<|HYE|>հաշմանդամություն	h ɑ ʃ m ɑ n d ɑ m u tʰ j u n
<|HYE|>հապավում	h ɑ p ɑ v u m
<|HYE|>հասարակություն	h ɑ s ɑ ɾ ɑ k u tʰ j u n
<|HYE|>հասու	h ɑ s u
<|HYE|>հավատարմագրել	h ɑ v ɑ t ɑ ɾ m ɑ ɡ ɾ ɛ l
<|HYE|>հավաքածու	h ɑ v ɑ kʰ ɑ t͡s u
<|HYE|>հարկահավաք	h ɑ ɾ k ɑ h ɑ v ɑ kʰ
<|HYE|>հարուստ	h ɑ ɾ u s t
<|HYE|>հարցազրույց	h ɑ ɾ t͡sʰ ɑ z ɾ u j t͡sʰ
<|HYE|>հարցում	h ɑ ɾ t͡sʰ u m
<|HYE|>հացահատիկ	h ɑ t͡sʰ ɑ h ɑ t i k
<|HYE|>հացի	h ɑ t͡sʰ i
<|HYE|>հեթում	h ɛ tʰ u m
<|HYE|>հեշտոցային	h ɛ ʃ t ɔ t͡sʰ ɑ j i n
<|HYE|>հետեւ	h ɛ t ɛ v
<|HYE|>հետմահու	h ɛ t m ɑ h u
<|HYE|>հետք	h ɛ t kʰ
<|HYE|>հիման	h i m ɑ n
<|HYE|>հյուրերին	h j u ɾ ɛ ɾ i n
<|HYE|>հնագետ	h ə n ɑ ɡ ɛ t
<|HYE|>հնազանդվել	h ə n ɑ z ɑ n d v ɛ l
<|HYE|>հոգ	h ɔ kʰ
<|HYE|>հոգս	h ɔ kʰ s
<|HYE|>հոն	h ɔ n
<|HYE|>հով	h ɔ v
<|HYE|>հորթ	h ɔ ɾ tʰ
<|HYE|>հուդզոն	h u d z ɔ n
<|HYE|>հույզ	h u j z
<|HYE|>հուսալքված	h u s ɑ l ə kʰ v ɑ t͡s
<|HYE|>հուսահատ	h u s ɑ h ɑ t
<|HYE|>հրապարակավ	h ɾ ɑ p ɑ ɾ ɑ k ɑ v
<|HYE|>հրել	h ə ɾ ɛ l
<|HYE|>հրեշտակ	h ə ɾ ɛ ʃ t ɑ k
<|HYE|>հրճվել	h ə ɾ t͡ʃ v ɛ l
<|HYE|>հրուշակագործ	h ə ɾ u ʃ ɑ k ɑ ɡ ɔ ɾ t͡s
<|HYE|>ձախլիկ	d͡z ɑ χ l i k
<|HYE|>ձաղկել	d͡z ɑ χ k ɛ l
<|HYE|>ձայն	d͡z ɑ j n
<|HYE|>ձիրք	d͡z i ɾ kʰ
<|HYE|>ղարավաշ	ʁ ɑ ɾ ɑ v ɑ ʃ
<|HYE|>ղարս	ʁ ɑ ɾ s
<|HYE|>ճախրել	t͡ʃ ɑ χ ɾ ɛ l
<|HYE|>ճահիճ	t͡ʃ ɑ h i t͡ʃ
<|HYE|>ճայ	t͡ʃ ɑ j
<|HYE|>ճանապարհորդել	t͡ʃ ɑ n ɑ p ɑ ɾ ɔ ɾ tʰ ɛ l
<|HYE|>ճանդան	t͡ʃ ɑ n d ɑ n
<|HYE|>ճանճ	t͡ʃ ɑ n t͡ʃ
<|HYE|>ճարահատ	t͡ʃ ɑ ɾ ɑ h ɑ t
<|HYE|>ճիզվիտ	t͡ʃ i z v i t
<|HYE|>ճյուղ	t͡ʃ j u ʁ
<|HYE|>մա	m ɑ
<|HYE|>մազ	m ɑ z
<|HYE|>մաթեմատիկա	m ɑ tʰ ɛ m ɑ t i k ɑ
<|HYE|>մահակ	m ɑ h ɑ k
<|HYE|>մահիճ	m ɑ h i t͡ʃ
<|HYE|>մամլյուք	m ɑ m l j u kʰ
<|HYE|>մամուլի	m ɑ m u l i
<|HYE|>մայիս	m ɑ j i s
<|HYE|>մայիսյան	m ɑ j i s j ɑ n
<|HYE|>մայրասպան	m ɑ j ɾ ɑ s p ɑ n
<|HYE|>մայրի	m ɑ j ɾ i
<|HYE|>մայրուղի	m ɑ j ɾ u ʁ i
<|HYE|>մանագուա	m ɑ n ɑ ɡ u ɑ
<|HYE|>մանթապուր	m ɑ n tʰ ɑ p u ɾ
<|HYE|>մանկասար	m ɑ ŋ k ɑ s ɑ ɾ
<|HYE|>մանր	m ɑ n ə ɾ
<|HYE|>մաշիկ	m ɑ ʃ i k
<|HYE|>մարգարեություն	m ɑ ɾ kʰ ɑ ɾ ɛ j u tʰ j u n
<|HYE|>մարդահամար	m ɑ ɾ tʰ ɑ h ɑ m ɑ ɾ
<|HYE|>մարզ	m ɑ ɾ z
<|HYE|>մարտին	m ɑ ɾ t i n
<|HYE|>մաքառում	m ɑ kʰ ɑ r u m
<|HYE|>մաքուր	m ɑ kʰ u ɾ
<|HYE|>մաքսատուրք	m ɑ kʰ s ɑ t u ɾ kʰ
<|HYE|>մելիտենե	m ɛ l i t ɛ n ɛ
<|HYE|>մեծարգո	m ɛ t͡s ɑ ɾ ɡ ɔ
<|HYE|>մեղմ	m ɛ ʁ m
<|HYE|>մեջ	m ɛ t͡ʃʰ
<|HYE|>մեռնել	m ɛ r n ɛ l
<|HYE|>մերկանալ	m ɛ ɾ k ɑ n ɑ l
<|HYE|>մերսի	m ɛ ɾ s i
<|HYE|>մեքսիկա	m ɛ kʰ s i k ɑ
<|HYE|>մեքքա	m ɛ kʰː ɑ
<|HYE|>մը	m ə
<|HYE|>մթոմ	m ə tʰ ɔ m
<|HYE|>միմներմոս	m i m n ɛ ɾ m ɔ s
<|HYE|>միջինասիական	m i t͡ʃʰ i n ɑ s j ɑ k ɑ n
<|HYE|>միրուք	m i ɾ u kʰ
<|HYE|>մխիթարել	m ə χ i tʰ ɑ ɾ ɛ l
<|HYE|>մխիթարյան	m ə χ i tʰ ɑ ɾ j ɑ n
<|HYE|>մյունխեն	m j u n χ ɛ n
<|HYE|>մնաք	m ə n ɑ kʰ
<|HYE|>մշտապես	m ə ʃ t ɑ p ɛ s
<|HYE|>մոլեկուլ	m ɔ l ɛ k u l
<|HYE|>մոլեկուլային	m ɔ l ɛ k u l ɑ j i n
<|HYE|>մոլորել	m ɔ l ɔ ɾ ɛ l
<|HYE|>մոնղոլիա	m ɔ n ʁ ɔ l j ɑ
<|HYE|>մոշի	m ɔ ʃ i
<|HYE|>մովսես	m ɔ f s ɛ s
<|HYE|>մուշտակ	m u ʃ t ɑ k
<|HYE|>մսագործ	m ə s ɑ ɡ ɔ ɾ t͡s
<|HYE|>մսեղեն	m ə s ɛ ʁ ɛ n
<|HYE|>մտահոգ	m ə t ɑ h ɔ ɡ
<|HYE|>մտահոգություն	m ə t ɑ h ɔ kʰ u tʰ j u n
<|HYE|>մտահոգվել	m ə t ɑ h ɔ kʰ v ɛ l
<|HYE|>մրջյուն	m ə ɾ t͡ʃʰ j u n
<|HYE|>յալթա	j ɑ l tʰ ɑ
<|HYE|>յոգ	j ɔ ɡ
<|HYE|>յոթներյակ	j ɔ tʰ n ɛ ɾ j ɑ k
<|HYE|>յուրահատուկ	j u ɾ ɑ h ɑ t u k
<|HYE|>նաեւ	n ɑ j ɛ v
<|HYE|>նախագծել	n ɑ χ ɑ ɡ ə t͡s ɛ l
<|HYE|>նայած	n ɑ j ɑ t͡s
<|HYE|>նանի	n ɑ n i
<|HYE|>նաջարյան	n ɑ d͡ʒ ɑ ɾ j ɑ n
<|HYE|>նավակատիք	n ɑ v ɑ k ɑ t i kʰ
<|HYE|>նավահանգիստ	n ɑ v ɑ h ɑ ŋ ɡ i s t
<|HYE|>նեգատիվ	n ɛ ɡ ɑ t i v
<|HYE|>նեգրի	n ɛ ɡ ɾ i
<|HYE|>նեխած	n ɛ χ ɑ t͡s
<|HYE|>նեպտուն	n ɛ p t u n
<|HYE|>ներգաղթ	n ɛ ɾ ɡ ɑ χ tʰ
<|HYE|>ներդաշնակ	n ɛ ɾ d ɑ ʃ n ɑ k
<|HYE|>ներդնել	n ɛ ɾ d ə n ɛ l
<|HYE|>նզովք	n ə z ɔ f kʰ
<|HYE|>նիկել	n i k ɛ l
<|HYE|>նիստուկաց	n i s t u k ɑ t͡sʰ
<|HYE|>նկուն	n ə k u n
<|HYE|>նշան	n ə ʃ ɑ n
<|HYE|>նշանագետ	n ə ʃ ɑ n ɑ ɡ ɛ t
<|HYE|>նշանյան	n ə ʃ ɑ n j ɑ n
<|HYE|>նշմարել	n ə ʃ m ɑ ɾ ɛ l
<|HYE|>նոյեմբեր	n ɔ j ɛ m b ɛ ɾ
<|HYE|>նոր	n ɔ ɾ
<|HYE|>նպաստավոր	n ə p ɑ s t ɑ v ɔ ɾ
<|HYE|>նռնակ	n ə r n ɑ k
<|HYE|>նռնականետ	n ə r n ɑ k ɑ n ɛ t
<|HYE|>նվիրում	n ə v i ɾ u m
<|HYE|>շագանակ	ʃ ɑ ɡ ɑ n ɑ k
<|HYE|>շաղգամ	ʃ ɑ χ k ɑ m
<|HYE|>շայբա	ʃ ɑ j b ɑ
<|HYE|>շարժում	ʃ ɑ ɾ ʒ u m
<|HYE|>շեկ	ʃ ɛ k
<|HYE|>շեն	ʃ ɛ n
<|HYE|>շեփոր	ʃ ɛ pʰ ɔ ɾ
<|HYE|>շիշ	ʃ i ʃ
<|HYE|>շնորհավորել	ʃ n ɔ ɾ ɑ v ɔ ɾ ɛ l
<|HYE|>շողոտ	ʃ ɔ ʁ ɔ t
<|HYE|>շուտափույթ	ʃ u t ɑ pʰ u j tʰ
<|HYE|>շոֆեր	ʃ ɔ f ɛ ɾ
<|HYE|>շվեդ	ʃ ə v ɛ d
<|HYE|>շտաբ	ə ʃ t ɑ b
<|HYE|>շրթներկ	ʃ ə ɾ tʰ n ɛ ɾ k
<|HYE|>շքերթ	ʃ ə kʰ ɛ ɾ tʰ
<|HYE|>ոգեշնչում	v ɔ kʰ ɛ ʃ ə n t͡ʃʰ u m
<|HYE|>ոգեւորություն	v ɔ kʰ ɛ v ɔ ɾ u tʰ j u n
<|HYE|>ոգեւորվել	v ɔ kʰ ɛ v ɔ ɾ v ɛ l
<|HYE|>ողնաշար	v ɔ ʁ n ɑ ʃ ɑ ɾ
<|HYE|>ոճ	v ɔ t͡ʃ
<|HYE|>ոսկեդրամ	v ɔ s k ɛ d ɾ ɑ m
<|HYE|>ոսպ	v ɔ s p
<|HYE|>ոստիկանապետ	v ɔ s t i k ɑ n ɑ p ɛ t
<|HYE|>որպեսզի	v ɔ ɾ p ɛ s z i
<|HYE|>որջ	v ɔ ɾ t͡ʃʰ
<|HYE|>ութ	u tʰ
<|HYE|>ուկրաինական	u k ɾ ɑ i n ɑ k ɑ n
<|HYE|>ունաբ	u n ɑ b
<|HYE|>ուռհա	u r h ɑ
<|HYE|>ուրախակից	u ɾ ɑ χ ɑ k i t͡sʰ
<|HYE|>ուրախացնել	u ɾ ɑ χ ɑ t͡sʰ n ɛ l
<|HYE|>ուրբաթ	u ɾ pʰ ɑ tʰ
<|HYE|>ուրու	u ɾ u
<|HYE|>ուրց	u ɾ t͡sʰ
<|HYE|>չայ	t͡ʃʰ ɑ j
<|HYE|>չան	t͡ʃʰ ɑ n
<|HYE|>չարախոս	t͡ʃʰ ɑ ɾ ɑ χ ɔ s
<|HYE|>չարաչք	t͡ʃʰ ɑ ɾ ɑ t͡ʃʰ kʰ
<|HYE|>չափել	t͡ʃʰ ɑ pʰ ɛ l
<|HYE|>չեխ	t͡ʃʰ ɛ χ
<|HYE|>չեչեն	t͡ʃʰ ɛ t͡ʃʰ ɛ n
<|HYE|>չորավուն	t͡ʃʰ ɔ ɾ ɑ v u n
<|HYE|>չորթան	t͡ʃʰ ɔ ɾ tʰ ɑ n
<|HYE|>չորքոտանի	t͡ʃʰ ɔ ɾ kʰ ɔ t ɑ n i
<|HYE|>պակաս	p ɑ k ɑ s
<|HYE|>պահածո	p ɑ h ɑ t͡s ɔ
<|HYE|>պահեստ	p ɑ h ɛ s t
<|HYE|>պաղեստին	p ɑ ʁ ɛ s t i n
<|HYE|>պաղպաղակ	p ɑ χ p ɑ ʁ ɑ k
<|HYE|>պանդոկ	p ɑ n d ɔ k
<|HYE|>պառկել	p ɑ r k ɛ l
<|HYE|>պատկերացնել	p ɑ t k ɛ ɾ ɑ t͡sʰ n ɛ l
<|HYE|>պատկերացում	p ɑ t k ɛ ɾ ɑ t͡sʰ u m
<|HYE|>պատմել	p ɑ t m ɛ l
<|HYE|>պարարտ	p ɑ ɾ ɑ ɾ t
<|HYE|>պարգեւել	p ɑ ɾ kʰ ɛ v ɛ l
<|HYE|>պարթեւ	p ɑ ɾ tʰ ɛ v
<|HYE|>պարկ	p ɑ ɾ k
<|HYE|>պարտք	p ɑ ɾ t kʰ
<|HYE|>պացիենտ	p ɑ t͡sʰ j ɛ n t
<|HYE|>պետ	p ɛ t
<|HYE|>պետք	p ɛ t kʰ
<|HYE|>պերճանք	p ɛ ɾ t͡ʃ ɑ ŋ kʰ
<|HYE|>պիստակ	p i s t ɑ k
<|HYE|>պլուտարքոս	p l u t ɑ ɾ kʰ ɔ s
<|HYE|>պոլկա	p ɔ l k ɑ
<|HYE|>պող	p ɔ ʁ
<|HYE|>պոպոք	p ɔ p ɔ kʰ
<|HYE|>պրծնել	p ə ɾ t͡s n ɛ l
<|HYE|>ջարքանդ	d͡ʒ ɑ ɾ kʰ ɑ n d
<|HYE|>ջո	d͡ʒ ɔ
<|HYE|>ջրատար	d͡ʒ ə ɾ ɑ t ɑ ɾ
<|HYE|>ռահվիրա	r ɑ h v i ɾ ɑ
<|HYE|>ռասիստ	r ɑ s i s t
<|HYE|>ռեակցիա	r ɛ ɑ k t͡sʰ j ɑ
<|HYE|>ռետին	r ɛ t i n
<|HYE|>ռոբերտ	r ɔ b ɛ ɾ t
<|HYE|>ռոճիկ	r ɔ t͡ʃ i k
<|HYE|>սակարկվել	s ɑ k ɑ ɾ k v ɛ l
<|HYE|>սահմանական	s ɑ h m ɑ n ɑ k ɑ n
<|HYE|>սահմանապահ	s ɑ h m ɑ n ɑ p ɑ h
<|HYE|>սահմանափակում	s ɑ h m ɑ n ɑ pʰ ɑ k u m
<|HYE|>սաղավարտ	s ɑ ʁ ɑ v ɑ ɾ t
<|HYE|>սանդղակ	s ɑ n d ʁ ɑ k
<|HYE|>սանձել	s ɑ n d͡z ɛ l
<|HYE|>սառ	s ɑ r
<|HYE|>սարաֆյան	s ɑ ɾ ɑ f j ɑ n
<|HYE|>սարում	s ɑ ɾ u m
<|HYE|>սարսափալից	s ɑ ɾ s ɑ pʰ ɑ l i t͡sʰ
<|HYE|>սարսափելի	s ɑ ɾ s ɑ pʰ ɛ l i
<|HYE|>սափրել	s ɑ pʰ ɾ ɛ l
<|HYE|>սեղանատուն	s ɛ ʁ ɑ n ɑ t u n
<|HYE|>սեմ	s ɛ m
<|HYE|>սեպ	s ɛ p
<|HYE|>սերբիա	s ɛ ɾ b j ɑ
<|HYE|>սերոժ	s ɛ ɾ ɔ ʒ
<|HYE|>սեւ	s ɛ v
<|HYE|>սեւան	s ɛ v ɑ n
<|HYE|>սիստեմ	s i s t ɛ m
<|HYE|>սկոտչ	ə s k ɔ t t͡ʃʰ
<|HYE|>սյուն	s j u n
<|HYE|>սնդուկ	s ə n d u k
<|HYE|>սննդակարգ	s ə n ə n d ɑ k ɑ ɾ kʰ
<|HYE|>սնուցում	s ə n u t͡sʰ u m
<|HYE|>սողոմոնյան	s ɔ ʁ ɔ m ɔ n j ɑ n
<|HYE|>սոնա	s ɔ n ɑ
<|HYE|>սորգո	s ɔ ɾ ɡ ɔ
<|HYE|>սոցցանց	s ɔ t͡sʰː ɑ n t͡sʰ
<|HYE|>սուչավա	s u t͡ʃʰ ɑ v ɑ
<|HYE|>սուսեր	s u s ɛ ɾ
<|HYE|>սուսուփուս	s u s u pʰ u s
<|HYE|>սպա	ə s p ɑ
<|HYE|>սպանախ	ə s p ɑ n ɑ χ
<|HYE|>սպասավոր	ə s p ɑ s ɑ v ɔ ɾ
<|HYE|>սպասարկիչ	ə s p ɑ s ɑ ɾ k i t͡ʃʰ
<|HYE|>սպորտ	ə s p ɔ ɾ t
<|HYE|>ստալին	ə s t ɑ l i n
<|HYE|>ստամբակ	ə s t ɑ m b ɑ k
<|HYE|>ստամոքս	ə s t ɑ m ɔ kʰ s
<|HYE|>ստեպղին	ə s t ɛ p ʁ i n
<|HYE|>ստվարաթիվ	ə s t ə v ɑ ɾ ɑ tʰ i v
<|HYE|>սրբազան	s ə ɾ pʰ ɑ z ɑ n
<|HYE|>սրբել	s ə ɾ pʰ ɛ l
<|HYE|>սրճաստան	s ə ɾ t͡ʃ ɑ s t ɑ n
<|HYE|>սրճենի	s ə ɾ t͡ʃ ɛ n i
<|HYE|>սրնքամիս	s ə ɾ ə ŋ kʰ ɑ m i s
<|HYE|>վալիզ	v ɑ l i z
<|HYE|>վահան	v ɑ h ɑ n
<|HYE|>վաղարշակ	v ɑ ʁ ɑ ɾ ʃ ɑ k
<|HYE|>վայ	v ɑ j
<|HYE|>վառելափայտ	v ɑ r ɛ l ɑ pʰ ɑ j t
<|HYE|>վասալ	v ɑ s ɑ l
<|HYE|>վավերացում	v ɑ v ɛ ɾ ɑ t͡sʰ u m
<|HYE|>վարպետության	v ɑ ɾ p ɛ t u tʰ j ɑ n
<|HYE|>վեզուվ	v ɛ z u v
<|HYE|>վեմ	v ɛ m
<|HYE|>վերադառնալ	v ɛ ɾ ɑ d ɑ r n ɑ l
<|HYE|>վերականգնում	v ɛ ɾ ɑ k ɑ ŋ ɡ n u m
<|HYE|>վերամբարձ	v ɛ ɾ ɑ m b ɑ ɾ t͡sʰ
<|HYE|>վերնաշապիկ	v ɛ ɾ n ɑ ʃ ɑ p i k
<|HYE|>վերջավոր	v ɛ ɾ t͡ʃʰ ɑ v ɔ ɾ
<|HYE|>վերջին	v ɛ ɾ t͡ʃʰ i n
<|HYE|>վթար	v ə tʰ ɑ ɾ
<|HYE|>վիզա	v i z ɑ
<|HYE|>վիկտոր	v i k t ɔ ɾ
<|HYE|>վիճաբանել	v i t͡ʃ ɑ b ɑ n ɛ l
<|HYE|>վիճակ	v i t͡ʃ ɑ k
<|HYE|>վիրակապ	v i ɾ ɑ k ɑ p
<|HYE|>վիքիպեդիա	v i kʰ i p ɛ d j ɑ
<|HYE|>վճռել	v ə t͡ʃ r ɛ l
<|HYE|>վնասաբեր	v ə n ɑ s ɑ b ɛ ɾ
<|HYE|>վռամշապուհ	v ə r ɑ m ʃ ɑ p u h
<|HYE|>տաբու	t ɑ b u
<|HYE|>տագնապ	t ɑ ɡ n ɑ p
<|HYE|>տագր	t ɑ kʰ ə ɾ
<|HYE|>տակնուվրա	t ɑ k n u v ə ɾ ɑ
<|HYE|>տանիք	t ɑ n i kʰ
<|HYE|>տարա	t ɑ ɾ ɑ
<|HYE|>տարածաշրջան	t ɑ ɾ ɑ t͡s ɑ ʃ ə ɾ d͡ʒ ɑ n
<|HYE|>տարամիտել	t ɑ ɾ ɑ m i t ɛ l
<|HYE|>տարբերակ	t ɑ ɾ b ɛ ɾ ɑ k
<|HYE|>տարտամ	t ɑ ɾ t ɑ m
<|HYE|>տեղանք	t ɛ ʁ ɑ ŋ kʰ
<|HYE|>տեղեկացնել	t ɛ ʁ ɛ k ɑ t͡sʰ n ɛ l
<|HYE|>տեսակետ	t ɛ s ɑ k ɛ t
<|HYE|>տեսանյութ	t ɛ s ɑ n j u tʰ
<|HYE|>տիբեթ	t i b ɛ tʰ
<|HYE|>տիկնիկային	t i k n i k ɑ j i n
<|HYE|>տոլմա	t ɔ l m ɑ
<|HYE|>տոնավաճառ	t ɔ n ɑ v ɑ t͡ʃ ɑ r
<|HYE|>տոպրակ	t ɔ p ɾ ɑ k
<|HYE|>տոտեմ	t ɔ t ɛ m
<|HYE|>տորոն	t ɔ ɾ ɔ n
<|HYE|>տուգանք	t u ɡ ɑ ŋ kʰ
<|HYE|>տուրիզմ	t u ɾ i z m
<|HYE|>տրական	t ə ɾ ɑ k ɑ n
<|HYE|>տրակտոր	t ɾ ɑ k t ɔ ɾ
<|HYE|>տրամաբանություն	t ɾ ɑ m ɑ b ɑ n u tʰ j u n
<|HYE|>տրամագիծ	t ɾ ɑ m ɑ ɡ i t͡s
<|HYE|>տրոմբոն	t ɾ ɔ m b ɔ n
<|HYE|>ցանել	t͡sʰ ɑ n ɛ l
<|HYE|>ցուցանել	t͡sʰ u t͡sʰ ɑ n ɛ l
<|HYE|>փակել	pʰ ɑ k ɛ l
<|HYE|>փահլեւան	pʰ ɑ h l ɛ v ɑ n
<|HYE|>փայլ	pʰ ɑ j l
<|HYE|>փայլատակել	pʰ ɑ j l ɑ t ɑ k ɛ l
<|HYE|>փայլունակություն	pʰ ɑ j l u n ɑ k u tʰ j u n
<|HYE|>փառամոլ	pʰ ɑ r ɑ m ɔ l
<|HYE|>փասթաթուղթ	pʰ ɑ s tʰ ɑ tʰ u χ tʰ
<|HYE|>փաստորեն	pʰ ɑ s t ɔ ɾ ɛ n
<|HYE|>փարիսեցիություն	pʰ ɑ ɾ i s ɛ t͡sʰ i u tʰ j u n
<|HYE|>փարպեցի	pʰ ɑ ɾ p ɛ t͡sʰ i
<|HYE|>փխենյան	pʰ ə χ ɛ n j ɑ n
<|HYE|>փղոսկր	pʰ ə ʁ ɔ s k ɾ
<|HYE|>փյունիկ	pʰ j u n i k
<|HYE|>փշատ	pʰ ə ʃ ɑ t
<|HYE|>փշրել	pʰ ə ʃ ɾ ɛ l
<|HYE|>փոխառել	pʰ ɔ χ ɑ r ɛ l
<|HYE|>փոխնախարար	pʰ ɔ χ n ɑ χ ɑ ɾ ɑ ɾ
<|HYE|>փոշի	pʰ ɔ ʃ i
<|HYE|>փոստային	pʰ ɔ s t ɑ j i n
<|HYE|>փորթուգալիա	pʰ ɔ ɾ tʰ u ɡ ɑ l j ɑ
<|HYE|>փորձարկող	pʰ ɔ ɾ t͡sʰ ɑ ɾ k ɔ ʁ
<|HYE|>փունջ	pʰ u n d͡ʒ
<|HYE|>փրփուր	pʰ ə ɾ pʰ u ɾ
<|HYE|>քաբաբ	kʰ ɑ b ɑ b
<|HYE|>քաղաքագետ	kʰ ɑ ʁ ɑ kʰ ɑ ɡ ɛ t
<|HYE|>քայլ	kʰ ɑ j l
<|HYE|>քայլել	kʰ ɑ j l ɛ l
<|HYE|>քանզի	kʰ ɑ n z i
<|HYE|>քանոն	kʰ ɑ n ɔ n
<|HYE|>քավության	kʰ ɑ v u tʰ j ɑ n
<|HYE|>քարոզիչ	kʰ ɑ ɾ ɔ z i t͡ʃʰ
<|HYE|>քելե	kʰ ɛ l ɛ
<|HYE|>քեռու	kʰ ɛ r u
<|HYE|>քերականություն	kʰ ɛ ɾ ɑ k ɑ n u tʰ j u n
<|HYE|>քթնել	kʰ ə tʰ n ɛ l
<|HYE|>քիմիկոս	kʰ i m i k ɔ s
<|HYE|>քծնանք	kʰ ə t͡s n ɑ ŋ kʰ
<|HYE|>քյամանչա	kʰ j ɑ m ɑ n t͡ʃʰ ɑ
<|HYE|>քնամուկ	kʰ ə n ɑ m u k
<|HYE|>քնար	kʰ ə n ɑ ɾ
<|HYE|>քննադատաբար	kʰ ə nː ɑ d ɑ t ɑ b ɑ ɾ
<|HYE|>քուչա	kʰ u t͡ʃʰ ɑ
<|HYE|>քուրձ	kʰ u ɾ d͡z
<|HYE|>քուրմ	kʰ u ɾ m
<|HYE|>քրմուհի	kʰ ə ɾ m u h i
<|HYE|>քրքրել	kʰ ə ɾ kʰ ə ɾ ɛ l
<|HYE|>օբ	ɔ b
<|HYE|>օդեսա	ɔ d ɛ s ɑ
<|HYE|>օղ	ɔ ʁ
<|HYE|>օղակ	ɔ ʁ ɑ k
<|HYE|>օմսկ	ɔ m s k
<|HYE|>օսեթ	ɔ s ɛ tʰ
<|HYE|>օսմանական	ɔ s m ɑ n ɑ k ɑ n
<|HYE|>օր	ɔ ɾ
<|HYE|>օրագիր	ɔ ɾ ɑ ɡ i ɾ
<|HYE|>օրան	ɔ ɾ ɑ n
<|HYE|>օրդուբադ	ɔ ɾ d u b ɑ d
<|HYE|>օրոք	ɔ ɾ ɔ kʰ
<|HYE|>օֆիս	ɔ f i s
<|HYE|>ֆագոտ	f ɑ ɡ ɔ t
<|HYE|>ֆաշիստ	f ɑ ʃ i s t
<|HYE|>ֆերմա	f ɛ ɾ m ɑ
<|HYE|>ֆինանսներ	f i n ɑ n s n ɛ ɾ
<|HYE|>ֆիննական	f i nː ɑ k ɑ n
<|HYE|>ֆլամանդացի	f l ɑ m ɑ n d ɑ t͡sʰ i
<|HYE|>ֆլամինգո	f l ɑ m i ŋ ɡ ɔ
<|HYE|>ֆրիզ	f ə ɾ i z
<|ELL|>άδικη	a ð i c i
<|ELL|>άκησ	a c i s
<|ELL|>άκουγα	a k u ɣ a
<|ELL|>άκουσα	a k u s a
<|ELL|>άνδρου	a n ð ɾ u
<|ELL|>άνθρωποσ	a n θ ɾ o p o s
<|ELL|>άντε	a d e
<|ELL|>άρον	a r o n
<|ELL|>έβαλα	e v a l a
<|ELL|>έβαλε	e v a l e
<|ELL|>έγγραφο	e ŋ ɣ r a f o
<|ELL|>έζησαν	e z i s a n
<|ELL|>έθνοσ	e θ n o s
<|ELL|>έκθεση	e k θ e s i
<|ELL|>έκπληξη	e k p l i k s i
<|ELL|>έλληνα	e l i n a
<|ELL|>έλληνεσ	e l i n e s
<|ELL|>έναντι	e n a n d i
<|ELL|>έντερο	e n d e ɾ o
<|ELL|>έντρομη	e n d ɾ o m i
<|ELL|>έπρεπε	e p ɾ e p e
<|ELL|>έτοιμοσ	e t i m o s
<|ELL|>έτοσ	e t o s
<|ELL|>έφτιαξα	e f t ç a k s a
<|ELL|>έχασα	e x a s a
<|ELL|>έχομε	e x o m e
<|ELL|>έχοντασ	e x o n d a s
<|ELL|>έχουν	e x u n
<|ELL|>ήδη	i ð i
<|ELL|>ήμασταν	i m a s t a n
<|ELL|>ήμαστε	i m a s t e
<|ELL|>ήμουν	i m u n
<|ELL|>ήσαν	i s a n
<|ELL|>ήταν	i t a n
<|ELL|>ήτανε	i t a n e
<|ELL|>ήττα	i t a
<|ELL|>ίδιοσ	i ð ʝ o s
<|ELL|>ίσωσ	i s o s
<|ELL|>αίγυπτοσ	e ʝ i p t o s
<|ELL|>αίθουσα	e θ u s a
<|ELL|>αίσθημα	e s θ i m a
<|ELL|>αίτηση	e t i s i
<|ELL|>αβανγκάρντ	a v a ŋ ɡ a ɾ d
<|ELL|>αγίασ	a ʝ i a s
<|ELL|>αγίου	a ʝ i u
<|ELL|>αγίουσ	a ʝ i u s
<|ELL|>αγανακτώ	a ɣ a n a k t o
<|ELL|>αγαπάω	a ɣ a p a o
<|ELL|>αγαπημένα	a ɣ a p i m e n a
<|ELL|>αγαπημένο	a ɣ a p i m e n o
<|ELL|>αγαπημένουσ	a ɣ a p i m e n u s
<|ELL|>αγαπώ	a ɣ a p o
<|ELL|>αγγελούδια	a ŋ ɟ e l u ð ʝ a
<|ELL|>αγορά	a ɣ o r a
<|ELL|>αγοράσ	a ɣ o r a s
<|ELL|>αγορών	a ɣ o r o n
<|ELL|>αγωνία	a ɣ o n i a
<|ELL|>αγωνιστών	a ɣ o n i s t o n
<|ELL|>αδελφή	a ð e l f i
<|ELL|>αδελφόσ	a ð e l f o s
<|ELL|>αδρεναλίνη	a ð ɾ e n a l i n i
<|ELL|>αεροδρόμιο	a e ɾ o ð ɾ o m i o
<|ELL|>αθηναίοσ	a θ i n e o s
<|ELL|>αισθάνομαι	e s θ a n o m e
<|ELL|>αιτία	e t i a
<|ELL|>ακούστηκε	a k u s t i k e
<|ELL|>ακρίβεια	a k r i v i a
<|ELL|>ακύρωσησ	a c i ɾ o s i s
<|ELL|>αλήθεια	a l i θ ç a
<|ELL|>αλεξανδρούπολη	a l e k s a n ð ɾ u p o l i
<|ELL|>αλευρωμένο	a l e v r o m e n o
<|ELL|>αλλαγή	a l a ʝ i
<|ELL|>αλλού	a l u
<|ELL|>αλυσίδα	a l i s i ð a
<|ELL|>αμάθεια	a m a θ i a
<|ELL|>αμερική	a m e r i c i
<|ELL|>αμοιβή	a m i v i
<|ELL|>αμφιβάλλω	a ɱ f i v a l o
<|ELL|>αμφιθέατρο	a m f i θ e a t ɾ o
<|ELL|>ανάγκεσ	a n a ŋ ɟ e s
<|ELL|>ανάγκη	a n a ŋ ɟ i
<|ELL|>ανάδοχοσ	a n a ð o x o s
<|ELL|>ανάλυση	a n a l i s i
<|ELL|>αναγκών	a n a ŋ ɡ o n
<|ELL|>αναισθησία	a n e s θ i s i a
<|ELL|>ανακάλυψα	a n a k a l i p s a
<|ELL|>ανακάλυψη	a n a k a l i p s i
<|ELL|>ανακαλύψεισ	a n a k a l i p s i s
<|ELL|>αναλυτικά	a n a l i t i k a
<|ELL|>ανανά	a n a n a
<|ELL|>αναπνοή	a n a p n o i
<|ELL|>ανατράπηκε	a n a t ɾ a p i c e
<|ELL|>αναφέρομαι	a n a f e ɾ o m e
<|ELL|>αναφέρω	a n a f e ɾ o
<|ELL|>αναφορά	a n a f o ɾ a
<|ELL|>ανελκυστήρασ	a n e l c i s t i ɾ a s
<|ELL|>ανησυχώ	a n i s i x o
<|ELL|>αντίδραση	a n d i ð ɾ a s i
<|ELL|>αντίνοοσ	a n d i n o o s
<|ELL|>αντιδράσεισ	a n d i ð ɾ a s i s
<|ELL|>αντικείμενο	a n d i c i m e n o
<|ELL|>αξίζει	a k s i z i
<|ELL|>αξιολόγηση	a k s i o l o ʝ i s i
<|ELL|>απ	a p
<|ELL|>απάντηση	a p a n d i s i
<|ELL|>απέδειξε	a p e ð i k s e
<|ELL|>απαιτούμε	a p e t u m e
<|ELL|>απαλλαγή	a p a l a ʝ i
<|ELL|>απαράδεκτοσ	a p a ɾ a ð e k t o s
<|ELL|>απαρηγόρητα	a p a ɾ i ɣ o ɾ i t a
<|ELL|>απελπισία	a p e l p i s i a
<|ELL|>απλούσ	a p l u s
<|ELL|>αποδείχθηκαν	a p o ð i x θ i k a n
<|ELL|>αποδείχτηκε	a p o ð i x t i c e
<|ELL|>αποκάλυψη	a p o k a l i p s i
<|ELL|>αποκαλύψεισ	a p o k a l i p s i s
<|ELL|>αποκλεισμένοσ	a p o k l i z m e n o s
<|ELL|>απομονωμένο	a p o m o n o m e n o
<|ELL|>αποστάσεισ	a p o s t a s i s
<|ELL|>αποστολή	a p o s t o l i
<|ELL|>αποτυχία	a p o t i ç i a
<|ELL|>απρίλη	a p ɾ i l i
<|ELL|>απρίλιοσ	a p ɾ i l i o s
<|ELL|>απριλίου	a p ɾ i l i u
<|ELL|>απόγευμα	a p o ʝ e v m a
<|ELL|>απόφαση	a p o f a s i
<|ELL|>απώλεια	a p o l i a
<|ELL|>αρετή	a r e t i
<|ELL|>αρετών	a r e t o n
<|ELL|>αρμοδιότητα	a ɾ m o ð i o t i t a
<|ELL|>αρρωστημένη	a r o s t i m e n i
<|ELL|>αρχίζω	a r ç i z o
<|ELL|>αρχηγόσ	a ɾ ç i ɣ o s
<|ELL|>ασκώ	a s k o
<|ELL|>αστυνομία	a s t i n o m i a
<|ELL|>αυγούστου	a v ɣ u s t u
<|ELL|>αυτή	a f t i
<|ELL|>αυτί	a f t i
<|ELL|>αυτό	a f t o
<|ELL|>αυτόσ	a f t o s
<|ELL|>αφορά	a f o r a
<|ELL|>αφορμή	a f o ɾ m i
<|ELL|>αφορούσε	a f o r u s e
<|ELL|>αύγουστοσ	a v ɣ u s t o s
<|ELL|>βάζεισ	v a z i s
<|ELL|>βάζοντασ	v a z o n d a s
<|ELL|>βάλει	v a l i
<|ELL|>βάλεισ	v a l i s
<|ELL|>βάλουμε	v a l u m e
<|ELL|>βάλω	v a l o
<|ELL|>βάροσ	v a r o s
<|ELL|>βαθιά	v a θ ç a
<|ELL|>βασίλισσα	v a s i l i s a
<|ELL|>βασιλέασ	v a s i l e a s
<|ELL|>βασιλιάσ	v a s i ʎ a s
<|ELL|>βασιλική	v a s i l i c i
<|ELL|>βεβαίωσ	v e v e o s
<|ELL|>βερολίνο	v e r o l i n o
<|ELL|>βιβλιοθήκη	v i v l i o θ i c i
<|ELL|>βοήθησα	v o i θ i s a
<|ELL|>βοηθάμε	v o i̯ θ a m e
<|ELL|>βοηθούμε	v o i θ u m e
<|ELL|>βουλευτήσ	v u l e f t i s
<|ELL|>βούληση	v u l i s i
<|ELL|>βούλιαξα	v u ʎ a k s a
<|ELL|>βράδυ	v r a ð i
<|ELL|>βρήκα	v ɾ i k a
<|ELL|>βρήκαν	v ɾ i k a n
<|ELL|>βρήκε	v ɾ i c e
<|ELL|>βρίσκω	v ɾ i s k o
<|ELL|>βραχυκύκλωμα	v ɾ a ç i c i k l o m a
<|ELL|>βρει	v ɾ i
<|ELL|>βρετανία	v r e t a n i a
<|ELL|>βρούμε	v ɾ u m e
<|ELL|>γέφυρα	ʝ e f i r a
<|ELL|>γήπεδο	ʝ i p e ð o
<|ELL|>γεγονόσ	ʝ e ɣ o n o s
<|ELL|>γεια	ʝ a
<|ELL|>γενάρη	ʝ e n a ɾ i
<|ELL|>γεννήθηκα	ʝ e n i θ i k a
<|ELL|>γεννημένοσ	ʝ e n i m e n o s
<|ELL|>γενοκτονία	ʝ e n o k t o n i a
<|ELL|>γιάννησ	ʝ a n i s
<|ELL|>γιατί	ʝ a t i
<|ELL|>γιατρόσ	ʝ a t r o s
<|ELL|>γιορτή	ʝ o r t i
<|ELL|>γιοσ	ʝ o s
<|ELL|>γκέι	ɟ e i
<|ELL|>γκρίζο	ɡ ɾ i z o
<|ELL|>γλώσσα	ɣ l o s a
<|ELL|>γνωρίζω	ɣ n o ɾ i z o
<|ELL|>γνώσεισ	ɣ n o s i s
<|ELL|>γνώσεωσ	ɣ n o s e o s
<|ELL|>γνώση	ɣ n o s i
<|ELL|>γριά	ɣ ɾ i a
<|ELL|>γύροσ	ʝ i r o s
<|ELL|>δέχομαι	ð e x o m e
<|ELL|>δείγμα	ð i ɣ m a
<|ELL|>δεη	ð e i
<|ELL|>δεκέμβριο	ð e c e ɱ v ɾ i o
<|ELL|>δεκαπέντε	ð e k a p e n d e
<|ELL|>δεκατέσσερισ	ð e k a t e s e ɾ i s
<|ELL|>δεκεμβρίου	ð e c e ɱ v ɾ i u
<|ELL|>δεν	ð e n
<|ELL|>δεύτεροσ	ð e f t e ɾ o s
<|ELL|>δηλαδή	ð i l a ð i
<|ELL|>δηλώσεισ	ð i l o s i s
<|ELL|>δημήτρησ	ð i m i t ɾ i s
<|ELL|>δημήτριοσ	ð i m i t ɾ i o s
<|ELL|>δημοκρατία	ð i m o k r a t i a
<|ELL|>δημοσιεύουμε	ð i m o s i e v u m e
<|ELL|>δημοτική	ð i m o t i c i
<|ELL|>διαβάζω	ð ʝ a v a z o
<|ELL|>διανομή	ð ʝ a n o m i
<|ELL|>διανύουμε	ð i a n i u m e
<|ELL|>διαφήμιση	ð i a f i m i s i
<|ELL|>δικηγόροσ	ð i c i ɣ o ɾ o s
<|ELL|>δουλεύω	ð u l e v o
<|ELL|>δράμα	ð r a m a
<|ELL|>δρόμοσ	ð r o m o s
<|ELL|>δυνάμεων	ð i n a m e o n
<|ELL|>δυσκολία	ð i s k o l i a
<|ELL|>δύναμη	ð i n a m i
<|ELL|>δύναμησ	ð i n a m i s
<|ELL|>δύο	ð i o
<|ELL|>δύσκολα	ð i s k o l a
<|ELL|>δύσκολοσ	ð i s k o l o s
<|ELL|>δώδεκα	ð o ð e k a
<|ELL|>δώρα	ð o ɾ a
<|ELL|>είμαι	i m e
<|ELL|>είμαστε	i m a s t e
<|ELL|>είναι	i n e
<|ELL|>είσαι	i s e
<|ELL|>είσαστε	i s a s t e
<|ELL|>είχαν	i x a n
<|ELL|>είχανε	i x a n e
<|ELL|>εβδομάδα	e v ð o m a ð a
<|ELL|>εγκατάλειψη	e ŋ ɡ a t a l i p s i
<|ELL|>εθνικόσ	e θ n i k o s
<|ELL|>εισιτήριο	i s i t i ɾ i o
<|ELL|>εκατομμύριο	e k a t o m i ɾ i o
<|ELL|>εκατό	e k a t o
<|ELL|>εκδοτικόσ	e k ð o t i k o s
<|ELL|>εκδρομή	e k ð ɾ o m i
<|ELL|>εκείνη	e c i n i
<|ELL|>εκείνοι	e c i n i
<|ELL|>εκλήθη	e k l i θ i
<|ELL|>εκπληκτικά	e k p l i k t i k a
<|ELL|>εκπομπέσ	e k p o m b e s
<|ELL|>εκπομπή	e k p o m b i
<|ELL|>εκτέλεση	e k t e l e s i
<|ELL|>ελευθερία	e l e f θ e ɾ i a
<|ELL|>ελεύθεροσ	e l e f θ e r o s
<|ELL|>ελλάδα	e l a ð a
<|ELL|>ελληνικό	e l i n i k o
<|ELL|>ελπίζουμε	e l p i z u m e
<|ELL|>εμμανουήλ	e m a n u i l
<|ELL|>εμπιστεύομαι	e m b i s t e v o m e
<|ELL|>εμπόδιο	e m b o ð i o
<|ELL|>εναντίον	e n a n d i o n
<|ELL|>ενδέχεται	e n ð e ç e t e
<|ELL|>ενημέρωση	e n i m e r o s i
<|ELL|>ενημέρωσησ	e n i m e r o s i s
<|ELL|>εντύπωση	e n d i p o s i
<|ELL|>εξέγερση	e k s e ʝ e r s i
<|ELL|>εξέτασα	e k s e t a s a
<|ELL|>εξαιτίασ	e k s e t i a s
<|ELL|>εξοπλισμένη	e k s o p l i z m e n i
<|ELL|>επάγγελμα	e p a ŋ ɡ e l m a
<|ELL|>επέγραψα	e p e ɣ ɾ a p s a
<|ELL|>επανέναρξη	e p a n e n a ɾ k s i
<|ELL|>επαρχία	e p a ɾ ç i a
<|ELL|>επιδράσεισ	e p i ð ɾ a s i s
<|ELL|>επιλογή	e p i l o ʝ i
<|ELL|>επιμελητήσ	e p i m e l i t i s
<|ELL|>επιπλέον	e p i p l e o n
<|ELL|>επιτρέπεται	e p i t ɾ e p e t e
<|ELL|>επιτυχία	e p i t i ç i a
<|ELL|>επιχείρηση	e p i ç i ɾ i s i
<|ELL|>επομένωσ	e p o m e n o s
<|ELL|>επόμενοσ	e p o m e n o s
<|ELL|>ερχόμενο	e r x o m e n o
<|ELL|>εσυ	e s i
<|ELL|>ευκαιρία	e f c e r i a
<|ELL|>ευσέβεια	e f s e v i a
<|ELL|>ευχή	e f ç i
<|ELL|>ευχαριστούμε	e f x a ɾ i s t u m e
<|ELL|>ευχαριστώ	e f x a ɾ i s t o
<|ELL|>εφημερίδα	e f i m e r i ð a
<|ELL|>εύχεται	e f ç e t e
<|ELL|>εύχομαι	e f x o m e
<|ELL|>ζάχαρη	z a x a r i
<|ELL|>ζήτα	z i t a
<|ELL|>ζευγάρι	z e v ɣ a r i
<|ELL|>ζευγάρια	z e v ɣ a r ʝ a
<|ELL|>ζευγαριού	z e v ɣ a r ʝ u
<|ELL|>ζητάμε	z i t a m e
<|ELL|>ζητώ	z i t o
<|ELL|>ζωή	z o i
<|ELL|>ζωηρόσ	z o i r o s
<|ELL|>ζωντανόσ	z o n d a n o s
<|ELL|>ζώο	z o o
<|ELL|>ηγουμενίτσα	i ɣ u m e n i t s a
<|ELL|>ηλικία	i l i c i a
<|ELL|>ησυχία	i s i ç i a
<|ELL|>θέλω	θ e l o
<|ELL|>θέματα	θ e m a t a
<|ELL|>θαρραλέοσ	θ a r a l e o s
<|ELL|>θαύμα	θ a v m a
<|ELL|>θεία	θ i a
<|ELL|>θεραπεία	θ e ɾ a p i a
<|ELL|>θερμοκρασία	θ e ɾ m o k ɾ a s i a
<|ELL|>θεωρώ	θ e o r o
<|ELL|>θεόσ	θ e o s
<|ELL|>θωρώ	θ o r o
<|ELL|>θύελλα	θ i e l a
<|ELL|>ιανουάριο	i a n u a ɾ i o
<|ELL|>ιανουάριοσ	i a n u a ɾ i o s
<|ELL|>ιανουαρίου	i a n u a ɾ i u
<|ELL|>ιδιαίτερα	i ð i e t e ɾ a
<|ELL|>ιδιαιτέρωσ	i ð i e t e ɾ o s
<|ELL|>ιδρύματοσ	i ð r i m a t o s
<|ELL|>ιερουσαλήμ	i e ɾ u s a l i m
<|ELL|>ιουλίου	i u l i u
<|ELL|>ιούλη	i u l i
<|ELL|>ιούλιο	i u l i o
<|ELL|>ιούνησ	i u n i s
<|ELL|>ιούνιο	i u n i o
<|ELL|>ιρλανδία	i ɾ l a n ð i a
<|ELL|>ισπανία	i s p a n i a
<|ELL|>ιστολόγιο	i s t o l o ʝ i o
<|ELL|>ιστορικόσ	i s t o r i k o s
<|ELL|>ιταλική	i t a l i k i
<|ELL|>ιταλικό	i t a l i k o
<|ELL|>ιωάννα	i o a n a
<|ELL|>ιωάννινα	i o a n i n a
<|ELL|>κάθομαι	k a θ o m e
<|ELL|>κάλυψη	k a l i p s i
<|ELL|>κάνοντασ	k a n o n d a s
<|ELL|>κάνω	k a n o
<|ELL|>κάποιοσ	k a p ç o s
<|ELL|>κάστρο	k a s t r o
<|ELL|>κέρδοσ	c e r ð o s
<|ELL|>κέφι	c e f i
<|ELL|>κίνδυνοσ	c i n ð i n o s
<|ELL|>καθίζοντασ	k a θ i z o n d a s
<|ELL|>και	c e
<|ELL|>καινοτομία	c e n o t o m i a
<|ELL|>καινοτομίασ	c e n o t o m i a s
<|ELL|>καινοτομίεσ	c e n o t o m i e s
<|ELL|>κακό	k a k o
<|ELL|>καλημέρα	k a l i m e r a
<|ELL|>καλιφόρνια	k a l i f o ɾ n i a
<|ELL|>καλοί	k a l i
<|ELL|>καλοκαίρι	k a l o c e r i
<|ELL|>καλό	k a l o
<|ELL|>καλόσ	k a l o s
<|ELL|>καν	k a n
<|ELL|>καρδιά	k a r ð ʝ a
<|ELL|>καρεκλάκι	k a ɾ e k l a c i
<|ELL|>κατά	k a t a
<|ELL|>κατάλογοσ	k a t a l o ɣ o s
<|ELL|>κατέβαλε	k a t e v a l e
<|ELL|>καταιγίδασ	k a t e ʝ i ð a s
<|ELL|>κερί	c e r r i
<|ELL|>κεριά	c e r ʝ a
<|ELL|>κιβωτόσ	c i v o t o s
<|ELL|>κινέζικα	c i n e z i k a
<|ELL|>κινδυνεύω	c i n ð i n e v o
<|ELL|>κινδύνευσα	c i n ð i n e f s a
<|ELL|>κιόλασ	c o l a s
<|ELL|>κλίση	k ʎ i s i
<|ELL|>κλαίω	k l e o
<|ELL|>κλαρινέτο	k l a ɾ i n e t o
<|ELL|>κοινή	c i n i
<|ELL|>κοινό	c i n o
<|ELL|>κοινόσ	c i n o s
<|ELL|>κοιτάω	c i t a o
<|ELL|>κοιτίδασ	c i t i ð a s
<|ELL|>κορίνθου	k o ɾ i n θ u
<|ELL|>κορίτσια	k o ɾ i t s ç a
<|ELL|>κοριτσιών	k o ɾ i t s ç o n
<|ELL|>κοτόπουλο	k o t o p u l o
<|ELL|>κουνέλι	k u n e l i
<|ELL|>κουρασμένοι	k u r a z m e n i
<|ELL|>κρέασ	k r e a s
<|ELL|>κρήτη	k r i t i
<|ELL|>κραγιόν	k ɾ a ʝ o n
<|ELL|>κρεμασμένα	k r e m a z m e n a
<|ELL|>κρυμμένα	k r i m e n a
<|ELL|>κυριακή	c i r ʝ a c i
<|ELL|>κυριολεκτικά	c i ɾ i o l e k t i k a
<|ELL|>κωνσταντίνοσ	k o n s t a n d i n o s
<|ELL|>κωνσταντίνου	k o n s t a n d i n u
<|ELL|>κόκκινη	k o c i n i
<|ELL|>κόλαση	k o l a s i
<|ELL|>κόσμοσ	k o z m o s
<|ELL|>κύπρο	c i p ɾ o
<|ELL|>κύπρου	c i p ɾ u
<|ELL|>λάδι	l a ð i
<|ELL|>λάρισα	l a r i s a
<|ELL|>λέγεται	l e ʝ e t e
<|ELL|>λέγω	l e ɣ o
<|ELL|>λέει	l e i
<|ELL|>λέμε	l e m e
<|ELL|>λέσβοσ	l e z v o s
<|ELL|>λήμνοσ	l i m n o s
<|ELL|>λίγο	l i ɣ o
<|ELL|>λεμόνι	l e m o n i
<|ELL|>λεσ	l e s
<|ELL|>λευκά	l e f k a
<|ELL|>λευκέσ	l e f c e s
<|ELL|>λευκή	l e f c i
<|ELL|>λευκό	l e f k o
<|ELL|>λιγότερο	l i ɣ o t e r o
<|ELL|>λιγότεροι	l i ɣ o t e r i
<|ELL|>λιμάνι	l i m a n i
<|ELL|>λιοντάρι	ʎ o n d a ɾ i
<|ELL|>λοιπόν	l i p o n
<|ELL|>λονδίνο	l o n ð i n o
<|ELL|>λουτρό	l u t ɾ o
<|ELL|>λυθεί	l i θ i
<|ELL|>λύθηκε	l i θ i c e
<|ELL|>λύνει	l i n i
<|ELL|>λύσαμε	l i s a m e
<|ELL|>λύσει	l i s i
<|ELL|>λύσεισ	l i s i s
<|ELL|>λύση	l i s i
<|ELL|>λύσουν	l i s u n
<|ELL|>λύσσα	l i s a
<|ELL|>μάγκασ	m a ŋ ɡ a s
<|ELL|>μάζα	m a z a
<|ELL|>μάζεψα	m a z e p s a
<|ELL|>μάησ	m a i s
<|ELL|>μάντεψε	m a n d e p s e
<|ELL|>μάρτιο	m a ɾ t i o
<|ELL|>μάτια	m a t ç a
<|ELL|>μέρα	m e r a
<|ELL|>μέροσ	m e ɾ o s
<|ELL|>μέσα	m e s a
<|ELL|>μέσο	m e s o
<|ELL|>μέσω	m e s o
<|ELL|>μήνυμα	m i n i m a
<|ELL|>μήπωσ	m i p o s
<|ELL|>μία	m i a
<|ELL|>μα	m a
<|ELL|>μαγιονέζα	m a ʝ o n e z a
<|ELL|>μαθηματικά	m a θ i m a t i k a
<|ELL|>μαλάκα	m a l a k a
<|ELL|>μαρτίου	m a ɾ t i u
<|ELL|>μαρτύρων	m a ɾ t i ɾ o n
<|ELL|>μεγάλοσ	m e ɣ a l o s
<|ELL|>μειώσεισ	m i o s i s
<|ELL|>μεξικού	m e k s i k u
<|ELL|>μερίδα	m e ɾ i ð a
<|ELL|>μεσαιωνική	m e s e o n i c i
<|ELL|>μεταφέρω	m e t a f e ɾ o
<|ELL|>μετράω	m e t ɾ a o
<|ELL|>μη	m i
<|ELL|>μητέρα	m i t e r a
<|ELL|>μιάμιση	m ɲ a m i s i
<|ELL|>μια	m ɲ a
<|ELL|>μικρό	m i k ɾ o
<|ELL|>μιλάνο	m i l a n o
<|ELL|>μισθόσ	m i s θ o s
<|ELL|>μισό	m i s o
<|ELL|>μοναχόσ	m o n a x o s
<|ELL|>μοντέλο	m o d e l o
<|ELL|>μυκόνου	m i k o n u
<|ELL|>μυτιλήνη	m i t i l i n i
<|ELL|>μωρό	m o ɾ o
<|ELL|>μόσχα	m o s x a
<|ELL|>μύτη	m i t i
<|ELL|>νάουσα	n a u s a
<|ELL|>νέο	n e o
<|ELL|>νήστεψα	n i s t e p s a
<|ELL|>ναύπακτοσ	n a f p a k t o s
<|ELL|>νεκρόσ	n e k ɾ o s
<|ELL|>νεπάλ	n e p a l
<|ELL|>νερό	n e r o
<|ELL|>νικολάου	n i k o l a u
<|ELL|>νοέμβρη	n o e ɱ v ɾ i
<|ELL|>νοεμβρίου	n o e ɱ v ɾ i u
<|ELL|>νοιάζει	ɲ a z i
<|ELL|>νομίζω	n o m i z o
<|ELL|>νοσοκομείο	n o s o k o m i o
<|ELL|>ντίνα	d i n a
<|ELL|>ντίνοσ	d i n o s
<|ELL|>ντε	d e
<|ELL|>ντουσ	d u s
<|ELL|>ντροπή	d ɾ o p i
<|ELL|>νόσου	n o s u
<|ELL|>ξένα	k s e n a
<|ELL|>ξέχασα	k s e x a s a
<|ELL|>ξενοδοχείο	k s e n o ð o ç i o
<|ELL|>ξωτικό	k s o t i k o
<|ELL|>ξύλο	k s i l o
<|ELL|>οδού	o ð u
<|ELL|>οδό	o ð o
<|ELL|>οικογένεια	i k o ʝ e n i a
<|ELL|>οκτωβρίου	o k t o v ɾ i u
<|ELL|>οκτώ	o k t o
<|ELL|>οκτώβριο	o k t o v ɾ i o
<|ELL|>ομοφυλόφιλο	o m o f i l o f i l o
<|ELL|>ονομάζομαι	o n o m a z o m e
<|ELL|>οποίου	o p i u
<|ELL|>ορίστε	o ɾ i s t e
<|ELL|>οργή	o r ʝ i
<|ELL|>ορεστιάδα	o ɾ e s t i a ð a
<|ELL|>ορθόδοξη	o ɾ θ o ð o k s i
<|ELL|>ορθόδοξοι	o ɾ θ o ð o k s i
<|ELL|>οριστικά	o ɾ i s t i k a
<|ELL|>ούτωσ	u t o s
<|ELL|>πάω	p a o
<|ELL|>πέθανε	p e θ a n e
<|ELL|>πέοσ	p e o s
<|ELL|>πίστεψα	p i s t e p s a
<|ELL|>πίσω	p i s o
<|ELL|>παγκοσμιοποίησησ	p a ŋ ɡ o z m i o p i i s i s
<|ELL|>παιδί	p e ð i
<|ELL|>πανέμορφοσ	p a n e m o ɾ f o s
<|ELL|>παναγία	p a n a ʝ i a
<|ELL|>παντού	p a n d u
<|ELL|>παρίσι	p a ɾ i s i
<|ELL|>παραδεχτεί	p a ɾ a ð e x t i
<|ELL|>παρακαλούμε	p a r a k a l u m e
<|ELL|>παρακαλώ	p a r a k a l o
<|ELL|>παρακολουθώ	p a ɾ a k o l u θ o
<|ELL|>παραμύθι	p a ɾ a m i θ i
<|ELL|>παραπάνω	p a ɾ a p a n o
<|ELL|>παρελθόν	p a r e l θ o n
<|ELL|>παροιμία	p a ɾ i m i a
<|ELL|>παρόν	p a ɾ o n
<|ELL|>παρών	p a ɾ o n
<|ELL|>πασ	p a s
<|ELL|>πασοκ	p a s o k
<|ELL|>πατέρασ	p a t e r a s
<|ELL|>πατρίδα	p a t r i ð a
<|ELL|>παύλοσ	p a v l o s
<|ELL|>πειράζει	p i ɾ a z i
<|ELL|>πειρατήσ	p i r a t i s
<|ELL|>περίπτωση	p e ɾ i p t o s i
<|ELL|>περασμένη	p e r a z m e n i
<|ELL|>περασμένο	p e r a z m e n o
<|ELL|>περιέκοψα	p e ɾ i e k o p s a
<|ELL|>περικλείω	p e r i k l i o
<|ELL|>περιοδικά	p e r i o ð i k a
<|ELL|>περιοδικού	p e r i o ð i k u
<|ELL|>περιοδικό	p e r i o ð i k o
<|ELL|>περιόδουσ	p e r i o ð u s
<|ELL|>περνάει	p e ɾ n a i
<|ELL|>πετράκησ	p e t ɾ a c i s
<|ELL|>πιθανότητα	p i θ a n o t i t a
<|ELL|>πιπεριά	p i p e r ʝ a
<|ELL|>πιστεύετε	p i s t e v e t e
<|ELL|>πιστεύουμε	p i s t e v u m e
<|ELL|>πιστεύω	p i s t e v o
<|ELL|>πλέον	p l e o n
<|ELL|>πλατεία	p l a t i a
<|ELL|>πλειοψηφία	p l i o p s i f i a
<|ELL|>πληθυσμόσ	p l i θ i z m o s
<|ELL|>πλύσιμο	p l i s i m o
<|ELL|>πνεύμα	p n e v m a
<|ELL|>πνεύματοσ	p n e v m a t o s
<|ELL|>ποίηση	p i i s i
<|ELL|>ποδοσφαίρου	p o ð o s f e r u
<|ELL|>ποδόσφαιρο	p o ð o s f e r o
<|ELL|>ποια	p ç a
<|ELL|>πολύ	p o l i
<|ELL|>ποντίκι	p o n d i c i
<|ELL|>ποσότητα	p o s o t i t a
<|ELL|>ποτό	p o t o
<|ELL|>πουδραρίζομαι	p u ð ɾ a ɾ i z o m e
<|ELL|>πουθενά	p u θ e n a
<|ELL|>πράγμα	p ɾ a ɣ m a
<|ELL|>πρέπει	p ɾ e p i
<|ELL|>προέκυψε	p r o e c i p s e
<|ELL|>προβλήματα	p r o v l i m a t a
<|ELL|>προετοιμασία	p ɾ o e t i m a s i a
<|ELL|>προηγουμένων	p r o i ɣ u m e n o n
<|ELL|>προηγούμενα	p r o i ɣ u m e n a
<|ELL|>προηγούμενεσ	p r o i ɣ u m e n e s
<|ELL|>προηγούμενη	p r o i ɣ u m e n i
<|ELL|>προηγούμενησ	p r o i ɣ u m e n i s
<|ELL|>προηγούμενο	p r o i ɣ u m e n o
<|ELL|>προκύπτει	p r o c i p t i
<|ELL|>προπόνηση	p r o p o n i s i
<|ELL|>προσευχή	p ɾ o s e f ç i
<|ELL|>προσθήκη	p r o s θ i c i
<|ELL|>προσοχή	p ɾ o s o ç i
<|ELL|>προσπαθώ	p ɾ o s p a θ o
<|ELL|>προϊόν	p ɾ o i o n
<|ELL|>πρωθυπουργόσ	p ɾ o θ i p u ɾ ɣ o s
<|ELL|>πρωτάθλημα	p ɾ o t a θ l i m a
<|ELL|>πρωταγωνιστή	p ɾ o t a ɣ o n i s t i
<|ELL|>πρωταγωνιστήσ	p ɾ o t a ɣ o n i s t i s
<|ELL|>πρωταθλήτρια	p ɾ o t a θ l i t ɾ i a
<|ELL|>πρωταθλητήσ	p ɾ o t a θ l i t i s
<|ELL|>πρωτοβουλία	p ɾ o t o v u l i a
<|ELL|>πρωτοχρονιά	p ɾ o t o x ɾ o ɲ a
<|ELL|>πρόβλημα	p r o v l i m a
<|ELL|>πρόκειται	p ɾ o c i t e
<|ELL|>πρόσωπο	p r o s o p o
<|ELL|>πρώτοσ	p ɾ o t o s
<|ELL|>πωσ	p o s
<|ELL|>πόλη	p o l i
<|ELL|>πότε	p o t e
<|ELL|>πύργο	p i r ɣ o
<|ELL|>πύργου	p i r ɣ u
<|ELL|>πώσ	p o s
<|ELL|>ρέθυμνο	ɾ e θ i m n o
<|ELL|>ρε	ɾ e
<|ELL|>ρώμη	ɾ o m i
<|ELL|>ρώτησα	ɾ o t i s a
<|ELL|>σίγουροσ	s i ɣ u ɾ o s
<|ELL|>σελήνη	s e l i n i
<|ELL|>σεπτέμβριοσ	s e p t e ɱ v ɾ i o s
<|ELL|>σημάδια	s i m a ð ʝ a
<|ELL|>σημαδιών	s i m a ð ʝ o n
<|ELL|>σιγά	s i ɣ a
<|ELL|>σκάνδαλο	s k a n ð a l o
<|ELL|>σκληρή	s k l i r i
<|ELL|>σκυλίτσα	s c i l i t s a
<|ELL|>σκόπια	s k o p ç a
<|ELL|>σοκάκι	s o k a c i
<|ELL|>σουτ	s u t
<|ELL|>σοφίασ	s o f i a s
<|ELL|>σοφόσ	s o f o s
<|ELL|>σοφότερο	s o f o t e ɾ o
<|ELL|>σούταρε	s u t a ɾ e
<|ELL|>σπίτι	s p i t i
<|ELL|>σπιτική	s p i t i c i
<|ELL|>στάνη	s t a n i
<|ELL|>στέλιοσ	s t e ʎ o s
<|ELL|>στέλλα	s t e l a
<|ELL|>στα	s t a
<|ELL|>σταγόνα	s t a ɣ o n a
<|ELL|>σταματημένοσ	s t a m a t i m e n o s
<|ELL|>στη	s t i
<|ELL|>στην	s t i n
<|ELL|>στισ	s t i s
<|ELL|>στον	s t o n
<|ELL|>στουσ	s t u s
<|ELL|>στρίβω	s t ɾ i v o
<|ELL|>στρατοπέδου	s t ɾ a t o p e ð u
<|ELL|>στρώμα	s t ɾ o m a
<|ELL|>στυμμένη	s t i m e n i
<|ELL|>συγγνώμη	s i ŋ ɣ n o m i
<|ELL|>συγγραφέα	s i ŋ ɣ r a f e a
<|ELL|>συγγραφέασ	s i ŋ ɣ r a f e a s
<|ELL|>συγγραφείσ	s i ŋ ɣ r a f i s
<|ELL|>συγνώμη	s i ɣ n o m i
<|ELL|>συγχαρητήρια	s i ŋ x a ɾ i t i ɾ i a
<|ELL|>συζητούμε	s i z i t u m e
<|ELL|>συλλέκτησ	s i l e k t i s
<|ELL|>συμβούλιο	s i ɱ v u l i o
<|ELL|>συμπεριφορά	s i m b e ɾ i f o ɾ a
<|ELL|>συμφωνώ	s i ɱ f o n o
<|ELL|>συνέχεια	s i n e ç i a
<|ELL|>συνήθωσ	s i n i θ o s
<|ELL|>συνεθλίβη	s i n e θ l i v i
<|ELL|>συνετρίβη	s i n e t ɾ i v i
<|ELL|>συνεχίζουμε	s i n e ç i z u m e
<|ELL|>συνεχώσ	s i n e x o s
<|ELL|>συνηθισμένη	s i n i θ i z m e n i
<|ELL|>συνηθισμένο	s i n i θ i z m e n o
<|ELL|>συριζα	s i ɾ i z a
<|ELL|>σφιχτά	s f i x t a
<|ELL|>σφυρί	s f i r i
<|ELL|>σχετικά	s ç e t i k a
<|ELL|>σύμβουλοσ	s i ɱ v u l o s
<|ELL|>σύνορα	s i n o r a
<|ELL|>σύνταξη	s i n d a k s i
<|ELL|>σύστημα	s i s t i m a
<|ELL|>σώμα	s o m a
<|ELL|>τάχα	t a x a
<|ELL|>τέλεια	t e l i a
<|ELL|>τέταρτο	t e t a ɾ t o
<|ELL|>τέχνη	t e x n i
<|ELL|>ταλέντο	t a l e n d o
<|ELL|>ταμείο	t a m i o
<|ELL|>ταχύτητα	t a ç i t i t a
<|ELL|>τελευταία	t e l e f t e a
<|ELL|>τελευταίοσ	t e l e f t e o s
<|ELL|>τεχνολογία	t e x n o l o ʝ i a
<|ELL|>τεχνολογίασ	t e x n o l o ʝ i a s
<|ELL|>τεχνολογιών	t e x n o l o ʝ i o n
<|ELL|>τζάκι	d z a c i
<|ELL|>τζάμπα	t s a m b a
<|ELL|>τησ	t i s
<|ELL|>τιμή	t i m i
<|ELL|>τιμόνι	t i m o n i
<|ELL|>το	t o
<|ELL|>τον	t o n
<|ELL|>τοποθετημένοσ	t o p o θ e t o
<|ELL|>τούρτα	t u ɾ t a
<|ELL|>τρίκαλα	t ɾ i k a l a
<|ELL|>τραγούδησα	t ɾ a ɣ u ð i s a
<|ELL|>τραπέζι	t ɾ a p e z i
<|ELL|>τρεισ	t ɾ i s
<|ELL|>τρεισήμισι	t ɾ i s i m i s i
<|ELL|>τρελή	t r e l i
<|ELL|>τρελαίνομαι	t ɾ e l e n o m e
<|ELL|>τριάντα	t r i a n d a
<|ELL|>τριμμένη	t r i m e n i
<|ELL|>των	t o n
<|ELL|>τόση	t o s i
<|ELL|>τόσο	t o s o
<|ELL|>τόσοσ	t o s o s
<|ELL|>τύχη	t i ç i
<|ELL|>υγεία	i ʝ i a
<|ELL|>υδράργυροσ	i ð ɾ a ɾ ʝ i ɾ o s
<|ELL|>υπέρ	i p e r
<|ELL|>υπέροχη	i p e ɾ o ç i
<|ELL|>υπεύθυνοσ	i p e f θ i n o s
<|ELL|>υπομονή	i p o m o n i
<|ELL|>υπουργόσ	i p u ɾ ɣ o s
<|ELL|>υπόψη	i p o p s i
<|ELL|>υόρκη	i o ɾ c i
<|ELL|>φάρμακο	f a r m a k o
<|ELL|>φέτοσ	f e t o s
<|ELL|>φίδι	f i ð i
<|ELL|>φίλο	f i l o
<|ELL|>φαντάζομαι	f a n d a z o m e
<|ELL|>φαντασία	f a n d a s i a
<|ELL|>φανταστική	f a n d a s t i ç i
<|ELL|>φαρμακείο	f a r m a c i o
<|ELL|>φασαρία	f a s a ɾ i a
<|ELL|>φασούλι	f a s u l i
<|ELL|>φεβρουάριο	f e v ɾ u a ɾ i o
<|ELL|>φεβρουαρίου	f e v ɾ u a ɾ i u
<|ELL|>φιλοσοφία	f i l o s o f i a
<|ELL|>φλεβάρη	f l e v a ɾ i
<|ELL|>φλερτ	f l e ɾ t
<|ELL|>φλόριντα	f l o ɾ i d a
<|ELL|>φλώροσ	f l o ɾ o s
<|ELL|>φορολογία	f o ɾ o l o ʝ i a
<|ELL|>φυσικά	f i s i k a
<|ELL|>φυτικέσ	f i t i c e s
<|ELL|>φωνή	f o n i
<|ELL|>φόρα	f o ɾ a
<|ELL|>φόρεσα	f o ɾ e s a
<|ELL|>χάριν	x a r i n
<|ELL|>χάρτησ	x a r t i s
<|ELL|>χέρι	ç e ɾ i
<|ELL|>χίλια	ç i ʎ a
<|ELL|>χίο	ç i o
<|ELL|>χίου	ç i u
<|ELL|>χαίρε	ç e r e
<|ELL|>χαμηλόσ	x a m i l o s
<|ELL|>χαμόγελο	x a m o ʝ e l o
<|ELL|>χανιά	x a ɲ a
<|ELL|>χαρτί	x a ɾ t i
<|ELL|>χαρτζιλίκι	x a ɾ d z i l i c i
<|ELL|>χείλη	ç i l i
<|ELL|>χειρότεροσ	ç i ɾ o t e ɾ o s
<|ELL|>χιόνι	ç o n i
<|ELL|>χοντρή	x o d r i
<|ELL|>χοντρό	x o n d ɾ o
<|ELL|>χρήματα	x r i m a t a
<|ELL|>χρειάζεται	x ɾ i a z e t e
<|ELL|>χρειάστηκε	x ɾ i a s t i c e
<|ELL|>χρησιμοποίησα	x ɾ i s i m o p i i s a
<|ELL|>χρησιμοποιήσεισ	x ɾ i s i m o p i i s i s
<|ELL|>χρησιμοποιούμε	x ɾ i s i m o p i u m e
<|ELL|>χριστουγέννων	x ɾ i s t u ʝ e n o n
<|ELL|>χριστούγεννα	x ɾ i s t u ʝ e n a
<|ELL|>χρονιά	x r o ɲ a
<|ELL|>χρονολογία	x r o n o l o ʝ i a
<|ELL|>χρονών	x ɾ o n o n
<|ELL|>χρόνοσ	x ɾ o n o s
<|ELL|>χρώμα	x ɾ o m a
<|ELL|>χτύπαγα	x t i p a ɣ a
<|ELL|>χύτρα	ç i t ɾ a
<|ELL|>ψήφο	p s i f o
<|ELL|>ψήφου	p s i f u
<|ELL|>ψήφουσ	p s i f u s
<|ELL|>ψημένοσ	p s i m e n o s
<|ELL|>ψηφιακή	p s i f i a c i
<|ELL|>ψηφιακού	p s i f i a k u
<|ELL|>ψηφοδέλτιο	p s i f o ð e l t i o
<|ELL|>ψηφοφορία	p s i f o f o ɾ i a
<|ELL|>ψωμάκι	p s o m a c i
<|ELL|>ψωμί	p s o m i
<|ELL|>ωστόσο	o s t o s o
<|ELL|>όμορφη	o m o ɾ f i
<|ELL|>όμορφου	o m o ɾ f u
<|ELL|>όνομα	o n o m a
<|ELL|>όντασ	o n d a s
<|ELL|>όντωσ	o n d o s
<|ELL|>όπλο	o p l o
<|ELL|>όποιο	o p ç o
<|ELL|>ότι	o t i
<|ELL|>όφελοσ	o f e l o s
<|ELL|>ύφεση	i f e s i
<|ELL|>ώρα	o r a
<|ELL|>ώριμα	o ɾ i m a
<|ELL|>ώριμη	o ɾ i m i
<|ELL|>ώστε	o s t e
<|ELL|>ὑπογραφείσ	i p o ɣ r a f i s
<|RUS|>явственно	j a f s t vʲ i n a
<|RUS|>гомер	ɡ a mʲ e r
<|RUS|>сплетавший	s p lʲ i t a f ʂ i j
<|RUS|>усыновляйте	u s i n a v lʲ a j tʲ e
<|RUS|>льда	lʲ d a
<|RUS|>прозвучишь	p r a z v u t͡ɕ i ʂ
<|RUS|>сатирах	s a tʲ i r a x
<|RUS|>ремиксов	rʲ i mʲ i k s a f
<|RUS|>залепляю	z a lʲ i p lʲ a j u
<|RUS|>абсорбированиями	a p s a r bʲ i r a v a nʲ i j a mʲ i
<|RUS|>плавкою	p ɫ a f k a j u
<|RUS|>зашумит	z a ʂ u mʲ i t
<|RUS|>мужененавистничествам	m u ʐ i nʲ i n a vʲ i sʲ nʲ i t͡ɕ i s t v a m
<|RUS|>золотистым	z a ɫ a tʲ i s t i m
<|RUS|>катерочках	k a tʲ i r o t͡ɕ k a x
<|RUS|>смеялось	s mʲ i j a ɫ a sʲ
<|RUS|>замыслу	z a m i s ɫ u
<|RUS|>семиугольника	sʲ i mʲ i u ɡ o lʲ nʲ i k a
<|RUS|>присягнувши	p rʲ i sʲ i ɡ n u f ʂ i
<|RUS|>поносят	p a n o sʲ a t
<|RUS|>изучитесь	i z u t͡ɕ i tʲ i sʲ
<|RUS|>помойкою	p a m o j k a j u
<|RUS|>англицизациею	a n ɡ lʲ i t͡s i z a t͡s i j i j u
<|RUS|>прыщавый	p r i ɕː a v i j
<|RUS|>усопла	u s o p ɫ a
<|RUS|>полетать	p a lʲ i t a tʲ
<|RUS|>укутывающий	u k u t i v a j u ɕː i j
<|RUS|>муруй	m u r u j
<|RUS|>суммируешь	s u mʲ i r u j i ʂ
<|RUS|>секта	sʲ e k t a
<|RUS|>заклейте	z a k lʲ e j tʲ e
<|RUS|>амилазой	a mʲ i ɫ a z a j
<|RUS|>посодействовать	p a s a dʲ e j s t v a v a tʲ
<|RUS|>опьянивший	a p ⁽ʲ ⁾ j i nʲ i f ʂ i j
<|RUS|>заговаривайтесь	z a ɡ a v a rʲ i v a j tʲ i sʲ
<|RUS|>ужесточения	u ʐ i s t a t͡ɕ e nʲ i j a
<|RUS|>расправах	r a s p r a v a x
<|RUS|>летный	lʲ e t n i j
<|RUS|>дубу	d u b u
<|RUS|>загадит	z a ɡ a dʲ i t
<|RUS|>пропитайтесь	p r a pʲ i t a j tʲ i sʲ
<|RUS|>отсчётах	a t͡ɕ ɕː o t a x
<|RUS|>десницу	dʲ i sʲ nʲ i t͡s u
<|RUS|>обуевала	a b u j i v a ɫ a
<|RUS|>вертлуг	vʲ i r t ɫ u k
<|RUS|>навевавший	n a vʲ i v a f ʂ i j
<|RUS|>полиграфиях	p a lʲ i ɡ r a fʲ i j a x
<|RUS|>западаешь	z a p a d a j i ʂ
<|RUS|>дозрею	d a z rʲ e j u
<|RUS|>взыскиваете	v z i s kʲ i v a j i tʲ e
<|RUS|>изъянами	i z j a n a mʲ i
<|RUS|>метафизику	mʲ i t a fʲ i zʲ i k u
<|RUS|>веселеешь	vʲ i sʲ i lʲ e j i ʂ
<|RUS|>технократию	tʲ i x n a k r a tʲ i j u
<|RUS|>пригородом	p rʲ i ɡ a r a d a m
<|RUS|>пионеров	pʲ i a nʲ e r a f
<|RUS|>поручительством	p a r u t͡ɕ i tʲ i lʲ s t v a m
<|RUS|>гостьях	ɡ o sʲ tʲ j a x
<|RUS|>подтягиваюсь	p a tʲː a ɡʲ i v a j u sʲ
<|RUS|>присчитывай	p rʲ i ɕː i t i v a j
<|RUS|>оттаяло	a t a j i ɫ a
<|RUS|>опушалась	a p u ʂ a ɫ a sʲ
<|RUS|>поклонничество	p a k ɫ o nʲ i t͡ɕ i s t v a
<|RUS|>аблаутов	a b ɫ a u t a f
<|RUS|>отекаю	a tʲ i k a j u
<|RUS|>стипендий	sʲ tʲ i pʲ e nʲ dʲ i j
<|RUS|>кромкой	k r o m k a j
<|RUS|>вляпался	v lʲ a p a ɫ s ⁽ʲ ⁾ a
<|RUS|>уверовать	u vʲ e r a v a tʲ
<|RUS|>тускневши	t u s k nʲ e f ʂ i
<|RUS|>прокалываешь	p r a k a ɫ i v a j i ʂ
<|RUS|>сконфузят	s k a n f u zʲ a t
<|RUS|>извиняли	i z vʲ i nʲ a lʲ i
<|RUS|>пофигизмами	p a fʲ i ɡʲ i z m a mʲ i
<|RUS|>мурзиками	m u r zʲ i k a mʲ i
<|RUS|>реквизициями	rʲ i k vʲ i zʲ i t͡s i j a mʲ i
<|RUS|>администрациях	a d mʲ i nʲ i s t r a t͡s i j a x
<|RUS|>оттащила	a t a ɕː i ɫ a
<|RUS|>сроднивший	s r a dʲ nʲ i f ʂ i j
<|RUS|>недолюбливайте	nʲ i d a lʲ u b lʲ i v a j tʲ e
<|RUS|>множится	m n o ʐ i t͡s a
<|RUS|>нарды	n a r d i
<|RUS|>истеки	i sʲ tʲ i kʲ i
<|RUS|>правоохранительный	p r a v a a x r a nʲ i tʲ i lʲ n i j
<|RUS|>выскабливая	v i s k a b lʲ i v a j a
<|RUS|>аудите	a u dʲ i tʲ e
<|RUS|>обвил	a b vʲ i ɫ
<|RUS|>шепнув	ʂ i p n u f
<|RUS|>горкой	ɡ o r k a j
<|RUS|>флексийный	f lʲ i k sʲ i j n i j
<|RUS|>святою	s vʲ i t o j u
<|RUS|>кастаньеты	k a s t a nʲ j e t i
<|RUS|>подействовать	p a dʲ e j s t v a v a tʲ
<|RUS|>кебабах	kʲ i b a b a x
<|RUS|>оживляйтесь	a ʐ i v lʲ a j tʲ i sʲ
<|RUS|>осклабляю	a s k ɫ a b lʲ a j u
<|RUS|>уклонении	u k ɫ a nʲ e nʲ i i
<|RUS|>адекватностях	a d i k v a t n a sʲ tʲ a x
<|RUS|>анализирует	a n a lʲ i zʲ i r u j i t
<|RUS|>лосося	ɫ a s o sʲ a
<|RUS|>бабосам	b a b o s a m
<|RUS|>восстанут	v a s t a n u t
<|RUS|>красив	k r a sʲ i f
<|RUS|>чайковский	t͡ɕ i j k o f s kʲ i j
<|RUS|>асинхронный	a sʲ i n x r o n i j
<|RUS|>мировыми	mʲ i r a v i mʲ i
<|RUS|>вакансию	v a k a n ⁽ʲ ⁾ sʲ i j u
<|RUS|>водяного	v a dʲ i n o v a
<|RUS|>обросший	a b r o ʂ i j
<|RUS|>текилах	tʲ i kʲ i ɫ a x
<|RUS|>насаждавши	n a s a ʐ d a f ʂ i
<|RUS|>дискетах	dʲ i s kʲ e t a x
<|RUS|>приплясывать	p rʲ i p lʲ a s i v a tʲ
<|RUS|>плешь	p lʲ e ʂ
<|RUS|>предъявится	p rʲ i d j a vʲ i t͡s a
<|RUS|>размягчаемый	r a z mʲ i x t͡ɕ a j i m i j
<|RUS|>запрягут	z a p rʲ i ɡ u t
<|RUS|>настучав	n a s t u t͡ɕ a f
<|RUS|>губерниях	ɡ u bʲ e r nʲ i j a x
<|RUS|>унесётесь	u nʲ i sʲ o tʲ i sʲ
<|RUS|>раскачиваемся	r a s k a t͡ɕ i v a j i m sʲ a
<|RUS|>больнаи	b a lʲ n a i
<|RUS|>помазанников	p a m a z a nʲ i k a f
<|RUS|>нумерацией	n u mʲ i r a t͡s i j i j
<|RUS|>изготовлением	i z ɡ a t a v lʲ e nʲ i j i m
<|RUS|>держава	dʲ i r ʐ a v a
<|RUS|>умиришь	u mʲ i rʲ i ʂ
<|RUS|>убежим	u bʲ i ʐ i m
<|RUS|>доводят	d a v o dʲ a t
<|RUS|>отбудьте	a d b u tʲː e
<|RUS|>хиты	xʲ i t i
<|RUS|>силаче	sʲ i ɫ a t͡ɕ e
<|RUS|>прерывавши	p rʲ i r i v a f ʂ i
<|RUS|>зондируем	z a nʲ dʲ i r u j i m
<|RUS|>упроси	u p r a sʲ i
<|RUS|>гирям	ɡʲ i rʲ a m
<|RUS|>назначении	n a z n a t͡ɕ e nʲ i i
<|RUS|>облепляемый	a b lʲ i p lʲ a j i m i j
<|RUS|>реабилитируем	rʲ i a bʲ i lʲ i tʲ i r u j i m
<|RUS|>ликбезам	lʲ i ɡ bʲ e z a m
<|RUS|>мотылькам	m a t i lʲ k a m
<|RUS|>ускоришься	u s k o rʲ i ʂ sʲ a
<|RUS|>фасолей	f a s o lʲ i j
<|RUS|>дуэта	d u e t a
<|RUS|>мимикрий	mʲ i mʲ i k rʲ i j
<|RUS|>мейтнериев	mʲ i j tʲ nʲ e rʲ i j i f
<|RUS|>склеило	s k lʲ e i ɫ a
<|RUS|>буревестника	b u rʲ i vʲ e sʲ nʲ i k a
<|RUS|>благоустрой	b ɫ a ɡ a u s t r o j
<|RUS|>заглинизированности	z a ɡ lʲ i nʲ i zʲ i r a v a n a sʲ tʲ i
<|RUS|>укреплений	u k rʲ i p lʲ e nʲ i j
<|RUS|>гостю	ɡ o sʲ tʲ u
<|RUS|>сгущаюсь	z ɡ u ɕː a j u sʲ
<|RUS|>разговляются	r a z ɡ a v lʲ a j u t͡s a
<|RUS|>биотоксичность	bʲ i a t a k sʲ i t͡ɕ n a sʲ tʲ
<|RUS|>клавдия	k ɫ a v dʲ i j a
<|RUS|>деканаты	d i k a n a t i
<|RUS|>возобновите	v a z a b n a vʲ i tʲ e
<|RUS|>укрылся	u k r i ɫ s ⁽ʲ ⁾ a
<|RUS|>рожаете	r a ʐ a j i tʲ e
<|RUS|>угрожающий	u ɡ r a ʐ a j u ɕː i j
<|RUS|>толковании	t a ɫ k a v a nʲ i i
<|RUS|>деревяшкой	dʲ i rʲ i vʲ a ʂ k a j
<|RUS|>сачкуйте	s a t͡ɕ k u j tʲ e
<|RUS|>гвардейца	ɡ v a r dʲ e j t͡s a
<|RUS|>завешивайте	z a vʲ e ʂ i v a j tʲ e
<|RUS|>висело	vʲ i sʲ e ɫ a
<|RUS|>капибарами	k a pʲ i b a r a mʲ i
<|RUS|>растило	r a sʲ tʲ i ɫ a
<|RUS|>вазочками	v a z a t͡ɕ k a mʲ i
<|RUS|>льдинок	lʲ dʲ i n a k
<|RUS|>туземцами	t u zʲ e m t͡s a mʲ i
<|RUS|>чахотке	t͡ɕ i x o t kʲ e
<|RUS|>привстающий	p rʲ i f s t a j u ɕː i j
<|RUS|>реликта	rʲ i lʲ i k t a
<|RUS|>отдалять	a d a lʲ a tʲ
<|RUS|>блумфонтейн	b ɫ u m f a n t i j n
<|RUS|>отставший	a t͡s s t a f ʂ i j
<|RUS|>токсичный	t a k sʲ i t͡ɕ n i j
<|RUS|>валенком	v a lʲ i n k a m
<|RUS|>приземлявшийся	p rʲ i zʲ i m lʲ a f ʂ i j sʲ a
<|RUS|>невежественна	nʲ i vʲ e ʐ i s t vʲ i n a
<|RUS|>артистка	a r tʲ i s t k a
<|RUS|>шампуня	ʂ a m p u nʲ a
<|RUS|>негодованию	nʲ i ɡ a d a v a nʲ i j u
<|RUS|>приготовлением	p rʲ i ɡ a t a v lʲ e nʲ i j i m
<|RUS|>магнатов	m a ɡ n a t a f
<|RUS|>вступлениях	f s t u p lʲ e nʲ i j a x
<|RUS|>окопа	a k o p a
<|RUS|>озарила	a z a rʲ i ɫ a
<|RUS|>отворачивающийся	a t v a r a t͡ɕ i v a j u ɕː i j sʲ a
<|RUS|>простудивши	p r a s t u dʲ i f ʂ i
<|RUS|>комиссиями	k a mʲ i sʲ i j a mʲ i
<|RUS|>расхищав	r a s xʲ i ɕː a f
<|RUS|>нарекла	n a rʲ i k ɫ a
<|RUS|>сровняйте	s r a v nʲ a j tʲ e
<|RUS|>осияваешь	a sʲ i j i v a j i ʂ
<|RUS|>инактивирую	i n a k tʲ i vʲ i r u j u
<|RUS|>умудрит	u m u d rʲ i t
<|RUS|>гуглите	ɡ u ɡ lʲ i tʲ e
<|RUS|>пропитывав	p r a pʲ i t i v a f
<|RUS|>самоцвета	s a m a t͡s vʲ e t a
<|RUS|>толстяком	t a ɫ s ⁽ʲ ⁾ tʲ i k o m
<|RUS|>всклокоченный	f s k ɫ a k o t͡ɕ i n i j
<|RUS|>нервничавший	nʲ e r v nʲ i t͡ɕ i f ʂ i j
<|RUS|>борющийся	b o rʲ u ɕː i j sʲ a
<|RUS|>зачитывайся	z a t͡ɕ i t i v a j sʲ a
<|RUS|>остужав	a s t u ʐ a f
<|RUS|>лосьонам	ɫ a sʲ j o n a m
<|RUS|>вальцующий	v a lʲ t͡s u j u ɕː i j
<|RUS|>распиная	r a s pʲ i n a j a
<|RUS|>топазу	t a p a z u
<|RUS|>телетекстах	tʲ e lʲ i tʲ e k s t a x
<|RUS|>подзаголовков	p a d͡z z a ɡ a ɫ o f k a f
<|RUS|>ревел	rʲ i vʲ e ɫ
<|RUS|>благословимся	b ɫ a ɡ a s ɫ a vʲ i m sʲ a
<|RUS|>какую	k a k u j u
<|RUS|>зажглись	z a ʐ ɡ lʲ i sʲ
<|RUS|>орошу	a r a ʂ u
<|RUS|>шарахать	ʂ a r a x a tʲ
<|RUS|>руководств	r u k a v o t͡s t f
<|RUS|>клянчу	k lʲ a nʲ t͡ɕ u
<|RUS|>зацепляло	z a t͡s i p lʲ a ɫ a
<|RUS|>абаданце	a b a d a n t͡s i
<|RUS|>реяв	rʲ e j i f
<|RUS|>ранетки	r a nʲ e t kʲ i
<|RUS|>покладая	p a k ɫ a d a j a
<|RUS|>предпишем	p rʲ i t pʲ i ʂ i m
<|RUS|>бороздим	b a r a zʲ dʲ i m
<|RUS|>нуворишам	n u v a rʲ i ʂ a m
<|RUS|>арке	a r kʲ e
<|RUS|>взбегав	v z bʲ i ɡ a f
<|RUS|>гуманизме	ɡ u m a nʲ i z mʲ e
<|RUS|>рожью	r o ʐ j u
<|RUS|>гидраты	ɡʲ i d r a t i
<|RUS|>доверительностям	d a vʲ i rʲ i tʲ i lʲ n a sʲ tʲ a m
<|RUS|>холодавши	x a ɫ a d a f ʂ i
<|RUS|>тюльпана	tʲ u lʲ p a n a
<|RUS|>выкрасило	v i k r a sʲ i ɫ a
<|RUS|>взвинчивал	v z vʲ i nʲ t͡ɕ i v a ɫ
<|RUS|>вуй	v u j
<|RUS|>маразмы	m a r a z m i
<|RUS|>дисгармониею	dʲ i z ɡ a r m o nʲ i j i j u
<|RUS|>ломаку	ɫ a m a k u
<|RUS|>памятей	p a mʲ i tʲ i j
<|RUS|>вседозволенностях	f sʲ i d a z v o lʲ i n a sʲ tʲ a x
<|RUS|>куркумой	k u r k u m a j
<|RUS|>тушуй	t u ʂ u j
<|RUS|>заносит	z a n o sʲ i t
<|RUS|>киноаппаратом	kʲ i n a a p a r a t a m
<|RUS|>припоминаешь	p rʲ i p a mʲ i n a j i ʂ
<|RUS|>зевал	zʲ i v a ɫ
<|RUS|>накалывать	n a k a ɫ i v a tʲ
<|RUS|>контрактниках	k a n t r a k tʲ nʲ i k a x
<|RUS|>обучавшийся	a b u t͡ɕ a f ʂ i j sʲ a
<|RUS|>упоминаются	u p a mʲ i n a j u t͡s a
<|RUS|>абдеритами	a b dʲ i rʲ i t a mʲ i
<|RUS|>теребейчук	tʲ i rʲ i bʲ i j t͡ɕ u k
<|RUS|>учугов	u t͡ɕ u ɡ a f
<|RUS|>изведав	i z vʲ e d a f
<|RUS|>дополнивший	d a p o ɫ nʲ i f ʂ i j
<|RUS|>давлениям	d a v lʲ e nʲ i j a m
<|RUS|>приколоть	p rʲ i k a ɫ o tʲ
<|RUS|>колосьям	k a ɫ o sʲ j a m
<|RUS|>монголом	m a n ɡ o ɫ a m
<|RUS|>высевок	v i sʲ i v a k
<|RUS|>затешешь	z a tʲ e ʂ i ʂ
<|RUS|>дураков	d u r a k o f
<|RUS|>коренившись	k a rʲ i nʲ i f ʂ i sʲ
<|RUS|>тулии	t u lʲ i i
<|RUS|>выкраиваются	v i k r a i v a j u t͡s a
<|RUS|>мнений	m nʲ e nʲ i j
<|RUS|>просветлевший	p r a s vʲ i t lʲ e f ʂ i j
<|RUS|>первые	pʲ e r v i j e
<|RUS|>буханке	b u x a n kʲ e
<|RUS|>светиться	s vʲ i tʲ i t͡s a
<|RUS|>завораживать	z a v a r a ʐ i v a tʲ
<|RUS|>епитрахилей	j i pʲ i t r a xʲ i lʲ i j
<|RUS|>статейкой	s t a tʲ e j k a j
<|RUS|>вмазывай	v m a z i v a j
<|RUS|>прощанья	p r a ɕː a nʲ j a
<|RUS|>кочевнике	k a t͡ɕ e v nʲ i kʲ e
<|RUS|>хлебцем	x lʲ e p t͡s i m
<|RUS|>употребляли	u p a t rʲ i b lʲ a lʲ i
<|RUS|>хадиса	x a dʲ i s a
<|RUS|>ощетинила	a ɕː i tʲ i nʲ i ɫ a
<|RUS|>сочинением	s a t͡ɕ i nʲ e nʲ i j i m
<|RUS|>приползать	p rʲ i p a ɫ z a tʲ
<|RUS|>съедутся	s j e d u t͡s a
<|RUS|>цесарем	t͡s e s a rʲ i m
<|RUS|>сосною	s a s n o j u
<|RUS|>патрульному	p a t r u lʲ n a m u
<|RUS|>гобелене	ɡ a bʲ i lʲ e nʲ e
<|RUS|>анусах	a n u s a x
<|RUS|>исписывало	i s pʲ i s i v a ɫ a
<|RUS|>бесноватыми	bʲ i s n a v a t i mʲ i
<|RUS|>ризе	rʲ i zʲ e
<|RUS|>террористе	t i r a rʲ i sʲ tʲ e
<|RUS|>прислужили	p rʲ i s ɫ u ʐ i lʲ i
<|RUS|>ослихам	a s ⁽ʲ ⁾ lʲ i x a m
<|RUS|>артистке	a r tʲ i s t kʲ e
<|RUS|>облюю	a b lʲ u j u
<|RUS|>вкрадывалась	f k r a d i v a ɫ a sʲ
<|RUS|>перетекли	pʲ i rʲ i tʲ i k lʲ i
<|RUS|>поправишь	p a p r a vʲ i ʂ
<|RUS|>окаю	o k a j u
<|RUS|>резнями	rʲ i zʲ nʲ a mʲ i
<|RUS|>подворотне	p a d v a r o tʲ nʲ e
<|RUS|>жажда	ʐ a ʐ d a
<|RUS|>прожидях	p r o ʐ i dʲ a x
<|RUS|>хаяли	x a j i lʲ i
<|RUS|>свечнике	s vʲ i t͡ɕ nʲ i kʲ e
<|RUS|>обнажите	a b n a ʐ i tʲ e
<|RUS|>раздвинулись	r a z d vʲ i n u lʲ i sʲ
<|RUS|>подметайте	p a d mʲ i t a j tʲ e
<|RUS|>скороговорка	s k a r a ɡ a v o r k a
<|RUS|>осмотрами	a s m o t r a mʲ i
<|RUS|>крошенный	k r o ʂ i n i j
<|RUS|>растревоживают	r a s t rʲ i v o ʐ i v a j u t
<|RUS|>загар	z a ɡ a r
<|RUS|>толкалось	t a ɫ k a ɫ a sʲ
<|RUS|>сердцебиениях	sʲ i r t͡s i bʲ i j e nʲ i j a x
<|RUS|>обветшалый	a b vʲ i t͡ʂ ʂ a ɫ i j
<|RUS|>трактуете	t r a k t u j i tʲ e
<|RUS|>ненадобный	nʲ i n a d a b n i j
<|RUS|>слёзы	s ⁽ʲ ⁾ lʲ o z i
<|RUS|>перетягивавши	pʲ i rʲ i tʲ a ɡʲ i v a f ʂ i
<|RUS|>ободам	o b a d a m
<|RUS|>увезёшь	u vʲ i zʲ o ʂ
<|RUS|>преградивший	p rʲ i ɡ r a dʲ i f ʂ i j
<|RUS|>засвистим	z a s vʲ i sʲ tʲ i m
<|RUS|>киноактрисой	kʲ i n a a k t rʲ i s a j
<|RUS|>уединявшись	u j i dʲ i nʲ a f ʂ i sʲ
<|RUS|>активизируете	a k tʲ i vʲ i zʲ i r u j i tʲ e
<|RUS|>огонькам	a ɡ a nʲ k a m
<|RUS|>дымили	d i mʲ i lʲ i
<|RUS|>аккомпанировали	a k a m p a nʲ i r a v a lʲ i
<|RUS|>бутилируют	b u tʲ i lʲ i r u j u t
<|RUS|>владиславом	v ɫ a dʲ i s ɫ a v a m
<|RUS|>толкнёшь	t a ɫ k nʲ o ʂ
<|RUS|>затирая	z a tʲ i r a j a
<|RUS|>пользованиях	p o lʲ z a v a nʲ i j a x
<|RUS|>прапорщик	p r a p a r ɕː i k
<|RUS|>соревнуйтесь	s a rʲ i v n u j tʲ i sʲ
<|RUS|>фабрикую	f a b rʲ i k u j u
<|RUS|>восприняла	v a s p rʲ i nʲ i ɫ a
<|RUS|>похоронишь	p a x a r o nʲ i ʂ
<|RUS|>сходна	s x o d n a
<|RUS|>возвышенно	v a z v i ʂ i n a
<|RUS|>автогене	a f t a ɡʲ e nʲ e
<|RUS|>промокавший	p r a m a k a f ʂ i j
<|RUS|>перегрелись	pʲ i rʲ i ɡ rʲ e lʲ i sʲ
<|RUS|>подготовляйте	p a d ɡ a t a v lʲ a j tʲ e
<|RUS|>потребностях	p a t rʲ e b n a sʲ tʲ a x
<|RUS|>одаривая	a d a rʲ i v a j a
<|RUS|>чугунно	t͡ɕ u ɡ u n a
<|RUS|>отваживаемся	a t v a ʐ i v a j i m sʲ a
<|RUS|>презумпциями	p rʲ i z u m p t͡s i j a mʲ i
<|RUS|>расстраивался	r a s t r a i v a ɫ s ⁽ʲ ⁾ a
<|RUS|>довлело	d a v lʲ e ɫ a
<|RUS|>смрадишь	s m r a dʲ i ʂ
<|RUS|>адсорбировав	a t͡s s a r bʲ i r a v a f
<|RUS|>рефракторе	rʲ i f r a k t a rʲ e
<|RUS|>излияниями	i z ⁽ʲ ⁾ lʲ i j a nʲ i j a mʲ i
<|RUS|>гобеленами	ɡ a bʲ i lʲ e n a mʲ i
<|RUS|>приглядывавшийся	p rʲ i ɡ lʲ a d i v a f ʂ i j sʲ a
<|RUS|>эксцессов	i k s t͡s e s a f
<|RUS|>взяточникам	v zʲ a t a t͡ɕ nʲ i k a m
<|RUS|>потёрла	p a tʲ o r ɫ a
<|RUS|>абстрактам	a p s t r a k t a m
<|RUS|>сосками	s o s k a mʲ i
<|RUS|>брёха	b rʲ o x a
<|RUS|>поблагодарить	p a b ɫ a ɡ a d a rʲ i tʲ
<|RUS|>жучков	ʐ u t͡ɕ k o f
<|RUS|>осечкам	a sʲ e t͡ɕ k a m
<|RUS|>специализмы	s pʲ i t͡s i a lʲ i z m i
<|RUS|>сертификата	sʲ i r tʲ i fʲ i k a t a
<|RUS|>гонореи	ɡ a n a rʲ e i
<|RUS|>украдёшь	u k r a dʲ o ʂ
<|RUS|>воздадите	v a z d a dʲ i tʲ e
<|RUS|>прожигаем	p r a ʐ i ɡ a j i m
<|RUS|>бутафорией	b u t a f o rʲ i j i j
<|RUS|>дисциплинировала	dʲ i s t͡s i p lʲ i nʲ i r a v a ɫ a
<|RUS|>осунется	a s u nʲ i t͡s a
<|RUS|>виновницах	vʲ i n o v nʲ i t͡s a x
<|RUS|>питомце	pʲ i t o m t͡s i
<|RUS|>замяло	z a mʲ a ɫ a
<|RUS|>порочили	p a r o t͡ɕ i lʲ i
<|RUS|>деточка	dʲ e t a t͡ɕ k a
<|RUS|>пересказываем	pʲ i rʲ i s k a z i v a j i m
<|RUS|>башке	b a ʂ kʲ e
<|RUS|>поблагодарим	p a b ɫ a ɡ a d a rʲ i m
<|RUS|>дублёнки	d u b lʲ o n kʲ i
<|RUS|>развернувший	r a z vʲ i r n u f ʂ i j
<|RUS|>противоположу	p r o tʲ i v a p a ɫ a ʐ u
<|RUS|>нюхальщики	nʲ u x a lʲ ɕː i kʲ i
<|RUS|>озари	a z a rʲ i
<|RUS|>отчужу	a t͡ɕ u ʐ u
<|RUS|>буферах	b u fʲ i r a x
<|RUS|>дотягивающийся	d a tʲ a ɡʲ i v a j u ɕː i j sʲ a
<|RUS|>венчания	vʲ i nʲ t͡ɕ a nʲ i j a
<|RUS|>окупленный	a k u p lʲ i n i j
<|RUS|>построит	p a s t r o i t
<|RUS|>уязвляя	u j i z v lʲ a j a
<|RUS|>поговорите	p a ɡ a v a rʲ i tʲ e
<|RUS|>царевна	t͡s a rʲ e v n a
<|RUS|>болте	b a ɫ tʲ e
<|RUS|>забил	z a bʲ i ɫ
<|RUS|>люкс	lʲ u k s
<|RUS|>сбило	z bʲ i ɫ a
<|RUS|>чаячий	t͡ɕ a j i t͡ɕ i j
<|RUS|>надававший	n a d a v a f ʂ i j
<|RUS|>конку	k o n k u
<|RUS|>усмехаясь	u s mʲ i x a j i sʲ
<|RUS|>привязь	p rʲ i vʲ i sʲ
<|RUS|>парадигмам	p a r a dʲ i ɡ m a m
<|RUS|>зачёркиваем	z a t͡ɕ o r kʲ i v a j i m
<|RUS|>сущностью	s u ɕː n a sʲ tʲ j u
<|RUS|>подмечавший	p a d mʲ i t͡ɕ a f ʂ i j
<|RUS|>реек	rʲ e j i k
<|RUS|>просветишь	p r a s vʲ e tʲ i ʂ
<|RUS|>нидерландского	nʲ i dʲ i r ɫ a n t s k a v a
<|RUS|>поладив	p a ɫ a dʲ i f
<|RUS|>новоангличанах	n o v a a n ɡ lʲ i t͡ɕ a n a x
<|RUS|>пожирает	p a ʐ i r a j i t
<|RUS|>тарифов	t a rʲ i f a f
<|RUS|>насчёт	n a ɕː o t
<|RUS|>распускавшись	r a s p u s k a f ʂ i sʲ
<|RUS|>забывался	z a b i v a ɫ s ⁽ʲ ⁾ a
<|RUS|>оклемаетесь	a k lʲ i m a j i tʲ i sʲ
<|RUS|>провозя	p r a v a zʲ a
<|RUS|>уделах	u dʲ e ɫ a x
<|RUS|>вытряхивает	v i t rʲ a xʲ i v a j i t
<|RUS|>затрудни	z a t r u dʲ nʲ i
<|RUS|>принимавшись	p rʲ i nʲ i m a f ʂ i sʲ
<|RUS|>прокладывающий	p r a k ɫ a d i v a j u ɕː i j
<|RUS|>русифицируешься	r u sʲ i fʲ i t͡s i r u j i ʂ sʲ a
<|RUS|>створу	s t v o r u
<|RUS|>расходовали	r a s x o d a v a lʲ i
<|RUS|>зачаровав	z a t͡ɕ i r a v a f
<|RUS|>чемпионами	t͡ɕ i m ⁽ʲ ⁾ pʲ i o n a mʲ i
<|RUS|>расчёсывалась	r a ɕ t͡ɕ o s i v a ɫ a sʲ
<|RUS|>заревом	z a rʲ i v a m
<|RUS|>неформально	nʲ i f a r m a lʲ n a
<|RUS|>отслеживает	a t͡s s ⁽ʲ ⁾ lʲ e ʐ i v a j i t
<|RUS|>приглядываем	p rʲ i ɡ lʲ a d i v a j i m
<|RUS|>брюссельский	b rʲ u sʲ e lʲ s kʲ i j
<|RUS|>роках	r o k a x
<|RUS|>раскручивало	r a s k r u t͡ɕ i v a ɫ a
<|RUS|>челнок	t͡ɕ i ɫ n o k
<|RUS|>ремешкам	rʲ i mʲ i ʂ k a m
<|RUS|>ведавший	vʲ e d a f ʂ i j
<|RUS|>иволгою	i v a ɫ ɡ a j u
<|RUS|>колледж	k o lʲ i t͡ʂ ʂ
<|RUS|>проверив	p r a vʲ e rʲ i f
<|RUS|>микросхемы	mʲ i k r a s xʲ e m i
<|RUS|>выясняешь	v i j i sʲ nʲ a j i ʂ
<|RUS|>надколеннике	n a t k a lʲ e nʲ i kʲ e
<|RUS|>перекусят	pʲ i rʲ i k u sʲ a t
<|RUS|>покрученный	p a k r u t͡ɕ i n i j
<|RUS|>затирав	z a tʲ i r a f
<|RUS|>перечтём	pʲ i rʲ i t͡ɕ tʲ o m
<|RUS|>подданству	p o d a n s t v u
<|RUS|>выливался	v i lʲ i v a ɫ s ⁽ʲ ⁾ a
<|RUS|>порастёт	p a r a sʲ tʲ o t
<|RUS|>провайдеры	p r a v a j d i r i
<|RUS|>полемику	p a lʲ e mʲ i k u
<|RUS|>переломлю	pʲ i rʲ i ɫ a m lʲ u
<|RUS|>разъём	r a z j o m
<|RUS|>изменяло	i z mʲ i nʲ a ɫ a
<|RUS|>абсорбатам	a p s a r b a t a m
<|RUS|>писателями	pʲ i s a tʲ i lʲ a mʲ i
<|RUS|>лад	ɫ a t
<|RUS|>ахи	a xʲ i
<|RUS|>извлекут	i z v lʲ i k u t
<|RUS|>взбираетесь	v z bʲ i r a j i tʲ i sʲ
<|RUS|>фотокарточками	f a t a k a r t a t͡ɕ k a mʲ i
<|RUS|>объедаемый	a b j i d a j i m i j
<|RUS|>завалитесь	z a v a lʲ i tʲ i sʲ
<|RUS|>закладывай	z a k ɫ a d i v a j
<|RUS|>урезывав	u rʲ e z i v a f
<|RUS|>приделать	p rʲ i dʲ e ɫ a tʲ
<|RUS|>переставить	pʲ i rʲ i s t a vʲ i tʲ
<|RUS|>кремниев	k rʲ e m nʲ i j i f
<|RUS|>всовавши	f s a v a f ʂ i
<|RUS|>цингою	t͡s i n ɡ o j u
<|RUS|>криптонов	k rʲ i p t o n a f
<|RUS|>гомони	ɡ a m a nʲ i
<|RUS|>думаем	d u m a j i m
<|RUS|>повязанный	p a vʲ a z a n i j
<|RUS|>застрелив	z a s t rʲ i lʲ i f
<|RUS|>апограф	a p o ɡ r a f
<|RUS|>подсолнухе	p a t͡s s o ɫ n u xʲ e
<|RUS|>прививай	p rʲ i vʲ i v a j
<|RUS|>буккеры	b u kʲ i r i
<|RUS|>юмористическая	j u m a rʲ i sʲ tʲ i t͡ɕ i s k a j a
<|RUS|>выдворявши	v i d v a rʲ a f ʂ i
<|RUS|>подлодке	p a d ɫ o t kʲ e
<|RUS|>лапали	ɫ a p a lʲ i
<|RUS|>отщепляйте	a t͡ɕ ɕː i p lʲ a j tʲ e
<|RUS|>заведованием	z a vʲ e d a v a nʲ i j i m
<|RUS|>смудрит	s m u d rʲ i t
<|RUS|>здесь	zʲ dʲ e sʲ
<|RUS|>заимейте	z a i mʲ e j tʲ e
<|RUS|>кувшинках	k u f ʂ i n k a x
<|RUS|>покатаешь	p a k a t a j i ʂ
<|RUS|>подшипникам	p a t͡ʂ ʂ i p nʲ i k a m
<|RUS|>несбыточный	nʲ i z b i t a t͡ɕ n i j
<|RUS|>стоил	s t o i ɫ
<|RUS|>заебать	z a j i b a tʲ
<|RUS|>заразятся	z a r a zʲ a t͡s a
<|RUS|>спросонок	s p r a s o n a k
<|RUS|>заперлись	z a pʲ i r lʲ i sʲ
<|RUS|>героинях	ɡʲ i r a i nʲ a x
<|RUS|>мучу	m u t͡ɕ u
<|RUS|>запираюсь	z a pʲ i r a j u sʲ
<|RUS|>непогрешимый	nʲ i p a ɡ rʲ i ʂ i m i j
<|RUS|>пакистанцы	p a kʲ i s t a n t͡s i
<|RUS|>повертит	p a vʲ e r tʲ i t
<|RUS|>епархия	j i p a r xʲ i j a
<|RUS|>покрышка	p a k r i ʂ k a
<|RUS|>театре	tʲ i a t a rʲ e
<|RUS|>тучности	t u t͡ɕ n a sʲ tʲ i
<|RUS|>спёр	s pʲ o r
<|RUS|>вставишься	f s t a vʲ i ʂ sʲ a
<|RUS|>выправлять	v i p r a v lʲ a tʲ
<|RUS|>ветшаем	vʲ i t͡ʂ ʂ a j i m
<|RUS|>надушу	n a d u ʂ u
<|RUS|>лизнув	lʲ i z n u f
<|RUS|>опасения	a p a sʲ e nʲ i j a
<|RUS|>переливает	pʲ i rʲ i lʲ i v a j i t
<|RUS|>чувствуйте	t͡ɕ u s t v u j tʲ e
<|RUS|>осушал	a s u ʂ a ɫ
<|RUS|>вводимся	v o dʲ i m sʲ a
<|RUS|>секунды	sʲ i k u n d i
<|RUS|>походом	p a x o d a m
<|RUS|>осведомляющийся	a s vʲ i d a m lʲ a j u ɕː i j sʲ a
<|RUS|>плюрализмам	p lʲ u r a lʲ i z m a m
<|RUS|>звенеть	z vʲ i nʲ e tʲ
<|RUS|>пейджер	p e j d͡ʐ ʐ i r
<|RUS|>повалила	p a v a lʲ i ɫ a
<|RUS|>аскетом	a s kʲ e t a m
<|RUS|>синтеза	sʲ i n t i z a
<|RUS|>киноплёнках	kʲ i n a p lʲ o n k a x
<|RUS|>клетку	k lʲ e t k u
<|RUS|>отворачиваюсь	a t v a r a t͡ɕ i v a j u sʲ
<|RUS|>закопушкой	z a k a p u ʂ k a j
<|RUS|>преобразовывавшийся	p rʲ i a b r a z o v i v a f ʂ i j sʲ a
<|RUS|>отборы	a d b o r i
<|RUS|>алкинов	a ɫ kʲ i n a f
<|RUS|>треклистах	t r i k lʲ i s t a x
<|RUS|>обнадёживай	a b n a dʲ o ʐ i v a j
<|RUS|>постылевший	p a s t i lʲ i f ʂ i j
<|RUS|>накалялась	n a k a lʲ a ɫ a sʲ
<|RUS|>горячностей	ɡ a rʲ a t͡ɕ n a sʲ tʲ i j
<|RUS|>отворачивай	a t v a r a t͡ɕ i v a j
<|RUS|>симулируй	sʲ i m u lʲ i r u j
<|RUS|>туманностях	t u m a n a sʲ tʲ a x
<|RUS|>усложняем	u s ɫ a ʐ nʲ a j i m
<|RUS|>разгоняете	r a z ɡ a nʲ a j i tʲ e
<|RUS|>трансляциям	t r a n s ⁽ʲ ⁾ lʲ a t͡s i j a m
<|RUS|>ударяемся	u d a rʲ a j i m sʲ a
<|RUS|>осмысливаемый	a s m i s ⁽ʲ ⁾ lʲ i v a j i m i j
<|RUS|>властолюбия	v ɫ a s t a lʲ u bʲ i j a
<|RUS|>залепляя	z a lʲ i p lʲ a j a
<|RUS|>волокут	v a ɫ a k u t
<|RUS|>шаромыгой	ʂ a r a m i ɡ a j
<|RUS|>черемшах	t͡ɕ i rʲ i m ʂ a x
<|RUS|>остротой	a s t r o t a j
<|RUS|>дружественен	d r u ʐ i s t vʲ i nʲ i n
<|RUS|>ассемблера	a s e m b lʲ i r a
<|RUS|>попросись	p a p r a sʲ i sʲ
<|RUS|>темпераментами	tʲ i m ⁽ʲ ⁾ pʲ i r a mʲ i n t a mʲ i
<|RUS|>утком	u t k o m
<|RUS|>пробурчала	p r a b u r t͡ɕ a ɫ a
<|RUS|>опробованный	a p r o b a v a n i j
<|RUS|>потаскушки	p a t a s k u ʂ kʲ i
<|RUS|>заискивали	z a i s kʲ i v a lʲ i
<|RUS|>гидрологиях	ɡʲ i d r a ɫ o ɡʲ i j a x
<|RUS|>спокойствии	s p a k o j s t vʲ i i
<|RUS|>табличку	t a b lʲ i t͡ɕ k u
<|RUS|>информационный	i n f a r m a t͡s i o n i j
<|RUS|>потопталось	p a t a p t a ɫ a sʲ
<|RUS|>интерпретированный	i n t i r p rʲ i tʲ i r a v a n i j
<|RUS|>кусаем	k u s a j i m
<|RUS|>насылаем	n a s i ɫ a j i m
<|RUS|>сталкиваюсь	s t a ɫ kʲ i v a j u sʲ
<|RUS|>накапливаем	n a k a p lʲ i v a j i m
<|RUS|>систола	sʲ i s t a ɫ a
<|RUS|>миньетчиком	mʲ i nʲ j e t͡ɕ i k a m
<|RUS|>краткам	k r a t k a m
<|RUS|>арумынкой	a r u m i n k a j
<|RUS|>вырисовываться	v i rʲ i s o v i v a t͡s a
<|RUS|>обидами	a bʲ i d a mʲ i
<|RUS|>состряпаете	s a s t rʲ a p a j i tʲ e
<|RUS|>одышка	a d i ʂ k a
<|RUS|>тротуару	t r a t u a r u
<|RUS|>безобразием	bʲ i z a b r a zʲ i j i m
<|RUS|>выспрашиваемый	v i s p r a ʂ i v a j i m i j
<|RUS|>плацента	p ɫ a t͡s e n t a
<|RUS|>фургону	f u r ɡ o n u
<|RUS|>выворачиваете	v i v a r a t͡ɕ i v a j i tʲ e
<|RUS|>выражен	v i r a ʐ i n
<|RUS|>соизволением	s a i z v a lʲ e nʲ i j i m
<|RUS|>раздельно	r a zʲ dʲ e lʲ n a
<|RUS|>олимпийкою	a lʲ i m ⁽ʲ ⁾ pʲ i j k a j u
<|RUS|>сформулировал	s f a r m u lʲ i r a v a ɫ
<|RUS|>вскинул	f s kʲ i n u ɫ
<|RUS|>переболевала	pʲ i rʲ i b a lʲ i v a ɫ a
<|RUS|>съязвил	s j i z vʲ i ɫ
<|RUS|>должные	d o ɫ ʐ n i j e
<|RUS|>вытворяешь	v i t v a rʲ a j i ʂ
<|RUS|>поведываете	p a vʲ e d i v a j i tʲ e
<|RUS|>пригибают	p rʲ i ɡʲ i b a j u t
<|RUS|>сигало	sʲ i ɡ a ɫ a
<|RUS|>опаску	a p a s k u
<|RUS|>амбра	a m b r a
<|RUS|>катране	k a t r a nʲ e
<|RUS|>снашивала	s n a ʂ i v a ɫ a
<|RUS|>смыкал	s m i k a ɫ
<|RUS|>сигналю	sʲ i ɡ n a lʲ u
<|RUS|>разрознивши	r a z r o zʲ nʲ i f ʂ i
<|RUS|>заменялись	z a mʲ i nʲ a lʲ i sʲ
<|RUS|>ухаживавши	u x a ʐ i v a f ʂ i
<|RUS|>налегке	n a lʲ i xʲ kʲ e
<|RUS|>жидкостями	ʐ i t k a sʲ tʲ a mʲ i
<|RUS|>свинина	s vʲ i nʲ i n a
<|RUS|>рисовал	rʲ i s a v a ɫ
<|RUS|>ливийка	lʲ i vʲ i j k a
<|RUS|>чохой	t͡ɕ i x o j
<|RUS|>аллюзиями	a lʲ u zʲ i j a mʲ i
<|RUS|>шумов	ʂ u m a f
<|RUS|>хачике	x a t͡ɕ i kʲ e
<|RUS|>текил	tʲ i kʲ i ɫ
<|RUS|>понудит	p a n u dʲ i t
<|RUS|>самосвалах	s a m a s v a ɫ a x
<|RUS|>вскриков	f s k rʲ i k a f
<|RUS|>силиконы	sʲ i lʲ i k o n i
<|RUS|>плевав	p lʲ i v a f
<|RUS|>тыква	t i k v a
<|RUS|>распространяйся	r a s p r a s t r a nʲ a j sʲ a
<|RUS|>варьируют	v a rʲ j i r u j u t
<|RUS|>интриган	i n t rʲ i ɡ a n
<|RUS|>просвещай	p r a s vʲ i ɕː a j
<|RUS|>завернуть	z a vʲ i r n u tʲ
<|RUS|>поживавший	p a ʐ i v a f ʂ i j
<|RUS|>адсорбируя	a t͡s s a r bʲ i r u j a
<|RUS|>оперативностью	a pʲ i r a tʲ i v n a sʲ tʲ j u
<|RUS|>пополнять	p a p a ɫ nʲ a tʲ
<|RUS|>врезаете	v rʲ i z a j i tʲ e
<|RUS|>приятны	p rʲ i j a t n i
<|RUS|>утопаем	u t o p a j i m
<|RUS|>поели	p a j e lʲ i
<|RUS|>манкой	m a n k a j
<|RUS|>садит	s a dʲ i t
<|RUS|>опушавшись	a p u ʂ a f ʂ i sʲ
<|RUS|>антидоте	a nʲ tʲ i d o tʲ e
<|RUS|>комбинируешь	k a m ⁽ʲ ⁾ bʲ i nʲ i r u j i ʂ
<|RUS|>сопроводишь	s a p r a v a dʲ i ʂ
<|RUS|>нормированиями	n a r mʲ i r a v a nʲ i j a mʲ i
<|RUS|>кувшинку	k u f ʂ i n k u
<|RUS|>досадовавший	d a s a d a v a f ʂ i j
<|RUS|>орешь	o rʲ i ʂ
<|RUS|>пригодность	p rʲ i ɡ o d n a sʲ tʲ
<|RUS|>сыроваров	s i r a v a r a f
<|RUS|>октябрь	a k tʲ a b rʲ
<|RUS|>прожёвываемый	p r a ʐ o v i v a j i m i j
<|RUS|>касайтесь	k a s a j tʲ i sʲ
<|RUS|>женит	ʐ e nʲ i t
<|RUS|>жёрнов	ʐ o r n a f
<|RUS|>отпугивало	a t p u ɡʲ i v a ɫ a
<|RUS|>файликах	f a j lʲ i k a x
<|RUS|>изобарою	i z a b a r a j u
<|RUS|>размежует	r a z mʲ i ʐ u j i t
<|RUS|>опушайся	a p u ʂ a j sʲ a
<|RUS|>баклага	b a k ɫ a ɡ a
<|RUS|>категоричностей	k a tʲ i ɡ a rʲ i t͡ɕ n a sʲ tʲ i j
<|RUS|>выводкам	v i v a t k a m
<|RUS|>взвешивавши	v z vʲ e ʂ i v a f ʂ i
<|RUS|>проиграешь	p r a i ɡ r a j i ʂ
<|RUS|>энергоносители	i n e r ɡ a n a sʲ i tʲ i lʲ i
<|RUS|>погрешу	p a ɡ rʲ i ʂ u
<|RUS|>промахах	p r o m a x a x
<|RUS|>опером	o pʲ i r a m
<|RUS|>заела	z a j e ɫ a
<|RUS|>котировать	k a tʲ i r a v a tʲ
<|RUS|>неустроенностям	nʲ i u s t r o j i n a sʲ tʲ a m
<|RUS|>подчёркивают	p a t͡ɕ o r kʲ i v a j u t
<|RUS|>генетикам	ɡʲ i n e tʲ i k a m
<|RUS|>каскадам	k a s k a d a m
<|RUS|>вкладывают	f k ɫ a d i v a j u t
<|RUS|>питону	pʲ i t o n u
<|RUS|>искалечило	i s k a lʲ e t͡ɕ i ɫ a
<|RUS|>неумерен	nʲ i u mʲ e rʲ i n
<|RUS|>финансировало	fʲ i n a n ⁽ʲ ⁾ sʲ i r a v a ɫ a
<|RUS|>общо	a p ɕː o
<|RUS|>вампирах	v a m ⁽ʲ ⁾ pʲ i r a x
<|RUS|>выловят	v i ɫ a vʲ a t
<|RUS|>наноса	n a n o s a
<|RUS|>присмотрев	p rʲ i s m a t rʲ e f
<|RUS|>богословы	b a ɡ a s ɫ o v i
<|RUS|>расстилавши	r a sʲ tʲ i ɫ a f ʂ i
<|RUS|>искорёжило	i s k a rʲ o ʐ i ɫ a
<|RUS|>отчисляем	a t͡ɕ i s ⁽ʲ ⁾ lʲ a j i m
<|RUS|>выдачею	v i d a t͡ɕ i j u
<|RUS|>родословными	r a d a s ɫ o v n i mʲ i
<|RUS|>околёсицах	a k a lʲ o sʲ i t͡s a x
<|RUS|>мораторий	m a r a t o rʲ i j
<|RUS|>штрафовал	ʂ t r a f a v a ɫ
<|RUS|>заутрень	z a u t rʲ i nʲ
<|RUS|>придаваемый	p rʲ i d a v a j i m i j
<|RUS|>сдавило	z d a vʲ i ɫ a
<|RUS|>стремянку	s t rʲ i mʲ a n k u
<|RUS|>времечке	v rʲ e mʲ i t͡ɕ kʲ e
<|RUS|>понимаетесь	p a nʲ i m a j i tʲ i sʲ
<|RUS|>присудим	p rʲ i s u dʲ i m
<|RUS|>скорректировал	s k a rʲ i k tʲ i r a v a ɫ
<|RUS|>искусите	i s k u sʲ i tʲ e
<|RUS|>свергала	s vʲ i r ɡ a ɫ a
<|RUS|>трудовой	t r u d a v o j
<|RUS|>заблагорассудим	z a b ɫ a ɡ a r a s u dʲ i m
<|RUS|>пожелтеем	p a ʐ i ɫ tʲ e j i m
<|RUS|>грузимый	ɡ r u zʲ i m i j
<|RUS|>спарывали	s p a r i v a lʲ i
<|RUS|>востоковедам	v a s t a k a vʲ e d a m
<|RUS|>правобережный	p r a v a bʲ i rʲ e ʐ n i j
<|RUS|>жерлах	ʐ e r ɫ a x
<|RUS|>бесполезный	bʲ i s p a lʲ e z n i j
<|RUS|>выпрямлял	v i p rʲ i m lʲ a ɫ
<|RUS|>вытряхнешь	v i t rʲ i x nʲ i ʂ
<|RUS|>ватка	v a t k a
<|RUS|>садку	s a t k u
<|RUS|>заколебать	z a k a lʲ i b a tʲ
<|RUS|>разживалась	r a ʐ i v a ɫ a sʲ
<|RUS|>ворвитесь	v a r vʲ i tʲ i sʲ
<|RUS|>задремлют	z a d rʲ e m lʲ u t
<|RUS|>раскраской	r a s k r a s k a j
<|RUS|>курский	k u r s kʲ i j
<|RUS|>гувернантку	ɡ u vʲ i r n a n t k u
<|RUS|>бризантностях	b rʲ i z a n t n a sʲ tʲ a x
<|RUS|>дружила	d r u ʐ i ɫ a
<|RUS|>контроллера	k a n t r o lʲ i r a
<|RUS|>оканчивавшись	a k a nʲ t͡ɕ i v a f ʂ i sʲ
<|RUS|>тупишь	t u pʲ i ʂ
<|RUS|>библиотекарша	bʲ i b lʲ i a tʲ e k a r ʂ a
<|RUS|>сраженью	s r a ʐ e nʲ j u
<|RUS|>кошелях	k a ʂ i lʲ a x
<|RUS|>вкалывая	f k a ɫ i v a j a
<|RUS|>сливами	s ⁽ʲ ⁾ lʲ i v a mʲ i
<|RUS|>полутьмах	p a ɫ u tʲ m a x
<|RUS|>выдают	v i d a j u t
<|RUS|>путаюсь	p u t a j u sʲ
<|RUS|>совратили	s a v r a tʲ i lʲ i
<|RUS|>мановении	m a n a vʲ e nʲ i i
<|RUS|>матрасами	m a t r a s a mʲ i
<|RUS|>лесоматериалам	lʲ e s a m a tʲ i rʲ i a ɫ a m
<|RUS|>привяжу	p rʲ i vʲ i ʐ u
<|RUS|>деспотами	dʲ e s p a t a mʲ i
<|RUS|>пропитаниях	p r a pʲ i t a nʲ i j a x
<|RUS|>отворяв	a t v a rʲ a f
<|RUS|>мясорубками	mʲ i s a r u p k a mʲ i
<|RUS|>укутавши	u k u t a f ʂ i
<|RUS|>дынями	d i nʲ a mʲ i
<|RUS|>мудоёба	m u d a j o b a
<|RUS|>подстраховал	p a t͡s s t r a x a v a ɫ
<|RUS|>обзвонит	a b z v a nʲ i t
<|RUS|>лейкозом	lʲ i j k o z a m
<|RUS|>установит	u s t a n o vʲ i t
<|RUS|>совершатся	s a vʲ i r ʂ a t͡s a
<|RUS|>десятиугольнику	dʲ i sʲ i tʲ i u ɡ o lʲ nʲ i k u
<|RUS|>упрятав	u p rʲ a t a f
<|RUS|>щитках	ɕː i t k a x
<|RUS|>недоедавший	nʲ i d a j i d a f ʂ i j
<|RUS|>запросят	z a p r o sʲ a t
<|RUS|>лженаука	ɫ ʐ i n a u k a
<|RUS|>вёзся	vʲ o sʲ a
<|RUS|>одинока	a dʲ i n o k a
<|RUS|>выдавливая	v i d a v lʲ i v a j a
<|RUS|>котелки	k a tʲ i ɫ kʲ i
<|RUS|>придерусь	p rʲ i dʲ i r u sʲ
<|RUS|>типажах	tʲ i p a ʐ a x
<|RUS|>ангстрем	a n k s t r i m
<|RUS|>жестокий	ʐ i s t o kʲ i j
<|RUS|>посвистывали	p a s vʲ i s t i v a lʲ i
<|RUS|>удочерениях	u d a t͡ɕ i rʲ e nʲ i j a x
<|RUS|>азиками	a zʲ i k a mʲ i
<|RUS|>привинти	p rʲ i vʲ i nʲ tʲ i
<|RUS|>синхронизаций	sʲ i n x r a nʲ i z a t͡s i j
<|RUS|>заржаветь	z a r ʐ a vʲ i tʲ
<|RUS|>отлежалась	a t lʲ i ʐ a ɫ a sʲ
<|RUS|>девайсам	dʲ i v a j s a m
<|RUS|>эликсиром	i lʲ i k sʲ i r a m
<|RUS|>взмётываемый	v z mʲ o t i v a j i m i j
<|RUS|>откраиваешь	a t k r a i v a j i ʂ
<|RUS|>пионеру	pʲ i a nʲ e r u
<|RUS|>акойт	a k o j t
<|RUS|>дотаскав	d a t a s k a f
<|RUS|>завершало	z a vʲ i r ʂ a ɫ a
<|RUS|>нику	nʲ i k u
<|RUS|>разъяряете	r a z j i rʲ a j i tʲ e
