ɑɡdɛbs	ɑ ɡ d ɛ b s
ɑɡɛntʼis	ɑ ɡ ɛ n tʼ i s
ɑɡrɛsiulɔbɑ	ɑ ɡ r ɛ s i u l ɔ b ɑ
ɑdɑmiɑns	ɑ d ɑ m i ɑ n s
ɑdɑmiɑnuri	ɑ d ɑ m i ɑ n u r i
ɑdɑpʼtʼɑt͡sʰiɑ	ɑ d ɑ pʼ tʼ ɑ t͡s i ɑ
ɑvɑdmqʼɔpʰɔbɑ	ɑ v ɑ d m qʼ ɔ pʰ ɔ b ɑ
ɑvɑdmqʼɔpʰɔbs	ɑ v ɑ d m qʼ ɔ pʰ ɔ b s
ɑvɑldɛbulɛbs	ɑ v ɑ l d ɛ b u l ɛ b s
ɑvstʼriɑ	ɑ v s tʼ r i ɑ
ɑvtʼɔkʼɔlɔnɑ	ɑ v tʼ ɔ kʼ ɔ l ɔ n ɑ
ɑvtʼɔmɑtʼuri	ɑ v tʼ ɔ m ɑ tʼ u r i
ɑvʁɑnɛtʰi	ɑ v ɣ ɑ n ɛ tʰ i
ɑzri	ɑ z r i
ɑzris	ɑ z r i s
ɑzʁudi	ɑ z ɣ u d i
ɑtʰbɔbs	ɑ tʰ b ɔ b s
ɑtʰɛni	ɑ tʰ ɛ n i
ɑkʼrd͡zɑlvitʰɑd	ɑ kʼ r d͡z ɑ l v i tʰ ɑ d
ɑkʼustʼikʼuri	ɑ kʼ u s tʼ i kʼ u r i
ɑlɛkʰsɑndrɛ	ɑ l ɛ kʰ s ɑ n d r ɛ
ɑmɑɔ	ɑ m ɑ ɔ
ɑmɛrikʼɛli	ɑ m ɛ r i kʼ ɛ l i
ɑmtʰɑvrɛbs	ɑ m tʰ ɑ v r ɛ b s
ɑmindi	ɑ m i n d i
ɑmnistʼiɑ	ɑ m n i s tʼ i ɑ
ɑmɔmt͡sʼurɑvɑd	ɑ m ɔ m t͡sʼ u r ɑ v ɑ d
ɑnɑbɑri	ɑ n ɑ b ɑ r i
ɑnbɑni	ɑ n b ɑ n i
ɑnɔmɑlurɑd	ɑ n ɔ m ɑ l u r ɑ d
ɑpʼɑrɑtʼis	ɑ pʼ ɑ r ɑ tʼ i s
ɑpʼɔkʼɑlipʰsuri	ɑ pʼ ɔ kʼ ɑ l i pʰ s u r i
ɑpʼrilmɑ	ɑ pʼ r i l m ɑ
ɑrɑbid͡zɛ	ɑ r ɑ b i d͡z ɛ
ɑrɑbunɛbrivi	ɑ r ɑ b u n ɛ b r i v i
ɑrɑzustʼi	ɑ r ɑ z u s tʼ i
ɑrɑtʰɑnɑbɑri	ɑ r ɑ tʰ ɑ n ɑ b ɑ r i
ɑrɑpʼrɔpʰɛsiɔnɑluri	ɑ r ɑ pʼ r ɔ pʰ ɛ s i ɔ n ɑ l u r i
ɑrɑst͡sʼɔri	ɑ r ɑ s t͡sʼ ɔ r i
ɑrɡɛntʼinɑ	ɑ r ɡ ɛ n tʼ i n ɑ
ɑrɡumɛntʼɑt͡sʰiɑ	ɑ r ɡ u m ɛ n tʼ ɑ t͡s i ɑ
ɑrdi	ɑ r d i
ɑris	ɑ r i s
ɑrnɑχuli	ɑ r n ɑ x u l i
ɑrsɛnɑli	ɑ r s ɛ n ɑ l i
ɑrsitʰ	ɑ r s i tʰ
ɑrtʼistʼuli	ɑ r tʼ i s tʼ u l i
ɑrkʰitʼɛkʰtʼurulɑd	ɑ r kʰ i tʼ ɛ kʰ tʼ u r u l ɑ d
ɑrqʼɔpʰnɑ	ɑ r qʼ ɔ pʰ n ɑ
ɑrt͡sʰɛrtʰi	ɑ r t͡s ɛ r tʰ i
ɑrχi	ɑ r x i
ɑst͡sʼliɑni	ɑ s t͡sʼ l i ɑ n i
ɑtʼɛniɑnɛbs	ɑ tʼ ɛ n i ɑ n ɛ b s
ɑuditʼi	ɑ u d i tʼ i
ɑkʰɑnɛ	ɑ kʰ ɑ n ɛ
ɑkʰɛtʰ	ɑ kʰ ɛ tʰ
ɑkʰtʼiurɑd	ɑ kʰ tʼ i u r ɑ d
ɑʁbɛt͡ʃʼdili	ɑ ɣ b ɛ t͡ʃʼ d i l i
ɑʁɡznɛbuli	ɑ ɣ ɡ z n ɛ b u l i
ɑʁmɔɑt͡ʃʰinɛ	ɑ ɣ m ɔ ɑ t͡ʃ i n ɛ
ɑʁniʃnɑvs	ɑ ɣ n i ʃ n ɑ v s
ɑʁt͡sʼɛrɑ	ɑ ɣ t͡sʼ ɛ r ɑ
ɑʁt͡sʼɛritʰ	ɑ ɣ t͡sʼ ɛ r i tʰ
ɑqʼruɛbs	ɑ qʼ r u ɛ b s
ɑt͡sʰdɛnili	ɑ t͡s d ɛ n i l i
ɑt͡sʰχɔbs	ɑ t͡s x ɔ b s
ɑt͡sʼqʼvɛtʼinɛbs	ɑ t͡sʼ qʼ v ɛ tʼ i n ɛ b s
ɑχɑlɡɑzrdɑ	ɑ x ɑ l ɡ ɑ z r d ɑ
ɑχɑrisχɛbs	ɑ x ɑ r i s x ɛ b s
ɑd͡ʒikʼɑ	ɑ d͡ʒ i kʼ ɑ
bɑdmintʼɔni	b ɑ d m i n tʼ ɔ n i
bɑzɛli	b ɑ z ɛ l i
bɑirɑmi	b ɑ i r ɑ m i
bɑnkʼiri	b ɑ n kʼ i r i
bɑrdi	b ɑ r d i
bɑrikʼɑdɑ	b ɑ r i kʼ ɑ d ɑ
bɑrsɛlɔnɑ	b ɑ r s ɛ l ɔ n ɑ
bɑskʼi	b ɑ s kʼ i
bɑtʼɑrɛɑ	b ɑ tʼ ɑ r ɛ ɑ
bɛɡi	b ɛ ɡ i
bɛlɑ	b ɛ l ɑ
bɛrd͡znuli	b ɛ r d͡z n u l i
bɛt͡sʼvi	b ɛ t͡sʼ v i
binɑ	b i n ɑ
biurɔ	b i u r ɔ
bit͡ʃʼi	b i t͡ʃʼ i
bɔmbɑvs	b ɔ m b ɑ v s
bɔrkʼili	b ɔ r kʼ i l i
bɔrtʼzɛ	b ɔ r tʼ z ɛ
brd͡zɛni	b r d͡z ɛ n i
brd͡zɔlɑ	b r d͡z ɔ l ɑ
brd͡zɔlɑm	b r d͡z ɔ l ɑ m
burdʁɑ	b u r d ɣ ɑ
bukʰsiri	b u kʰ s i r i
ɡɑɑɡrd͡zɛlɛbs	ɡ ɑ ɑ ɡ r d͡z ɛ l ɛ b s
ɡɑɑmdidrɛbs	ɡ ɑ ɑ m d i d r ɛ b s
ɡɑzkʰurɑ	ɡ ɑ z kʰ u r ɑ
ɡɑmɔɑdɡɛbɑ	ɡ ɑ m ɔ ɑ d ɡ ɛ b ɑ
ɡɑmɔitʰkʰmis	ɡ ɑ m ɔ i tʰ kʰ m i s
ɡɑmɔmdinɑrɛ	ɡ ɑ m ɔ m d i n ɑ r ɛ
ɡɑmɔnɑqʼɑri	ɡ ɑ m ɔ n ɑ qʼ ɑ r i
ɡɑmɔsɑsqʼidi	ɡ ɑ m ɔ s ɑ s qʼ i d i
ɡɑmɔsɑt͡sʰdɛli	ɡ ɑ m ɔ s ɑ t͡s d ɛ l i
ɡɑmɔsqʼidvɑ	ɡ ɑ m ɔ s qʼ i d v ɑ
ɡɑmɔt͡sʰdili	ɡ ɑ m ɔ t͡s d i l i
ɡɑmd͡zlɛɔbɑ	ɡ ɑ m d͡z l ɛ ɔ b ɑ
ɡɑnɑtʰlɛbis	ɡ ɑ n ɑ tʰ l ɛ b i s
ɡɑnɑt͡ʃʰɛni	ɡ ɑ n ɑ t͡ʃ ɛ n i
ɡɑnɡɑʃi	ɡ ɑ n ɡ ɑ ʃ i
ɡɑnsɑχlɛbɑ	ɡ ɑ n s ɑ x l ɛ b ɑ
ɡɑnχilvɑ	ɡ ɑ n x i l v ɑ
ɡɑnχɔrt͡sʰiɛlɛbɑ	ɡ ɑ n x ɔ r t͡s i ɛ l ɛ b ɑ
ɡɑrdɛrɔbi	ɡ ɑ r d ɛ r ɔ b i
ɡɑsɑsvlɛli	ɡ ɑ s ɑ s v l ɛ l i
ɡɑsvlɑ	ɡ ɑ s v l ɑ
ɡɑst͡sʼɔrɛbɑ	ɡ ɑ s t͡sʼ ɔ r ɛ b ɑ
ɡɑuʃvɛbs	ɡ ɑ u ʃ v ɛ b s
ɡɑkʰrɔbɑ	ɡ ɑ kʰ r ɔ b ɑ
ɡɑʃɔrdɑ	ɡ ɑ ʃ ɔ r d ɑ
ɡɑd͡zlɛvtʰ	ɡ ɑ d͡z l ɛ v tʰ
ɡɛdi	ɡ ɛ d i
ɡvɑnt͡sʰɑ	ɡ v ɑ n t͡s ɑ
ɡvt͡sʼqʼuriɑ	ɡ v t͡sʼ qʼ u r i ɑ
ɡzɑ	ɡ z ɑ
ɡindɑ	ɡ i n d ɑ
ɡmirɔbɑ	ɡ m i r ɔ b ɑ
ɡɔɡirdi	ɡ ɔ ɡ i r d i
ɡɔɡrɑ	ɡ ɔ ɡ r ɑ
ɡɔimi	ɡ ɔ i m i
ɡɔlɡɔtʰɑ	ɡ ɔ l ɡ ɔ tʰ ɑ
ɡɔniɔ	ɡ ɔ n i ɔ
ɡrd͡zɛli	ɡ r d͡z ɛ l i
ɡrd͡znɔbtʰ	ɡ r d͡z n ɔ b tʰ
ɡuluχvɑd	ɡ u l u x v ɑ d
ɡult͡sʼrpʰɛlɑd	ɡ u l t͡sʼ r pʰ ɛ l ɑ d
ɡult͡sʼrpʰɛlɔbɑ	ɡ u l t͡sʼ r pʰ ɛ l ɔ b ɑ
ɡuriɑd	ɡ u r i ɑ d
dɑblɔbi	d ɑ b l ɔ b i
dɑbnɛlɛbɑ	d ɑ b n ɛ l ɛ b ɑ
dɑɡɛzɑrɛbɑtʰ	d ɑ ɡ ɛ z ɑ r ɛ b ɑ tʰ
dɑɛtʰmɔ	d ɑ ɛ tʰ m ɔ
dɑvɑ	d ɑ v ɑ
dɑvit͡sʼqʼɛtʰ	d ɑ v i t͡sʼ qʼ ɛ tʰ
dɑzɡɑ	d ɑ z ɡ ɑ
dɑtʰmɔbɑ	d ɑ tʰ m ɔ b ɑ
dɑinɑχɑvs	d ɑ i n ɑ x ɑ v s
dɑisi	d ɑ i s i
dɑkʼvirvɛbuli	d ɑ kʼ v i r v ɛ b u l i
dɑliɑ	d ɑ l i ɑ
dɑmɑkʼmɑqʼɔpʰilɛblɑd	d ɑ m ɑ kʼ m ɑ qʼ ɔ pʰ i l ɛ b l ɑ d
dɑmit͡ʃʼɛriɑ	d ɑ m i t͡ʃʼ ɛ r i ɑ
dɑmɔukʼidɛbɛli	d ɑ m ɔ u kʼ i d ɛ b ɛ l i
dɑsɑsruli	d ɑ s ɑ s r u l i
dɑsvɛnɛbɑ	d ɑ s v ɛ n ɛ b ɑ
dɑskʼvnitʰi	d ɑ s kʼ v n i tʰ i
dɑubrundɛbɑ	d ɑ u b r u n d ɛ b ɑ
dɑutʰmɔbs	d ɑ u tʰ m ɔ b s
dɑusd͡ʒɛlɑd	d ɑ u s d͡ʒ ɛ l ɑ d
dɑupʰlɛbɑ	d ɑ u pʰ l ɛ b ɑ
dɑkʰirɑvɛbuli	d ɑ kʰ i r ɑ v ɛ b u l i
dɑd͡zɑbulɔbɑ	d ɑ d͡z ɑ b u l ɔ b ɑ
dɑt͡sʼɛsɛbulɛbɑ	d ɑ t͡sʼ ɛ s ɛ b u l ɛ b ɑ
dɛvnɛbɑ	d ɛ v n ɛ b ɑ
dɛzinpʰɛkʰt͡sʰiɑ	d ɛ z i n pʰ ɛ kʰ t͡s i ɑ
dɛkʼɔrɑt͡sʰiɑ	d ɛ kʼ ɔ r ɑ t͡s i ɑ
dɛlpʰini	d ɛ l pʰ i n i
dɛmɑɡɔɡiɑ	d ɛ m ɑ ɡ ɔ ɡ i ɑ
dɛmɔɡrɑpʰiɑ	d ɛ m ɔ ɡ r ɑ pʰ i ɑ
dɛrɛpʰɑni	d ɛ r ɛ pʰ ɑ n i
dɛsɛrtʼi	d ɛ s ɛ r tʼ i
dɛspʼɔtʼizmi	d ɛ s pʼ ɔ tʼ i z m i
diɑɡɔnɑli	d i ɑ ɡ ɔ n ɑ l i
diɛzi	d i ɛ z i
dividɛndi	d i v i d ɛ n d i
dini	d i n i
disɛrtʼɑt͡sʰiɑ	d i s ɛ r tʼ ɑ t͡s i ɑ
diskʼi	d i s kʼ i
diskʼrɛtʼuli	d i s kʼ r ɛ tʼ u l i
dikʰtʼɔri	d i kʰ tʼ ɔ r i
dɔkʼumɛntʼuri	d ɔ kʼ u m ɛ n tʼ u r i
dɔqʼlɑpʼiɑ	d ɔ qʼ l ɑ pʼ i ɑ
drɑkʼɔni	d r ɑ kʼ ɔ n i
drɔd	d r ɔ d
drɔmɔt͡ʃʼmuli	d r ɔ m ɔ t͡ʃʼ m u l i
drɔʃɑ	d r ɔ ʃ ɑ
ɛɡzɛmɑ	ɛ ɡ z ɛ m ɑ
ɛvɑ	ɛ v ɑ
ɛvɡɛni	ɛ v ɡ ɛ n i
ɛvɔlut͡sʰiuri	ɛ v ɔ l u t͡s i u r i
ɛtʰiɔpʼiɛli	ɛ tʰ i ɔ pʼ i ɛ l i
ɛtʰnikʼurɑd	ɛ tʰ n i kʼ u r ɑ d
ɛtʰnikʼuri	ɛ tʰ n i kʼ u r i
ɛkʼɑtʼɛrinɛ	ɛ kʼ ɑ tʼ ɛ r i n ɛ
ɛkʼɔlɔɡiuri	ɛ kʼ ɔ l ɔ ɡ i u r i
ɛkʼɔnɔmiuri	ɛ kʼ ɔ n ɔ m i u r i
ɛlɛmɛntʼɑrulɑd	ɛ l ɛ m ɛ n tʼ ɑ r u l ɑ d
ɛlɛkʰtʼɔrɑtʼi	ɛ l ɛ kʰ tʼ ɔ r ɑ tʼ i
ɛlt͡ʃʰi	ɛ l t͡ʃ i
ɛmili	ɛ m i l i
ɛrɑqʼi	ɛ r ɑ qʼ i
ɛrtʰdrɔuli	ɛ r tʰ d r ɔ u l i
ɛrtʰχɛl	ɛ r tʰ x ɛ l
ɛrikʼi	ɛ r i kʼ i
ɛskʼɔrtʼi	ɛ s kʼ ɔ r tʼ i
ɛspʼɑnɛtʰi	ɛ s pʼ ɑ n ɛ tʰ i
ɛkʰspʼɛrimɛntʼulɑd	ɛ kʰ s pʼ ɛ r i m ɛ n tʼ u l ɑ d
ɛkʰstʼɑzi	ɛ kʰ s tʼ ɑ z i
vɑrdɑnid͡zɛ	v ɑ r d ɑ n i d͡z ɛ
vɑrdispʰɛri	v ɑ r d i s pʰ ɛ r i
vɑrʃɑvɑ	v ɑ r ʃ ɑ v ɑ
vɑtʼɛrlɔɔ	v ɑ tʼ ɛ r l ɔ ɔ
vɑpʰli	v ɑ pʰ l i
vɑkʰt͡sʰinɑt͡sʰiɑ	v ɑ kʰ t͡s i n ɑ t͡s i ɑ
vɑχ	v ɑ x
vɛlurɔbɑ	v ɛ l u r ɔ b ɑ
vɛrtʼmpʰrɛni	v ɛ r tʼ m pʰ r ɛ n i
vɛrt͡sʰχlis	v ɛ r t͡s x l i s
vtʰkʰvɑ	v tʰ kʰ v ɑ
vibrɑtʼɔri	v i b r ɑ tʼ ɔ r i
vizitʼi	v i z i tʼ i
vizuɑluri	v i z u ɑ l u r i
vnɛbiɑnɑd	v n ɛ b i ɑ n ɑ d
zɑnɡurɑʃvili	z ɑ n ɡ u r ɑ ʃ v i l i
zɛɡɑnɑkʼvɛtʰurɑd	z ɛ ɡ ɑ n ɑ kʼ v ɛ tʰ u r ɑ d
zɛpʼiri	z ɛ pʼ i r i
zɛrɛlɛd	z ɛ r ɛ l ɛ d
zɔmiɛrɛbɑ	z ɔ m i ɛ r ɛ b ɑ
zʁɑpʼɑri	z ɣ ɑ pʼ ɑ r i
tʰɑvisɛburɛbɑ	tʰ ɑ v i s ɛ b u r ɛ b ɑ
tʰɑvistʰvis	tʰ ɑ v i s tʰ v i s
tʰɑvisi	tʰ ɑ v i s i
tʰɑmɑʃi	tʰ ɑ m ɑ ʃ i
tʰɑnɑɡrd͡znɔbɑ	tʰ ɑ n ɑ ɡ r d͡z n ɔ b ɑ
tʰɑnɑmɛdrɔvɛ	tʰ ɑ n ɑ m ɛ d r ɔ v ɛ
tʰɑnɑmɛdrɔvɛd	tʰ ɑ n ɑ m ɛ d r ɔ v ɛ d
tʰɑnɑmɛmɑmulɛ	tʰ ɑ n ɑ m ɛ m ɑ m u l ɛ
tʰɑnɑst͡sʼɔrɔbɑ	tʰ ɑ n ɑ s t͡sʼ ɔ r ɔ b ɑ
tʰɑnɑʃɛmt͡sʼɛ	tʰ ɑ n ɑ ʃ ɛ m t͡sʼ ɛ
tʰɑndɑtʰɑn	tʰ ɑ n d ɑ tʰ ɑ n
tʰɑɔbɑ	tʰ ɑ ɔ b ɑ
tʰɑrɡi	tʰ ɑ r ɡ i
tʰɑqʼvɑnist͡sʰɛmɑ	tʰ ɑ qʼ v ɑ n i s t͡s ɛ m ɑ
tʰɛvzɛbi	tʰ ɛ v z ɛ b i
tʰɛrmɔmɛtʼri	tʰ ɛ r m ɔ m ɛ tʼ r i
tʰvitʰmɑrkʰviɑ	tʰ v i tʰ m ɑ r kʰ v i ɑ
tʰvitʰmpʰrinɑvi	tʰ v i tʰ m pʰ r i n ɑ v i
tʰvitʰnɛburɑd	tʰ v i tʰ n ɛ b u r ɑ d
tʰɔkʼi	tʰ ɔ kʼ i
tʰurkʰɛtʰs	tʰ u r kʰ ɛ tʰ s
tʰχili	tʰ x i l i
iɑpʼɔniitʰ	i ɑ pʼ ɔ n i i tʰ
iɡɑvi	i ɡ ɑ v i
iɡɛbs	i ɡ ɛ b s
idɛntʼuri	i d ɛ n tʼ u r i
idɛɔlɔɡiurɑd	i d ɛ ɔ l ɔ ɡ i u r ɑ d
idumɑli	i d u m ɑ l i
izɔlɑt͡sʰiɑ	i z ɔ l ɑ t͡s i ɑ
imɑmi	i m ɑ m i
impʼrɔvizɑt͡sʰiɑ	i m pʼ r ɔ v i z ɑ t͡s i ɑ
indɑuri	i n d ɑ u r i
indɛkʰsi	i n d ɛ kʰ s i
indɔnɛziuri	i n d ɔ n ɛ z i u r i
induri	i n d u r i
inɛrtʼuli	i n ɛ r tʼ u l i
invɛntʼɑri	i n v ɛ n tʼ ɑ r i
inkʼvizit͡sʰiɑ	i n kʼ v i z i t͡s i ɑ
instʼinkʰtʼuri	i n s tʼ i n kʰ tʼ u r i
instʼitʼutʼis	i n s tʼ i tʼ u tʼ i s
instʼrukʰtʼɑʒi	i n s tʼ r u kʰ tʼ ɑ ʒ i
intʼɛnsiuri	i n tʼ ɛ n s i u r i
inpʰlɑt͡sʰiɑ	i n pʰ l ɑ t͡s i ɑ
inpʰɔrmɑtʼɔri	i n pʰ ɔ r m ɑ tʼ ɔ r i
irɛmi	i r ɛ m i
irlɑndiɛli	i r l ɑ n d i ɛ l i
itʼɑliɛli	i tʼ ɑ l i ɛ l i
iχdi	i x d i
iχdidɑ	i x d i d ɑ
kʼɑvkʼɑsiɑm	kʼ ɑ v kʼ ɑ s i ɑ m
kʼɑvkʼɑsiɛli	kʼ ɑ v kʼ ɑ s i ɛ l i
kʼɑtʰɛdrɑ	kʼ ɑ tʰ ɛ d r ɑ
kʼɑni	kʼ ɑ n i
kʼɑpʼikʼi	kʼ ɑ pʼ i kʼ i
kʼɑpʼrɑli	kʼ ɑ pʼ r ɑ l i
kʼɑrɛbi	kʼ ɑ r ɛ b i
kʼɑt͡sʰs	kʼ ɑ t͡s s
kʼɑt͡sʰuri	kʼ ɑ t͡s u r i
kʼɑχɑ	kʼ ɑ x ɑ
kʼɑχɛtʰi	kʼ ɑ x ɛ tʰ i
kʼbili	kʼ b i l i
kʼɛtʰɛbɑ	kʼ ɛ tʰ ɛ b ɑ
kʼɛtʰilsindisiɛrɑd	kʼ ɛ tʰ i l s i n d i s i ɛ r ɑ d
kʼibɛrnɛtʼikʼɑ	kʼ i b ɛ r n ɛ tʼ i kʼ ɑ
kʼldɛ	kʼ l d ɛ
kʼlivlɛndi	kʼ l i v l ɛ n d i
kʼɔlɑ	kʼ ɔ l ɑ
kʼɔlɔniɑ	kʼ ɔ l ɔ n i ɑ
kʼɔlɔrɑtʼurɑ	kʼ ɔ l ɔ r ɑ tʼ u r ɑ
kʼɔmbɔstʼɔ	kʼ ɔ m b ɔ s tʼ ɔ
kʼɔminɡsi	kʼ ɔ m i n ɡ s i
kʼɔmpʼɑniɔni	kʼ ɔ m pʼ ɑ n i ɔ n i
kʼɔmpʼiutʼɛrulɑd	kʼ ɔ m pʼ i u tʼ ɛ r u l ɑ d
kʼɔmpʼrɛsɔri	kʼ ɔ m pʼ r ɛ s ɔ r i
kʼɔmunizmi	kʼ ɔ m u n i z m i
kʼɔnkʼrɛtʼuli	kʼ ɔ n kʼ r ɛ tʼ u l i
kʼɔnsɛrvɑtʼiulɑd	kʼ ɔ n s ɛ r v ɑ tʼ i u l ɑ d
kʼɔnstʼɑntʼinɛ	kʼ ɔ n s tʼ ɑ n tʼ i n ɛ
kʼɔnstʼitʼut͡sʰiɑ	kʼ ɔ n s tʼ i tʼ u t͡s i ɑ
kʼɔnstʼrukʰt͡sʰiɑ	kʼ ɔ n s tʼ r u kʰ t͡s i ɑ
kʼɔntʼinɛntʼuri	kʼ ɔ n tʼ i n ɛ n tʼ u r i
kʼɔntʼrɔliɔri	kʼ ɔ n tʼ r ɔ l i ɔ r i
kʼɔɔrdinɑt͡sʰiɑ	kʼ ɔ ɔ r d i n ɑ t͡s i ɑ
kʼɔrɔziɑ	kʼ ɔ r ɔ z i ɑ
kʼɔrpʼɔrɑt͡sʰiuli	kʼ ɔ r pʼ ɔ r ɑ t͡s i u l i
kʼɔtʼɛd͡ʒi	kʼ ɔ tʼ ɛ d͡ʒ i
kʼrɛmɑt͡sʰiɑ	kʼ r ɛ m ɑ t͡s i ɑ
kʼristʼɑli	kʼ r i s tʼ ɑ l i
kʼubɑ	kʼ u b ɑ
kʼudi	kʼ u d i
lɑilɑi	l ɑ i l ɑ i
lɑrisɑ	l ɑ r i s ɑ
lɑtʼɑriɑ	l ɑ tʼ ɑ r i ɑ
lɑʁɑd	l ɑ ɣ ɑ d
lɑʃɑ	l ɑ ʃ ɑ
lɛibi	l ɛ i b i
libɑni	l i b ɑ n i
likʼvidɑtʼɔri	l i kʼ v i d ɑ tʼ ɔ r i
lit͡sʰɛumi	l i t͡s ɛ u m i
lmɔbiɛrɛbɑ	l m ɔ b i ɛ r ɛ b ɑ
lɔɡikʼurɑd	l ɔ ɡ i kʼ u r ɑ d
lɔtʼɔsi	l ɔ tʼ ɔ s i
lpʼɔbɑ	l pʼ ɔ b ɑ
lukʼmɑ	l u kʼ m ɑ
mɑdliɛrɑd	m ɑ d l i ɛ r ɑ d
mɑdridi	m ɑ d r i d i
mɑvzɔlɛumi	m ɑ v z ɔ l ɛ u m i
mɑtʰɛmɑtʼikʼurɑd	m ɑ tʰ ɛ m ɑ tʼ i kʼ u r ɑ d
mɑtʰtʰvis	m ɑ tʰ tʰ v i s
mɑtʰi	m ɑ tʰ i
mɑisurɑd͡zɛ	m ɑ i s u r ɑ d͡z ɛ
mɑkʼrɑtʼɛlɑ	m ɑ kʼ r ɑ tʼ ɛ l ɑ
mɑlɑmɔ	m ɑ l ɑ m ɔ
mɑli	m ɑ l i
mɑmɑmismɑ	m ɑ m ɑ m i s m ɑ
mɑnd	m ɑ n d
mɑnipʼulɑt͡sʰiɑ	m ɑ n i pʼ u l ɑ t͡s i ɑ
mɑnkʰɑnɑ	m ɑ n kʰ ɑ n ɑ
mɑrtʰɑvs	m ɑ r tʰ ɑ v s
mɑrtʰvɛ	m ɑ r tʰ v ɛ
mɑrqʼuʒi	m ɑ r qʼ u ʒ i
mɑrt͡sʰvlɛuli	m ɑ r t͡s v l ɛ u l i
mɑtʼli	m ɑ tʼ l i
mɑtʼqʼuɑrɑ	m ɑ tʼ qʼ u ɑ r ɑ
mɑkʰsimumi	m ɑ kʰ s i m u m i
mɑt͡ʃʰɑlikʼɑʃvili	m ɑ t͡ʃ ɑ l i kʼ ɑ ʃ v i l i
mɑχɛ	m ɑ x ɛ
mdɛdri	m d ɛ d r i
mɛɡɔbrɛbi	m ɛ ɡ ɔ b r ɛ b i
mɛdrɔʃɛ	m ɛ d r ɔ ʃ ɛ
mɛtʰɔtʰχmɛtʼɛ	m ɛ tʰ ɔ tʰ x m ɛ tʼ ɛ
mɛnd͡ʒi	m ɛ n d͡ʒ i
mɛɔrɛd	m ɛ ɔ r ɛ d
mɛrkʼɑntʼiluri	m ɛ r kʼ ɑ n tʼ i l u r i
mɛrqʼɛɔbɑ	m ɛ r qʼ ɛ ɔ b ɑ
mɛtʼɑlurɡiuli	m ɛ tʼ ɑ l u r ɡ i u l i
mɛtʼɑpʰizikʼuri	m ɛ tʼ ɑ pʰ i z i kʼ u r i
mɛtʼɔkʰɛ	m ɛ tʼ ɔ kʰ ɛ
mɛuʁlɛ	m ɛ u ɣ l ɛ
mɛt͡sʰniɛruli	m ɛ t͡s n i ɛ r u l i
mɛχutʰɛ	m ɛ x u tʰ ɛ
mzɑrɛuli	m z ɑ r ɛ u l i
mzrunvɛlɔbɑ	m z r u n v ɛ l ɔ b ɑ
mtʰɑvrɔbitʰ	m tʰ ɑ v r ɔ b i tʰ
mtʰvɑrɛ	m tʰ v ɑ r ɛ
miɑqʼɔlɛbs	m i ɑ qʼ ɔ l ɛ b s
miɑqʼɔlɛtʰ	m i ɑ qʼ ɔ l ɛ tʰ
mitʰitʰɛbɑ	m i tʰ i tʰ ɛ b ɑ
mitʰitʰɛbitʰ	m i tʰ i tʰ ɛ b i tʰ
milit͡sʰiɑ	m i l i t͡s i ɑ
mimdinɑrɛ	m i m d i n ɑ r ɛ
mimzidvɛlɑd	m i m z i d v ɛ l ɑ d
mirɔnmdinɑrɛ	m i r ɔ n m d i n ɑ r ɛ
mistʼikʼɑ	m i s tʼ i kʼ ɑ
mitʼrɔpʼɔlitʼi	m i tʼ r ɔ pʼ ɔ l i tʼ i
mit͡sʼisd͡zvrɑ	m i t͡sʼ i s d͡z v r ɑ
mkʼvdɑri	m kʼ v d ɑ r i
mlikʰvnɛlɔbɑ	m l i kʰ v n ɛ l ɔ b ɑ
mɔɑsuliɛrɛbs	m ɔ ɑ s u l i ɛ r ɛ b s
mɔdɛli	m ɔ d ɛ l i
mɔvlɛnɑ	m ɔ v l ɛ n ɑ
mɔtʰɛtʰrɔ	m ɔ tʰ ɛ tʰ r ɔ
mɔkʼlɛd	m ɔ kʼ l ɛ d
mɔlɛkʼuluri	m ɔ l ɛ kʼ u l u r i
mɔmɡɛbiɑnɑd	m ɔ m ɡ ɛ b i ɑ n ɑ d
mɔmʒɑvɔ	m ɔ m ʒ ɑ v ɔ
mɔnurɑd	m ɔ n u r ɑ d
mɔrɡi	m ɔ r ɡ i
mɔuridɛblɔbɑ	m ɔ u r i d ɛ b l ɔ b ɑ
mɔkʰɑlɑkʰɛ	m ɔ kʰ ɑ l ɑ kʰ ɛ
mɔkʰmɛdɛbɑ	m ɔ kʰ m ɛ d ɛ b ɑ
mɔkʰmɛdi	m ɔ kʰ m ɛ d i
mɔʃlɑ	m ɔ ʃ l ɑ
mɔʃlis	m ɔ ʃ l i s
mɔt͡sʼqʼɛnilɔbɑ	m ɔ t͡sʼ qʼ ɛ n i l ɔ b ɑ
mɔχɛrχɛbulɑd	m ɔ x ɛ r x ɛ b u l ɑ d
mrit͡sʰχvɛli	m r i t͡s x v ɛ l i
mrudɛ	m r u d ɛ
msubukʰi	m s u b u kʰ i
mtʼrɔbɑ	m tʼ r ɔ b ɑ
mudɑm	m u d ɑ m
munit͡sʰipʼɑlitʼɛtʼɑd	m u n i t͡s i pʼ ɑ l i tʼ ɛ tʼ ɑ d
musikʼɑm	m u s i kʼ ɑ m
musikʼitʰ	m u s i kʼ i tʰ
muʃɑɔbɑ	m u ʃ ɑ ɔ b ɑ
muχɑ	m u x ɑ
mpʰlɔbɛlɔbɑ	m pʰ l ɔ b ɛ l ɔ b ɑ
mkʰɔndɑ	m kʰ ɔ n d ɑ
mt͡sʰvɛli	m t͡s v ɛ l i
mt͡sʼvɑvɛ	m t͡sʼ v ɑ v ɛ
mt͡sʼvrtʰnɛli	m t͡sʼ v r tʰ n ɛ l i
mt͡sʼkʼrivi	m t͡sʼ kʼ r i v i
mχɑritʰ	m x ɑ r i tʰ
nɑtʰiɑ	n ɑ tʰ i ɑ
nɑirsɑχɛɔbɑ	n ɑ i r s ɑ x ɛ ɔ b ɑ
nɑkʼɛli	n ɑ kʼ ɛ l i
nɑpʼiri	n ɑ pʼ i r i
nɑrtʰi	n ɑ r tʰ i
nɑrind͡ʒispʰɛri	n ɑ r i n d͡ʒ i s pʰ ɛ r i
nɑpʰɛχuri	n ɑ pʰ ɛ x u r i
nɑqʼɑlbɛvi	n ɑ qʼ ɑ l b ɛ v i
nɑt͡sʰistʼuri	n ɑ t͡s i s tʼ u r i
nɑt͡sʼɑrmɔɛbi	n ɑ t͡sʼ ɑ r m ɔ ɛ b i
nɑt͡sʼilɔbrivi	n ɑ t͡sʼ i l ɔ b r i v i
nɑχɑtʼi	n ɑ x ɑ tʼ i
ndɔbitʰ	n d ɔ b i tʰ
nɛbɑvs	n ɛ b ɑ v s
nɛmsit͡sʼvɛrɑ	n ɛ m s i t͡sʼ v ɛ r ɑ
niɑχuri	n i ɑ x u r i
niɡɛriɑ	n i ɡ ɛ r i ɑ
nikʼɔpʰsiɑ	n i kʼ ɔ pʰ s i ɑ
niʃɑ	n i ʃ ɑ
niʃnɑvs	n i ʃ n ɑ v s
nit͡ʃʼi	n i t͡ʃʼ i
nɔrvɛɡiɑ	n ɔ r v ɛ ɡ i ɑ
nɔstʼɑlɡiɑ	n ɔ s tʼ ɑ l ɡ i ɑ
nukʼri	n u kʼ r i
ɔbɛliskʼi	ɔ b ɛ l i s kʼ i
ɔbsɛrvɑtʼɔriɑ	ɔ b s ɛ r v ɑ tʼ ɔ r i ɑ
ɔvɑt͡sʰiɑ	ɔ v ɑ t͡s i ɑ
ɔtʰχi	ɔ tʰ x i
ɔkʼlɑhɔmɑ	ɔ kʼ l ɑ h ɔ m ɑ
ɔpʼɛrɑtʼiuli	ɔ pʼ ɛ r ɑ tʼ i u l i
ɔpʼtʼimɑlurɑd	ɔ pʼ tʼ i m ɑ l u r ɑ d
ɔrɑtʼɔrmɑ	ɔ r ɑ tʼ ɔ r m ɑ
ɔriɡinɑli	ɔ r i ɡ i n ɑ l i
ɔrluliɑni	ɔ r l u l i ɑ n i
ɔrmɔ	ɔ r m ɔ
ɔrmχrivi	ɔ r m x r i v i
ɔrpʼirɔbɑ	ɔ r pʼ i r ɔ b ɑ
ɔrsulɔbɑ	ɔ r s u l ɔ b ɑ
ɔspʼi	ɔ s pʼ i
ɔstʼɑtʼuri	ɔ s tʼ ɑ tʼ u r i
ɔkʰrɔm	ɔ kʰ r ɔ m
ɔt͡sʰdɑɑtʰi	ɔ t͡s d ɑ ɑ tʰ i
ɔt͡sʰdɑtʰɛkʰvsmɛtʼi	ɔ t͡s d ɑ tʰ ɛ kʰ v s m ɛ tʼ i
ɔt͡sʰdɑsɑmi	ɔ t͡s d ɑ s ɑ m i
pʼɑɛmɑns	pʼ ɑ ɛ m ɑ n s
pʼɑvlɛ	pʼ ɑ v l ɛ
pʼɑlɑtʼɑ	pʼ ɑ l ɑ tʼ ɑ
pʼɑpʼɑnɑkʰɛbɑ	pʼ ɑ pʼ ɑ n ɑ kʰ ɛ b ɑ
pʼɑpʼi	pʼ ɑ pʼ i
pʼɑrɑlɛluri	pʼ ɑ r ɑ l ɛ l u r i
pʼɑrɑʃutʼi	pʼ ɑ r ɑ ʃ u tʼ i
pʼɑrizi	pʼ ɑ r i z i
pʼɑrɔli	pʼ ɑ r ɔ l i
pʼɑrtʼiitʰ	pʼ ɑ r tʼ i i tʰ
pʼɑsiuri	pʼ ɑ s i u r i
pʼɑsiurɔbɑ	pʼ ɑ s i u r ɔ b ɑ
pʼɑsuχismɡɛblɔbitʰ	pʼ ɑ s u x i s m ɡ ɛ b l ɔ b i tʰ
pʼɑsuχɔbs	pʼ ɑ s u x ɔ b s
pʼɑtʼriɔtʼuli	pʼ ɑ tʼ r i ɔ tʼ u l i
pʼɛnɛlɔpʼɛ	pʼ ɛ n ɛ l ɔ pʼ ɛ
pʼɛpʼɛlɑ	pʼ ɛ pʼ ɛ l ɑ
pʼɛrɑnɡis	pʼ ɛ r ɑ n ɡ i s
pʼiɛsɑ	pʼ i ɛ s ɑ
pʼiʒɔni	pʼ i ʒ ɔ n i
pʼirdɑpʼir	pʼ i r d ɑ pʼ i r
pʼiri	pʼ i r i
pʼlɑnɛtʼɑ	pʼ l ɑ n ɛ tʼ ɑ
pʼlɑtʼɔ	pʼ l ɑ tʼ ɔ
pʼlɛnɑruli	pʼ l ɛ n ɑ r u l i
pʼɔzit͡sʰiɑ	pʼ ɔ z i t͡s i ɑ
pʼɔlitʼikʼɔsi	pʼ ɔ l i tʼ i kʼ ɔ s i
pʼɔlipʰɔniuri	pʼ ɔ l i pʰ ɔ n i u r i
pʼrɑsi	pʼ r ɑ s i
pʼriɑlɑ	pʼ r i ɑ l ɑ
pʼrivilɛɡiɑ	pʼ r i v i l ɛ ɡ i ɑ
pʼrɔɡrɛsulɑd	pʼ r ɔ ɡ r ɛ s u l ɑ d
pʼrɔɡrɛsuli	pʼ r ɔ ɡ r ɛ s u l i
pʼrɔzɑikʼulɑd	pʼ r ɔ z ɑ i kʼ u l ɑ d
pʼrɔstʼitʼut͡sʰiɑ	pʼ r ɔ s tʼ i tʼ u t͡s i ɑ
pʼrɔtʼɛini	pʼ r ɔ tʼ ɛ i n i
pʼrɔtʼɛʒɛ	pʼ r ɔ tʼ ɛ ʒ ɛ
ʒɔlɔspʰɛri	ʒ ɔ l ɔ s pʰ ɛ r i
ʒurnɑli	ʒ u r n ɑ l i
rɑdikʼɑli	r ɑ d i kʼ ɑ l i
rɑvit͡sʰi	r ɑ v i t͡s i
rɑimɛ	r ɑ i m ɛ
rɑmdɛni	r ɑ m d ɛ n i
rɛɡiɔnɑd	r ɛ ɡ i ɔ n ɑ d
rɛziumɛ	r ɛ z i u m ɛ
rɛkʼɑvs	r ɛ kʼ ɑ v s
rɛkʼɔmɛndɑt͡sʰiɑ	r ɛ kʼ ɔ m ɛ n d ɑ t͡s i ɑ
rɛpʼlikʼɑ	r ɛ pʼ l i kʼ ɑ
rɛpʼɔrtʼiɔri	r ɛ pʼ ɔ r tʼ i ɔ r i
rɛstʼɑvrɑt͡sʰiɑ	r ɛ s tʼ ɑ v r ɑ t͡s i ɑ
rvɑpʰɛχɑ	r v ɑ pʰ ɛ x ɑ
riʒrɑʒi	r i ʒ r ɑ ʒ i
riskʼi	r i s kʼ i
rɔmɛli	r ɔ m ɛ l i
rɔndɔ	r ɔ n d ɔ
sɑɑɡɛntʼɔ	s ɑ ɑ ɡ ɛ n tʼ ɔ
sɑbt͡ʃʼɔs	s ɑ b t͡ʃʼ ɔ s
sɑɡɑdɑsɑχɑdɔ	s ɑ ɡ ɑ d ɑ s ɑ x ɑ d ɔ
sɑɛnɑtʰmɛt͡sʰniɛrɔ	s ɑ ɛ n ɑ tʰ m ɛ t͡s n i ɛ r ɔ
sɑvɑrt͡sʰχɛli	s ɑ v ɑ r t͡s x ɛ l i
sɑziɑnɔ	s ɑ z i ɑ n ɔ
sɑtʰvɑlɛ	s ɑ tʰ v ɑ l ɛ
sɑtʰitʰɛ	s ɑ tʰ i tʰ ɛ
sɑtʰnɔ	s ɑ tʰ n ɔ
sɑtʰuɔ	s ɑ tʰ u ɔ
sɑkʼɑmɑtʰɔ	s ɑ kʼ ɑ m ɑ tʰ ɔ
sɑlɑtʰi	s ɑ l ɑ tʰ i
sɑmɑrtʰɑls	s ɑ m ɑ r tʰ ɑ l s
sɑmɑrtʰlis	s ɑ m ɑ r tʰ l i s
sɑmi	s ɑ m i
sɑmkʼutʰχɑ	s ɑ m kʼ u tʰ x ɑ
sɑmɔkʰɑlɑkʰɔ	s ɑ m ɔ kʰ ɑ l ɑ kʰ ɔ
sɑnɑkʰɛbɔ	s ɑ n ɑ kʰ ɛ b ɔ
sɑnɑkʰɛbɔd	s ɑ n ɑ kʰ ɛ b ɔ d
sɑnɑχɑvɑd	s ɑ n ɑ x ɑ v ɑ d
sɑndrɔ	s ɑ n d r ɔ
sɑrtʼqʼɛli	s ɑ r tʼ qʼ ɛ l i
sɑsɑrɡɛblɔd	s ɑ s ɑ r ɡ ɛ b l ɔ d
sɑsikʼɛtʰɔ	s ɑ s i kʼ ɛ tʰ ɔ
sɑsiqʼvɑrulɔ	s ɑ s i qʼ v ɑ r u l ɔ
sɑst͡sʼrɑpʰɔ	s ɑ s t͡sʼ r ɑ pʰ ɔ
sɑpʰɔstʼɔ	s ɑ pʰ ɔ s tʼ ɔ
sɑqʼvɛduritʰ	s ɑ qʼ v ɛ d u r i tʰ
sɑʃuɑlɛbɑ	s ɑ ʃ u ɑ l ɛ b ɑ
sɑt͡ʃʰinɔ	s ɑ t͡ʃ i n ɔ
sɑt͡sʰrɛmlɛ	s ɑ t͡s r ɛ m l ɛ
sɑt͡ʃʼmɛli	s ɑ t͡ʃʼ m ɛ l i
sɑχɑlχɔ	s ɑ x ɑ l x ɔ
sɑχɛlɡɑtʼɛχilɑd	s ɑ x ɛ l ɡ ɑ tʼ ɛ x i l ɑ d
sɑχɛlis	s ɑ x ɛ l i s
sɑχɛlmt͡sʼipʰɔm	s ɑ x ɛ l m t͡sʼ i pʰ ɔ m
sɑχɛluri	s ɑ x ɛ l u r i
sɑχɛlt͡sʼɔdɛbɑ	s ɑ x ɛ l t͡sʼ ɔ d ɛ b ɑ
sɑχɛlt͡sʼɔdɛbɑs	s ɑ x ɛ l t͡sʼ ɔ d ɛ b ɑ s
sɑχɛm	s ɑ x ɛ m
sɛzɔnuri	s ɛ z ɔ n u r i
sɛnsɑt͡sʰiuri	s ɛ n s ɑ t͡s i u r i
sɛriɔzulɑd	s ɛ r i ɔ z u l ɑ d
sɛrɔbɑ	s ɛ r ɔ b ɑ
sɛrɔzuli	s ɛ r ɔ z u l i
svɛtʼi	s v ɛ tʼ i
sibind͡zurɛ	s i b i n d͡z u r ɛ
sibrɑzɛ	s i b r ɑ z ɛ
siɡɑnitʰ	s i ɡ ɑ n i tʰ
siɡrilɛ	s i ɡ r i l ɛ
sivrt͡sʰuli	s i v r t͡s u l i
simdɑblɛ	s i m d ɑ b l ɛ
simrɑvlɛ	s i m r ɑ v l ɛ
sinɑmdvilɛʃi	s i n ɑ m d v i l ɛ ʃ i
sindikʼɑtʼi	s i n d i kʼ ɑ tʼ i
sistʼɛmɑ	s i s tʼ ɛ m ɑ
sistʼɛmis	s i s tʼ ɛ m i s
sisχliɑni	s i s x l i ɑ n i
sitʼqʼvɑzɛ	s i tʼ qʼ v ɑ z ɛ
sit͡sʰɔt͡sʰχlɛ	s i t͡s ɔ t͡s x l ɛ
sid͡ʒiutʼɛ	s i d͡ʒ i u tʼ ɛ
skʼɛpʼtʼikʼuri	s kʼ ɛ pʼ tʼ i kʼ u r i
skʼɔlɑs	s kʼ ɔ l ɑ s
skʼɔlis	s kʼ ɔ l i s
skʼulpʼtʼuruli	s kʼ u l pʼ tʼ u r u l i
sɔpʰɛli	s ɔ pʰ ɛ l i
sɔpʰlɑd	s ɔ pʰ l ɑ d
spʼɔrtʼsmɛni	s pʼ ɔ r tʼ s m ɛ n i
srulqʼɔpʰili	s r u l qʼ ɔ pʰ i l i
stʼɑbilizɑt͡sʰiɑ	s tʼ ɑ b i l i z ɑ t͡s i ɑ
stʼilistʼi	s tʼ i l i s tʼ i
stʼumrɔbɑ	s tʼ u m r ɔ b ɑ
subɔrdinɑt͡sʰiɑ	s u b ɔ r d i n ɑ t͡s i ɑ
sulɛlurɑd	s u l ɛ l u r ɑ d
suli	s u l i
sunɛli	s u n ɛ l i
surs	s u r s
sustʼɑd	s u s tʼ ɑ d
skʰɛli	s kʰ ɛ l i
skʰɔlɑstʼikʼuri	s kʰ ɔ l ɑ s tʼ i kʼ u r i
st͡sʰɛnɑristʼi	s t͡s ɛ n ɑ r i s tʼ i
st͡sʼɑvlɛbɑ	s t͡sʼ ɑ v l ɛ b ɑ
st͡sʼɑvlɔbs	s t͡sʼ ɑ v l ɔ b s
st͡sʼɔrɑd	s t͡sʼ ɔ r ɑ d
st͡sʼɔri	s t͡sʼ ɔ r i
st͡sʼɔrχɑzɔvɑni	s t͡sʼ ɔ r x ɑ z ɔ v ɑ n i
tʼɑlɑχiɑni	tʼ ɑ l ɑ x i ɑ n i
tʼɑripʰi	tʼ ɑ r i pʰ i
tʼɛvɑdi	tʼ ɛ v ɑ d i
tʼɛlɛskʼɔpʼi	tʼ ɛ l ɛ s kʼ ɔ pʼ i
tʼɛri	tʼ ɛ r i
tʼvinis	tʼ v i n i s
tʼipʼɔɡrɑpʰiulɑd	tʼ i pʼ ɔ ɡ r ɑ pʰ i u l ɑ d
tʼɔlumbɑʃi	tʼ ɔ l u m b ɑ ʃ i
tʼɔlpʰɑsi	tʼ ɔ l pʰ ɑ s i
tʼɔri	tʼ ɔ r i
tʼrɑbɑχi	tʼ r ɑ b ɑ x i
tʼrɑɡikʼɔmɛdiɑ	tʼ r ɑ ɡ i kʼ ɔ m ɛ d i ɑ
tʼurɑʃvili	tʼ u r ɑ ʃ v i l i
tʼurbulɛntʼuri	tʼ u r b u l ɛ n tʼ u r i
tʼut͡ʃʰi	tʼ u t͡ʃ i
tʼqʼviɑ	tʼ qʼ v i ɑ
uɡunurɑd	u ɡ u n u r ɑ d
uɛmɔt͡sʰiɔd	u ɛ m ɔ t͡s i ɔ d
uvnɛbɛli	u v n ɛ b ɛ l i
uvnɛblɑd	u v n ɛ b l ɑ d
uzɛnɑɛsɔbɑ	u z ɛ n ɑ ɛ s ɔ b ɑ
uzurpʼɑtʼɔri	u z u r pʼ ɑ tʼ ɔ r i
utʰɑnɑbrɔ	u tʰ ɑ n ɑ b r ɔ
uimɛdɔ	u i m ɛ d ɔ
uimɛdɔd	u i m ɛ d ɔ d
ukʼmɑqʼɔpʰilɔ	u kʼ m ɑ qʼ ɔ pʰ i l ɔ
ultʼimɑtʼumi	u l tʼ i m ɑ tʼ u m i
umɑɡrɛsi	u m ɑ ɡ r ɛ s i
umɑrilɔ	u m ɑ r i l ɔ
umtʼkʼivnɛulɔ	u m tʼ kʼ i v n ɛ u l ɔ
umt͡ʃʼidrɔɛsi	u m t͡ʃʼ i d r ɔ ɛ s i
unɡruli	u n ɡ r u l i
unɛbɑrtʰvɔ	u n ɛ b ɑ r tʰ v ɔ
unɛbliɛtʰ	u n ɛ b l i ɛ tʰ
upʼirɔbɔd	u pʼ i r ɔ b ɔ d
urbɑnizɑt͡sʰiɑ	u r b ɑ n i z ɑ t͡s i ɑ
usɑzʁvrɔ	u s ɑ z ɣ v r ɔ
usɑsrulɔ	u s ɑ s r u l ɔ
usiɑmɔvnɛbɑ	u s i ɑ m ɔ v n ɛ b ɑ
utʼɔpʼiɑ	u tʼ ɔ pʼ i ɑ
uunɑrɔbɑ	u u n ɑ r ɔ b ɑ
uqʼurɑdʁɛbɔd	u qʼ u r ɑ d ɣ ɛ b ɔ d
ud͡zvɛlɛsi	u d͡z v ɛ l ɛ s i
ud͡zrɑvɑd	u d͡z r ɑ v ɑ d
ut͡sʼɛsɔ	u t͡sʼ ɛ s ɔ
ut͡sʼɛsriɡɔbɑʃi	u t͡sʼ ɛ s r i ɡ ɔ b ɑ ʃ i
ut͡sʼɛsriɡɔd	u t͡sʼ ɛ s r i ɡ ɔ d
ut͡sʼqʼis	u t͡sʼ qʼ i s
uχvɑd	u x v ɑ d
pʰɑrdɑ	pʰ ɑ r d ɑ
pʰɑrtʰɛ	pʰ ɑ r tʰ ɛ
pʰɛiɛrvɛrkʼi	pʰ ɛ i ɛ r v ɛ r kʼ i
pʰɛχmd͡zimɔbɑ	pʰ ɛ x m d͡z i m ɔ b ɑ
pʰinɑnsistʼi	pʰ i n ɑ n s i s tʼ i
pʰirmɑ	pʰ i r m ɑ
pʰit͡ʃʼɑ	pʰ i t͡ʃʼ ɑ
pʰlɛɡmɑtʼuri	pʰ l ɛ ɡ m ɑ tʼ u r i
pʰɔtʰi	pʰ ɔ tʰ i
pʰɔkʼusi	pʰ ɔ kʼ u s i
pʰɔrmɑ	pʰ ɔ r m ɑ
pʰɔtʼɔɑpʼɑrɑtʼi	pʰ ɔ tʼ ɔ ɑ pʼ ɑ r ɑ tʼ i
pʰɔtʼɔɑsli	pʰ ɔ tʼ ɔ ɑ s l i
pʰɔt͡sʰχi	pʰ ɔ t͡s x i
pʰskʼɛri	pʰ s kʼ ɛ r i
kʰɑbuli	kʰ ɑ b u l i
kʰɑdili	kʰ ɑ d i l i
kʰɑtʰmis	kʰ ɑ tʰ m i s
kʰɑlɑkʰmɑ	kʰ ɑ l ɑ kʰ m ɑ
kʰɑrtʰvɛltʰɑ	kʰ ɑ r tʰ v ɛ l tʰ ɑ
kʰɑrtʰlis	kʰ ɑ r tʰ l i s
kʰɛtʰi	kʰ ɛ tʰ i
kʰɛtʰinɔ	kʰ ɛ tʰ i n ɔ
kʰvɑ	kʰ v ɑ
kʰvɛqʼɑnɑs	kʰ v ɛ qʼ ɑ n ɑ s
kʰvɛqʼnis	kʰ v ɛ qʼ n i s
kʰirɑ	kʰ i r ɑ
kʰɔtʰɑni	kʰ ɔ tʰ ɑ n i
kʰɔrt͡sʼili	kʰ ɔ r t͡sʼ i l i
kʰristʼɛ	kʰ r i s tʼ ɛ
kʰrɔnikʼuli	kʰ r ɔ n i kʼ u l i
ʁvtʰismʃɔbɛli	ɣ v tʰ i s m ʃ ɔ b ɛ l i
ʁimili	ɣ i m i l i
ʁipʼi	ɣ i pʼ i
qʼɑlbi	qʼ ɑ l b i
qʼɑnt͡sʼi	qʼ ɑ n t͡sʼ i
qʼbɛdi	qʼ b ɛ d i
qʼvɛlɡɑn	qʼ v ɛ l ɡ ɑ n
qʼismɑtʰi	qʼ i s m ɑ tʰ i
qʼɔpʰiɛrɛbɑ	qʼ ɔ pʰ i ɛ r ɛ b ɑ
ʃɑdrɛvɑni	ʃ ɑ d r ɛ v ɑ n i
ʃɑlvɑ	ʃ ɑ l v ɑ
ʃɑriʃuri	ʃ ɑ r i ʃ u r i
ʃɑʃχɑnɑ	ʃ ɑ ʃ x ɑ n ɑ
ʃɛ	ʃ ɛ
ʃɛdɑrɛbɑ	ʃ ɛ d ɑ r ɛ b ɑ
ʃɛdiɑn	ʃ ɛ d i ɑ n
ʃɛmɑd͡zrt͡sʼunɛblɑd	ʃ ɛ m ɑ d͡z r t͡sʼ u n ɛ b l ɑ d
ʃɛmɔmɛt͡ʃʼɑmɔ	ʃ ɛ m ɔ m ɛ t͡ʃʼ ɑ m ɔ
ʃɛn	ʃ ɛ n
ʃɛrbilɛbuli	ʃ ɛ r b i l ɛ b u l i
ʃɛriɡɛbɑ	ʃ ɛ r i ɡ ɛ b ɑ
ʃɛsɑd͡zlɔɑ	ʃ ɛ s ɑ d͡z l ɔ ɑ
ʃɛuzʁudɑvɑd	ʃ ɛ u z ɣ u d ɑ v ɑ d
ʃɛusɑbɑmɔd	ʃ ɛ u s ɑ b ɑ m ɔ d
ʃɛut͡ʃʰɛrɛbɛli	ʃ ɛ u t͡ʃ ɛ r ɛ b ɛ l i
ʃɛt͡sʼqʼɑlɛbis	ʃ ɛ t͡sʼ qʼ ɑ l ɛ b i s
ʃvriɑ	ʃ v r i ɑ
ʃtʰɑbɛt͡ʃʼdilɛbɑ	ʃ tʰ ɑ b ɛ t͡ʃʼ d i l ɛ b ɑ
ʃiʃvɛli	ʃ i ʃ v ɛ l i
ʃɔbs	ʃ ɔ b s
ʃɔrɛuli	ʃ ɔ r ɛ u l i
ʃrɑpʼnɛli	ʃ r ɑ pʼ n ɛ l i
ʃrɔmɔbdnɛn	ʃ r ɔ m ɔ b d n ɛ n
ʃuɑdʁɛmdɛ	ʃ u ɑ d ɣ ɛ m d ɛ
ʃuɑmɑvlɔbɑ	ʃ u ɑ m ɑ v l ɔ b ɑ
t͡ʃʰɑkʼvɛtʼɑd͡zɛ	t͡ʃ ɑ kʼ v ɛ tʼ ɑ d͡z ɛ
t͡ʃʰɑkʰrɛbɑ	t͡ʃ ɑ kʰ r ɛ b ɑ
t͡ʃʰɑχutʼɛbɑ	t͡ʃ ɑ x u tʼ ɛ b ɑ
t͡ʃʰilɛ	t͡ʃ i l ɛ
t͡ʃʰilɛs	t͡ʃ i l ɛ s
t͡ʃʰirkʰɔvɑni	t͡ʃ i r kʰ ɔ v ɑ n i
t͡ʃʰitʼi	t͡ʃ i tʼ i
t͡ʃʰiχi	t͡ʃ i x i
t͡ʃʰutʼqʼvɑvilɑ	t͡ʃ u tʼ qʼ v ɑ v i l ɑ
t͡sʰɛlulɔzɑ	t͡s ɛ l u l ɔ z ɑ
t͡sʰɛntʼnɛri	t͡s ɛ n tʼ n ɛ r i
t͡sʰɛntʼri	t͡s ɛ n tʼ r i
t͡sʰvlɑdi	t͡s v l ɑ d i
t͡sʰivsisχliɑni	t͡s i v s i s x l i ɑ n i
t͡sʰistʼɛrnɑ	t͡s i s tʼ ɛ r n ɑ
t͡sʰitʼirɛbɑ	t͡s i tʼ i r ɛ b ɑ
t͡sʰɔlisd͡zmɑ	t͡s ɔ l i s d͡z m ɑ
t͡sʰɔmi	t͡s ɔ m i
t͡sʰrurt͡sʼmɛnɑ	t͡s r u r t͡sʼ m ɛ n ɑ
t͡sʰχɔvrɛbɑs	t͡s x ɔ v r ɛ b ɑ s
d͡zɑlɑupʰlɛbɑ	d͡z ɑ l ɑ u pʰ l ɛ b ɑ
d͡zɑliɑn	d͡z ɑ l i ɑ n
d͡zvɑli	d͡z v ɑ l i
d͡ziɑ	d͡z i ɑ
d͡zliɛrɑd	d͡z l i ɛ r ɑ d
d͡zukʼnɑ	d͡z u kʼ n ɑ
t͡sʼɑlikʼɑ	t͡sʼ ɑ l i kʼ ɑ
t͡sʼɑlkʼɔtʼi	t͡sʼ ɑ l kʼ ɔ tʼ i
t͡sʼɑmiɛrɑd	t͡sʼ ɑ m i ɛ r ɑ d
t͡sʼɑmɔvɑ	t͡sʼ ɑ m ɔ v ɑ
t͡sʼɑrmɑrtʰuli	t͡sʼ ɑ r m ɑ r tʰ u l i
t͡sʼɑrmɑtʼɛbuli	t͡sʼ ɑ r m ɑ tʼ ɛ b u l i
t͡sʼɑrmɔmɑvlɔbɑ	t͡sʼ ɑ r m ɔ m ɑ v l ɔ b ɑ
t͡sʼɑrmɔudɡɛnɛli	t͡sʼ ɑ r m ɔ u d ɡ ɛ n ɛ l i
t͡sʼɑrmɔudɡɛnlɑd	t͡sʼ ɑ r m ɔ u d ɡ ɛ n l ɑ d
t͡sʼɑrumɑtʼɛbɛli	t͡sʼ ɑ r u m ɑ tʼ ɛ b ɛ l i
t͡sʼɛvri	t͡sʼ ɛ v r i
t͡sʼvrilmɑni	t͡sʼ v r i l m ɑ n i
t͡sʼili	t͡sʼ i l i
t͡sʼinɑndɛli	t͡sʼ i n ɑ n d ɛ l i
t͡sʼinst͡sʼrɛbɑ	t͡sʼ i n s t͡sʼ r ɛ b ɑ
t͡sʼuχili	t͡sʼ u x i l i
t͡sʼqʼɑli	t͡sʼ qʼ ɑ l i
t͡sʼqʼɑlmɑ	t͡sʼ qʼ ɑ l m ɑ
t͡ʃʼɑʁɑrɑ	t͡ʃʼ ɑ ɣ ɑ r ɑ
t͡ʃʼɑʁi	t͡ʃʼ ɑ ɣ i
t͡ʃʼvintʼi	t͡ʃʼ v i n tʼ i
t͡ʃʼi	t͡ʃʼ i
t͡ʃʼikʰɑ	t͡ʃʼ i kʰ ɑ
t͡ʃʼɔ	t͡ʃʼ ɔ
t͡ʃʼurvi	t͡ʃʼ u r v i
t͡ʃʼut͡ʃʼqʼi	t͡ʃʼ u t͡ʃʼ qʼ i
χɑzinɑ	x ɑ z i n ɑ
χɑlχmɑ	x ɑ l x m ɑ
χɑndɑχɑn	x ɑ n d ɑ x ɑ n
χɑnd͡ʒɑli	x ɑ n d͡ʒ ɑ l i
χɑrbi	x ɑ r b i
χɑrʃvɑ	x ɑ r ʃ v ɑ
χɑsiɑtʰi	x ɑ s i ɑ tʰ i
χɑt͡ʃʼɑpʼuri	x ɑ t͡ʃʼ ɑ pʼ u r i
χɛdvɑ	x ɛ d v ɑ
χɛlmt͡sʼipʰɛ	x ɛ l m t͡sʼ i pʰ ɛ
χɛlɔbɑ	x ɛ l ɔ b ɑ
χili	x i l i
χit͡sʼvi	x i t͡sʼ v i
χɔm	x ɔ m
χɔrvɑtʼiɑ	x ɔ r v ɑ tʼ i ɑ
χɔrkʼliɑni	x ɔ r kʼ l i ɑ n i
χsnɑ	x s n ɑ
d͡ʒɑdɔkʰɑri	d͡ʒ ɑ d ɔ kʰ ɑ r i
d͡ʒɑlɑtʰi	d͡ʒ ɑ l ɑ tʰ i
d͡ʒɑrtʰi	d͡ʒ ɑ r tʰ i
d͡ʒɑriskʼɑt͡sʰi	d͡ʒ ɑ r i s kʼ ɑ t͡s i
d͡ʒibɛ	d͡ʒ i b ɛ
d͡ʒɔ	d͡ʒ ɔ
d͡ʒɔuli	d͡ʒ ɔ u l i
hɛrɑldikʼuri	h ɛ r ɑ l d i kʼ u r i
hipʼɔtʰɛzɑ	h i pʼ ɔ tʰ ɛ z ɑ
hɔlɑndiɑ	h ɔ l ɑ n d i ɑ
