<|ITA|>abbonamento	a b b o n a m e n t o
<|ITA|>accettare	a t t͡ʃ e t t a r e
<|ITA|>accoglienza	a k k o ʎ ʎ ɛ n t͡s a
<|ITA|>accompagnare	a k k o m p a ɲ ɲ a r e
<|ITA|>accordo	a k k ɔ r d o
<|ITA|>acqua	a k k w a
<|ITA|>acquazzone	a k k w a t t͡s o n e
<|ITA|>acquistare	a k k w i s t a r e
<|ITA|>ad	a d
<|ITA|>adatto	a d a t t o
<|ITA|>adesso	a d ɛ s s o
<|ITA|>affermato	a f f e r m a t o
<|ITA|>agenti	a d͡ʒ ɛ n t i
<|ITA|>agenzia	a d͡ʒ e n t͡s i a
<|ITA|>aggiunge	a d d͡ʒ u n d͡ʒ e
<|ITA|>aggiunto	a d d͡ʒ u n t o
<|ITA|>agli	a ʎ ʎ i
<|ITA|>aiuto	a j u t o
<|ITA|>albergo	a l b ɛ r ɡ o
<|ITA|>alberto	a l b ɛ r t o
<|ITA|>alessandra	a l e s s a n d r a
<|ITA|>alghero	a l ɡ ɛ r o
<|ITA|>alle	a l l e
<|ITA|>allenatore	a l l e n a t o r e
<|ITA|>allineato	a l l i n e a t o
<|ITA|>allo	a l l o
<|ITA|>allucinato	a l l u t͡ʃ i n a t o
<|ITA|>alternato	a l t e r n a t o
<|ITA|>alti	a l t i
<|ITA|>altra	a l t r a
<|ITA|>altre	a l t r e
<|ITA|>altri	a l t r i
<|ITA|>altro	a l t r o
<|ITA|>alture	a l t u r e
<|ITA|>america	a m ɛ r i k a
<|ITA|>amministrazione	a m m i n i s t r a t t͡s j o n e
<|ITA|>ampio	a m p j o
<|ITA|>anatroccolo	a n a t r ɔ k k o l o
<|ITA|>anche	a n k e
<|ITA|>andare	a n d a r e
<|ITA|>animale	a n i m a l e
<|ITA|>animazione	a n i m a t t͡s j o n e
<|ITA|>antognoni	a n t o ɲ ɲ o n i
<|ITA|>antonella	a n t o n ɛ l l a
<|ITA|>aperto	a p ɛ r t o
<|ITA|>appalti	a p p a l t i
<|ITA|>apparecchio	a p p a r e k k j o
<|ITA|>appello	a p p ɛ l l o
<|ITA|>appena	a p p e n a
<|ITA|>applicare	a p p l i k a r e
<|ITA|>aprile	a p r i l e
<|ITA|>ara	a r a
<|ITA|>armati	a r m a t i
<|ITA|>arricchito	a r r i k k i t o
<|ITA|>arrivare	a r r i v a r e
<|ITA|>arsenico	a r s ɛ n i k o
<|ITA|>articolo	a r t i k o l o
<|ITA|>assente	a s s ɛ n t e
<|ITA|>assenza	a s s ɛ n t͡s a
<|ITA|>assicurato	a s s i k u r a t o
<|ITA|>assistenza	a s s i s t ɛ n t͡s a
<|ITA|>assistere	a s s i s t e r e
<|ITA|>assolutistico	a s s o l u t i s t i k o
<|ITA|>attività	a t t i v i t a
<|ITA|>attraverso	a t t r a v ɛ r s o
<|ITA|>attuale	a t t u a l e
<|ITA|>attualità	a t t u a l i t a
<|ITA|>augusta	a w ɡ u s t a
<|ITA|>auto	a w t o
<|ITA|>autorevole	a u t o r e v o l e
<|ITA|>autorità	a u̯ t o r i t a
<|ITA|>autunno	a w t u n n o
<|ITA|>avanti	a v a n t i
<|ITA|>avere	a v e r e
<|ITA|>aveva	a v e v a
<|ITA|>badia	b a d i a
<|ITA|>ballo	b a l l o
<|ITA|>balzo	b a l t͡s o
<|ITA|>banca	b a n k a
<|ITA|>banda	b a n d a
<|ITA|>banditi	b a n d i t i
<|ITA|>basta	b a s t a
<|ITA|>battaglia	b a t t a ʎ ʎ a
<|ITA|>battere	b a t t e r e
<|ITA|>befana	b e f a n a
<|ITA|>benissimo	b e n i s s i m o
<|ITA|>beppe	b ɛ p p e
<|ITA|>biglietto	b i ʎ ʎ e t t o
<|ITA|>bisogno	b i z o ɲ ɲ o
<|ITA|>bolla	b o l l a
<|ITA|>bologna	b o l o ɲ ɲ a
<|ITA|>borse	b o r s e
<|ITA|>brevi	b r ɛ v i
<|ITA|>brutale	b r u t a l e
<|ITA|>buon	b w ɔ n
<|ITA|>cadavere	k a d a v e r e
<|ITA|>calabria	k a l a b r j a
<|ITA|>calcio	k a l t͡ʃ o
<|ITA|>calendario	k a l e n d a r j o
<|ITA|>calore	k a l o r e
<|ITA|>cambiare	k a m b j a r e
<|ITA|>camion	k a m j o n
<|ITA|>camminare	k a m m i n a r e
<|ITA|>cammino	k a m m i n o
<|ITA|>campagna	k a m p a ɲ ɲ a
<|ITA|>campo	k a m p o
<|ITA|>candidato	k a n d i d a t o
<|ITA|>cane	k a n e
<|ITA|>canzone	k a n t͡s o n e
<|ITA|>capire	k a p i r e
<|ITA|>capita	k a p i t a
<|ITA|>capito	k a p i t o
<|ITA|>capo	k a p o
<|ITA|>capolino	k a p o l i n o
<|ITA|>capoluogo	k a p o l w ɔ ɡ o
<|ITA|>cappa	k a p p a
<|ITA|>cardinale	k a r d i n a l e
<|ITA|>casinò	k a z i n ɔ
<|ITA|>caso	k a z o
<|ITA|>castello	k a s t ɛ l l o
<|ITA|>cattedrale	k a t t e d r a l e
<|ITA|>cattolico	k a t t o l i k o
<|ITA|>ce	t͡ʃ e
<|ITA|>celebre	t͡ʃ ɛ l e b r e
<|ITA|>cena	t͡ʃ e n a
<|ITA|>cento	t͡ʃ ɛ n t o
<|ITA|>centrale	t ʃ e n t r a l e
<|ITA|>centro	t ʃ ɛ n t r o
<|ITA|>cerca	t͡ʃ e r k a
<|ITA|>cercare	t ʃ e r k a r e
<|ITA|>cerco	t͡ʃ e r k o
<|ITA|>certo	t͡ʃ ɛ r t o
<|ITA|>che	k e
<|ITA|>chiamo	k j a m o
<|ITA|>chiaro	k j a r o
<|ITA|>chiedere	k j ɛ d e r e
<|ITA|>chiuso	k j u z o
<|ITA|>chiù	k j u
<|ITA|>ciclo	t͡ʃ i k l o
<|ITA|>cinque	t͡ʃ i n k w e
<|ITA|>cioccolato	t͡ʃ o k k o l a t o
<|ITA|>cittadino	t͡ʃ i t t a d i n o
<|ITA|>civile	t͡ʃ i v i l e
<|ITA|>coerenza	k o e r ɛ n t͡s a
<|ITA|>collegamento	k o l l e ɡ a m e n t o
<|ITA|>colloquio	k o l l ɔ k w j o
<|ITA|>colore	k o l o r e
<|ITA|>combattere	k o m b a t t e r e
<|ITA|>come	k o m e
<|ITA|>cominciare	k o m i n t͡ʃ a r e
<|ITA|>compagnia	k o m p a ɲ ɲ i a
<|ITA|>compilazione	k o m p i l a t t͡s j o n e
<|ITA|>complessità	k o m p l e s s i t a
<|ITA|>complotto	k o m p l ɔ t t o
<|ITA|>comprare	k o m p r a r e
<|ITA|>comunque	k o m u n k w e
<|ITA|>concetto	k o n t͡ʃ ɛ t t o
<|ITA|>conclusione	k o n k l u z j o n e
<|ITA|>condividere	k o n d i v i d e r e
<|ITA|>condizione	k o n d i t t͡s j o n e
<|ITA|>condurre	k o n d u r r e
<|ITA|>conduttore	k o n d u t t o r e
<|ITA|>connessione	k o n n e s s j o n e
<|ITA|>contagi	k o n t a d͡ʒ i
<|ITA|>contatto	k o n t a t t o
<|ITA|>conte	k o n t e
<|ITA|>contenimento	k o n t e n i m e n t o
<|ITA|>contenuto	k o n t e n u t o
<|ITA|>continuo	k o n t i n w o
<|ITA|>contrastato	k o n t r a s t a t o
<|ITA|>contro	k o n t r o
<|ITA|>convinto	k o n v i n t o
<|ITA|>copertina	k o p e r t i n a
<|ITA|>copie	k ɔ p j e
<|ITA|>coprire	k o p r i r e
<|ITA|>corona	k o r o n a
<|ITA|>corruscare	k o r r u s k a r e
<|ITA|>costituzionale	k o s t i t u t t͡s j o n a l e
<|ITA|>creare	k r e a r e
<|ITA|>credo	k r e d o
<|ITA|>criterio	k r i t ɛ r j o
<|ITA|>cruciforme	k r u t͡ʃ i f o r m e
<|ITA|>cui	k u j
<|ITA|>curato	k u r a t o
<|ITA|>daffare	d a f f a r e
<|ITA|>dallo	d a l l o
<|ITA|>danno	d a n n o
<|ITA|>deboli	d e b o l i
<|ITA|>debutto	d e b u t t o
<|ITA|>decesso	d e t͡ʃ ɛ s s o
<|ITA|>decisamente	d e t͡ʃ i z a m e n t e
<|ITA|>deciso	d e t͡ʃ i z o
<|ITA|>democratico	d e m o k r a t i k o
<|ITA|>densità	d e n s i t a
<|ITA|>dentro	d e n t r o
<|ITA|>dettaglio	d e t t a ʎ ʎ o
<|ITA|>deve	d ɛ v e
<|ITA|>dice	d i t͡ʃ e
<|ITA|>dichiarato	d i k j a r a t o
<|ITA|>didattica	d i d a t t i k a
<|ITA|>dieci	d j ɛ t͡ʃ i
<|ITA|>difendere	d i f ɛ n d e r e
<|ITA|>difesa	d i f e s a
<|ITA|>difficoltà	d i f f i k o l t a
<|ITA|>diffondere	d i f f o n d e r e
<|ITA|>diffusione	d i f f u z j o n e
<|ITA|>dilettantistico	d i l e t t a n t i s t i k o
<|ITA|>diminuzione	d i m i n u t t͡s j o n e
<|ITA|>dipendente	d i p e n d ɛ n t e
<|ITA|>dire	d i r e
<|ITA|>direzione	d i r e t t s j o n e
<|ITA|>dirotto	d i r o t t o
<|ITA|>disagi	d i z a d͡ʒ i
<|ITA|>disastro	d i z a s t r o
<|ITA|>disposizione	d i s p o z i t t͡s j o n e
<|ITA|>diva	d i v a
<|ITA|>diversità	d i v e r s i t a
<|ITA|>divisione	d i v i z j o n e
<|ITA|>diviso	d i v i z o
<|ITA|>dobbiamo	d o b b j a m o
<|ITA|>dolore	d o l o r e
<|ITA|>domani	d o m a n i
<|ITA|>donna	d ɔ n n a
<|ITA|>donne	d ɔ n n e
<|ITA|>dopo	d o p o
<|ITA|>dormire	d o r m i r e
<|ITA|>dottrina	d o t t r i n a
<|ITA|>dove	d o v e
<|ITA|>dovuto	d o v u t o
<|ITA|>drammatico	d r a m m a t i k o
<|ITA|>droga	d r ɔ ɡ a
<|ITA|>due	d u e
<|ITA|>dunque	d u n k w e
<|ITA|>durante	d u r a n t e
<|ITA|>ebbene	e b b ɛ n e
<|ITA|>ebraico	e b r a j k o
<|ITA|>ecco	ɛ k k o
<|ITA|>economista	e k o n o m i s t a
<|ITA|>ed	e d
<|ITA|>edizione	e d i t t͡s j o n e
<|ITA|>efficiente	e f f i t͡ʃ ɛ n t e
<|ITA|>elicottero	e l i k ɔ t t e r o
<|ITA|>emotivo	e m o t i v o
<|ITA|>energetica	e n e r d͡ʒ ɛ t i k a
<|ITA|>energia	e n e r d͡ʒ i a
<|ITA|>episodi	e p i z ɔ d i
<|ITA|>episodio	e p i z ɔ d j o
<|ITA|>era	ɛ r a
<|ITA|>ero	ɛ r o
<|ITA|>errore	e r r o r e
<|ITA|>errori	e r r o r i
<|ITA|>esattamente	e z a t t a m e n t e
<|ITA|>eseguire	e z e ɡ w i r e
<|ITA|>esempio	e z ɛ m p j o
<|ITA|>esperienza	e s p e r j ɛ n t͡s a
<|ITA|>essere	ɛ s s e r e
<|ITA|>eterno	e t ɛ r n o
<|ITA|>evidente	e v i d ɛ n t e
<|ITA|>evitando	e v i t a n d o
<|ITA|>evitare	e v i t a r e
<|ITA|>fa	f a
<|ITA|>fabbisogno	f a b b i z o ɲ ɲ o
<|ITA|>fabbrica	f a b b r i k a
<|ITA|>fabrizio	f a b r i t t s j o
<|ITA|>faccio	f a t t ʃ o
<|ITA|>fallo	f a l l o
<|ITA|>famiglia	f a m i ʎ ʎ a
<|ITA|>fanno	f a n n o
<|ITA|>fantasia	f a n t a z i a
<|ITA|>fasce	f a ʃ ʃ e
<|ITA|>fascia	f a ʃ ʃ a
<|ITA|>fascista	f a ʃ ʃ i s t a
<|ITA|>fase	f a z e
<|ITA|>fatica	f a t i k a
<|ITA|>fatto	f a t t o
<|ITA|>fatturato	f a t t u r a t o
<|ITA|>febbraio	f e b b r a j o
<|ITA|>federale	f e d e r a l e
<|ITA|>federico	f e d e r i k o
<|ITA|>felice	f e l i t͡ʃ e
<|ITA|>femminile	f e m m i n i l e
<|ITA|>fenomeno	f e n ɔ m e n o
<|ITA|>fermato	f e r m a t o
<|ITA|>ferro	f ɛ r r o
<|ITA|>festa	f ɛ s t a
<|ITA|>festività	f e s t i v i t a
<|ITA|>fiducioso	f i d u t͡ʃ o z o
<|ITA|>figlia	f i ʎ ʎ a
<|ITA|>figlio	f i ʎ ʎ o
<|ITA|>fila	f i l a
<|ITA|>fine	f i n e
<|ITA|>finite	f i n i t e
<|ITA|>fiorentina	f j o r e n t i n a
<|ITA|>firenze	f i r ɛ n t͡s e
<|ITA|>fiscale	f i s k a l e
<|ITA|>fisica	f i z i k a
<|ITA|>fisico	f i z i k o
<|ITA|>fornitura	f o r n i t u r a
<|ITA|>forse	f o r s e
<|ITA|>fortuna	f o r t u n a
<|ITA|>foto	f ɔ t o
<|ITA|>fra	f r a
<|ITA|>frase	f r a z e
<|ITA|>friuli	f r i u l i
<|ITA|>fucile	f u t͡ʃ i l e
<|ITA|>funzione	f u n t͡s j o n e
<|ITA|>furto	f u r t o
<|ITA|>futuro	f u t u r o
<|ITA|>gazebo	ɡ a d d͡z ɛ b o
<|ITA|>genere	d͡ʒ ɛ n e r e
<|ITA|>genio	d͡ʒ ɛ n j o
<|ITA|>giornale	d͡ʒ o r n a l e
<|ITA|>giornata	d͡ʒ o r n a t a
<|ITA|>giorno	d͡ʒ o r n o
<|ITA|>giovanile	d͡ʒ o v a n i l e
<|ITA|>giovanni	d͡ʒ o v a n n i
<|ITA|>giudiziario	d͡ʒ u d i t t͡s j a r j o
<|ITA|>giulietta	d͡ʒ u l j e t t a
<|ITA|>già	d͡ʒ a
<|ITA|>globale	ɡ l o b a l e
<|ITA|>governo	ɡ o v ɛ r n o
<|ITA|>gran	ɡ r a n
<|ITA|>grandi	ɡ r a n d i
<|ITA|>grasso	ɡ r a s s o
<|ITA|>grazie	ɡ r a t t͡s j e
<|ITA|>greco	ɡ r ɛ k o
<|ITA|>griffe	ɡ r i f f e
<|ITA|>gruppetto	ɡ r u p p e t t o
<|ITA|>ieri	j ɛ r i
<|ITA|>il	i l
<|ITA|>ilarità	i l a r i t a
<|ITA|>impeto	i m p e t o
<|ITA|>in	i n
<|ITA|>incontrare	i n k o n t r a r e
<|ITA|>indignazione	i n d i ɲ ɲ a t t͡s j o n e
<|ITA|>inedito	i n ɛ d i t o
<|ITA|>infelice	i n f e l i t͡ʃ e
<|ITA|>infermiere	i n f e r m j ɛ r e
<|ITA|>ingiustizia	i n d͡ʒ u s t i t t͡s j a
<|ITA|>inglese	i n ɡ l e z e
<|ITA|>ingressi	i n ɡ r ɛ s s i
<|ITA|>iniezione	i n j e t t͡s j o n e
<|ITA|>intanto	i n t a n t o
<|ITA|>intenzione	i n t e n t͡s j o n e
<|ITA|>intervista	i n t e r v i s t a
<|ITA|>intorno	i n t o r n o
<|ITA|>introdotto	i n t r o d o t t o
<|ITA|>invece	i n v e t͡ʃ e
<|ITA|>invito	i n v i t o
<|ITA|>io	i o
<|ITA|>istituto	i s t i t u t o
<|ITA|>italiana	i t a l j a n a
<|ITA|>italo	i t a l o
<|ITA|>le	l e
<|ITA|>legato	l e ɡ a t o
<|ITA|>legislativo	l e d͡ʒ i z l a t i v o
<|ITA|>lentamente	l e n t a m ɛ n t e
<|ITA|>leone	l e o n e
<|ITA|>lettera	l ɛ t t e r a
<|ITA|>lettura	l e t t u r a
<|ITA|>lezione	l e t t͡s j o n e
<|ITA|>libertà	l i b e r t a
<|ITA|>limitazione	l i m i t a t t͡s j o n e
<|ITA|>limite	l i m i t e
<|ITA|>lista	l i s t a
<|ITA|>logica	l ɔ d͡ʒ i k a
<|ITA|>lombardia	l o m b a r d i a
<|ITA|>lotta	l ɔ t t a
<|ITA|>luce	l u t͡ʃ e
<|ITA|>luigi	l w i d͡ʒ i
<|ITA|>lupo	l u p o
<|ITA|>maggiore	m a d d͡ʒ o r e
<|ITA|>mail	m ɛ i l
<|ITA|>malore	m a l o r e
<|ITA|>mamma	m a m m a
<|ITA|>manca	m a n k a
<|ITA|>mancato	m a n k a t o
<|ITA|>mantenere	m a n t e n e r e
<|ITA|>marca	m a r k a
<|ITA|>marea	m a r ɛ a
<|ITA|>maria	m a r i a
<|ITA|>marito	m a r i t o
<|ITA|>marocco	m a r ɔ k k o
<|ITA|>martedì	m a r t e d i
<|ITA|>maschera	m a s k e r a
<|ITA|>massaggiatore	m a s s a d d͡ʒ a t o r e
<|ITA|>materiale	m a t e r j a l e
<|ITA|>mattinata	m a t t i n a t a
<|ITA|>medesimo	m e d e z i m o
<|ITA|>medicina	m e d i t͡ʃ i n a
<|ITA|>meglio	m ɛ ʎ ʎ o
<|ITA|>melo	m e l o
<|ITA|>mente	m e n t e
<|ITA|>mentre	m e n t r e
<|ITA|>mercati	m e r k a t i
<|ITA|>mercato	m e r k a t o
<|ITA|>messa	m e s s a
<|ITA|>metà	m e t a
<|ITA|>mezzosoprano	m ɛ d d͡z o s o p r a n o
<|ITA|>mi	m i
<|ITA|>miei	m j ɛ i
<|ITA|>miglior	m i ʎ ʎ o r
<|ITA|>mila	m i l a
<|ITA|>mille	m i l l e
<|ITA|>minore	m i n o r e
<|ITA|>missione	m i s s j o n e
<|ITA|>misto	m i s t o
<|ITA|>modo	m ɔ d o
<|ITA|>moglie	m o ʎ ʎ e
<|ITA|>molto	m o l t o
<|ITA|>monaco	m ɔ n a k o
<|ITA|>mosca	m o s k a
<|ITA|>motivo	m o t i v o
<|ITA|>movimento	m o v i m e n t o
<|ITA|>mugello	m u d͡ʒ ɛ l l o
<|ITA|>multa	m u l t a
<|ITA|>musicale	m u z i k a l e
<|ITA|>napoletano	n a p o l e t a n o
<|ITA|>nascita	n a ʃ ʃ i t a
<|ITA|>nata	n a t a
<|ITA|>natale	n a t a l e
<|ITA|>nato	n a t o
<|ITA|>naturale	n a t u r a l e
<|ITA|>naturalezza	n a t u r a l e t t͡s a
<|ITA|>nazionale	n a t t͡s j o n a l e
<|ITA|>necessario	n e t͡ʃ e s s a r j o
<|ITA|>necessità	n e t͡ʃ e s s i t a
<|ITA|>nemmeno	n e m m e n o
<|ITA|>neonata	n e o n a t a
<|ITA|>nerazzurri	n e r a t t͡s u r r i
<|ITA|>nessun	n e s s u n
<|ITA|>nessuno	n e s s u n o
<|ITA|>netto	n e t t o
<|ITA|>neve	n e v e
<|ITA|>nicola	n i k ɔ l a
<|ITA|>niente	n j ɛ n t e
<|ITA|>nobile	n ɔ b i l e
<|ITA|>non	n o n
<|ITA|>norma	n ɔ r m a
<|ITA|>nostri	n ɔ s t r i
<|ITA|>nostro	n ɔ s t r o
<|ITA|>note	n ɔ t e
<|ITA|>noto	n ɔ t o
<|ITA|>numero	n u m e r o
<|ITA|>nuova	n w ɔ v a
<|ITA|>nuovo	n w ɔ v o
<|ITA|>occhi	ɔ k k i
<|ITA|>offrire	o f f r i r e
<|ITA|>oggi	ɔ d d͡ʒ i
<|ITA|>olanda	o l a n d a
<|ITA|>olimpico	o l i m p i k o
<|ITA|>opera	ɔ p e r a
<|ITA|>operativo	o p e r a t i v o
<|ITA|>operato	o p e r a t o
<|ITA|>oppure	o p p u r e
<|ITA|>orgoglio	o r ɡ o ʎ ʎ o
<|ITA|>oriente	o r j ɛ n t e
<|ITA|>origine	o r i d͡ʒ i n e
<|ITA|>ospite	ɔ s p i t e
<|ITA|>ostinatamente	o s t i n a t a m e n t e
<|ITA|>ottenere	o t t e n e r e
<|ITA|>pace	p a t͡ʃ e
<|ITA|>pagina	p a d͡ʒ i n a
<|ITA|>palazzo	p a l a t t s o
<|ITA|>palco	p a l k o
<|ITA|>palermo	p a l ɛ r m o
<|ITA|>palio	p a l j o
<|ITA|>palo	p a l o
<|ITA|>pane	p a n e
<|ITA|>parere	p a r e r e
<|ITA|>partecipare	p a r t e t͡ʃ i p a r e
<|ITA|>parto	p a r t o
<|ITA|>parziale	p a r t͡s j a l e
<|ITA|>passaporto	p a s s a p o r t o
<|ITA|>passione	p a s s j o n e
<|ITA|>patito	p a t i t o
<|ITA|>paura	p a u r a
<|ITA|>pc	p i t ʃ i
<|ITA|>pellicola	p e l l i k o l a
<|ITA|>pensare	p e n s a r e
<|ITA|>pensavo	p e n s a v o
<|ITA|>pensiero	p e n s j ɛ r o
<|ITA|>pentirsi	p e n t i r s i
<|ITA|>per	p e r
<|ITA|>percorso	p e r k o r s o
<|ITA|>perdere	p ɛ r d e r e
<|ITA|>performance	p e r f ɔ r m a n s
<|ITA|>pericolo	p e r i k o l o
<|ITA|>periodo	p e r i o d o
<|ITA|>perno	p ɛ r n o
<|ITA|>perplessità	p e r p l e s s i t a
<|ITA|>persa	p ɛ r s a
<|ITA|>persino	p e r s i n o
<|ITA|>persona	p e r s o n a
<|ITA|>però	p e r ɔ
<|ITA|>petrolio	p e t r ɔ l j o
<|ITA|>pettorale	p e t t o r a l e
<|ITA|>pezzi	p ɛ t t͡s i
<|ITA|>pianificazione	p j a n i f i k a t t͡s j o n e
<|ITA|>piattaforma	p j a t t a f o r m a
<|ITA|>picciotto	p i t t͡ʃ ɔ t t o
<|ITA|>piccola	p i k k o l a
<|ITA|>piccolo	p i k k o l o
<|ITA|>piovere	p j ɔ v e r e
<|ITA|>più	p j u
<|ITA|>plancia	p l a n t͡ʃ a
<|ITA|>plutone	p l u t o n e
<|ITA|>politico	p o l i t i k o
<|ITA|>pomeriggio	p o m e r i d d͡ʒ o
<|ITA|>pompiere	p o m p j ɛ r e
<|ITA|>popolazione	p o p o l a t t͡s j o n e
<|ITA|>portare	p o r t a r e
<|ITA|>positività	p o z i t i v i t a
<|ITA|>positivo	p o z i t i v o
<|ITA|>possa	p ɔ s s a
<|ITA|>possiamo	p o s s j a m o
<|ITA|>possibile	p o s s i b i l e
<|ITA|>posso	p ɔ s s o
<|ITA|>potrà	p o t r a
<|ITA|>pranzo	p r a n d͡z o
<|ITA|>prefigge	p r e f i d d͡ʒ e
<|ITA|>prende	p r ɛ n d e
<|ITA|>preparazione	p r e p a r a t t͡s j o n e
<|ITA|>presenza	p r e z ɛ n t͡s a
<|ITA|>presto	p r ɛ s t o
<|ITA|>primaria	p r i m a r j a
<|ITA|>primavera	p r i m a v ɛ r a
<|ITA|>primo	p r i m o
<|ITA|>principi	p r i n t͡ʃ i p i
<|ITA|>prodotto	p r o d o t t o
<|ITA|>profonda	p r o f o n d a
<|ITA|>programma	p r o ɡ r a m m a
<|ITA|>progresso	p r o ɡ r ɛ s s o
<|ITA|>promozione	p r o m o t t͡s j o n e
<|ITA|>propria	p r ɔ p r j a
<|ITA|>prossimo	p r ɔ s s i m o
<|ITA|>protezione	p r o t e t t͡s j o n e
<|ITA|>protocollo	p r o t o k ɔ l l o
<|ITA|>prova	p r ɔ v a
<|ITA|>provvedimento	p r o v v e d i m e n t o
<|ITA|>puntata	p u n t a t a
<|ITA|>pupo	p u p o
<|ITA|>pure	p u r e
<|ITA|>qualche	k w a l k e
<|ITA|>qualcosa	k w a l k ɔ z a
<|ITA|>qualcuno	k w a l k u n o
<|ITA|>quando	k w a n d o
<|ITA|>quarantena	k w a r a n t ɛ n a
<|ITA|>quarta	k w a r t a
<|ITA|>quella	k w e l l a
<|ITA|>quelli	k w e l l i
<|ITA|>quello	k w e l l o
<|ITA|>questione	k w e s t j o n e
<|ITA|>quinta	k w i n t a
<|ITA|>quirinale	k w i r i n a l e
<|ITA|>ragazza	r a ɡ a t t͡s a
<|ITA|>ragazzi	r a ɡ a t t͡s i
<|ITA|>rai	r a i̯
<|ITA|>rapire	r a p i r e
<|ITA|>reciproco	r e t͡ʃ i p r o k o
<|ITA|>regola	r ɛ ɡ o l a
<|ITA|>relativo	r e l a t i v o
<|ITA|>renato	r e n a t o
<|ITA|>rende	r ɛ n d e
<|ITA|>rendere	r ɛ n d e r e
<|ITA|>rendiconto	r ɛ n d i k o n t o
<|ITA|>resa	r e z a
<|ITA|>responsabilità	r e s p o n s a b i l i t a
<|ITA|>rete	r e t e
<|ITA|>reticolo	r e t i k o l o
<|ITA|>retrocessione	r e t r o t͡ʃ e s s j o n e
<|ITA|>revisione	r e v i z j o n e
<|ITA|>ricchezza	r i k k e t t͡s a
<|ITA|>riferimento	r i f e r i m e n t o
<|ITA|>riforma	r i f o r m a
<|ITA|>rimanere	r i m a n e r e
<|ITA|>rimangono	r i m a n ɡ o n o
<|ITA|>rimasto	r i m a s t o
<|ITA|>rimettere	r i m e t t e r e
<|ITA|>riscossione	r i s k o s s j o n e
<|ITA|>risposta	r i s p o s t a
<|ITA|>risultato	r i z u l t a t o
<|ITA|>ritmo	r i t m o
<|ITA|>riuscito	r i u ʃ ʃ i t o
<|ITA|>roberta	r o b ɛ r t a
<|ITA|>roberto	r o b ɛ r t o
<|ITA|>roma	r o m a
<|ITA|>romano	r o m a n o
<|ITA|>rossa	r o s s a
<|ITA|>rosso	r o s s o
<|ITA|>rotto	r o t t o
<|ITA|>russa	r u s s a
<|ITA|>saggio	s a d d͡ʒ o
<|ITA|>salerno	s a l ɛ r n o
<|ITA|>saltare	s a l t a r e
<|ITA|>salvini	s a l v i n i
<|ITA|>san	s a n
<|ITA|>sanitario	s a n i t a r j o
<|ITA|>sarà	s a r a
<|ITA|>savoia	s a v ɔ j a
<|ITA|>scadenza	s k a d ɛ n t͡s a
<|ITA|>scatola	s k a t o l a
<|ITA|>scegliere	ʃ e ʎ ʎ e r e
<|ITA|>scelta	ʃ e l t a
<|ITA|>scelto	ʃ e l t o
<|ITA|>sciatrice	ʃ a t r i t͡ʃ e
<|ITA|>scienza	ʃ ɛ n t͡s a
<|ITA|>scorso	s k o r s o
<|ITA|>scudetto	s k u d e t t o
<|ITA|>scuola	s k w ɔ l a
<|ITA|>se	s e
<|ITA|>segno	s e ɲ o
<|ITA|>seguire	s e ɡ w i r e
<|ITA|>sembra	s e m b r a
<|ITA|>sento	s ɛ n t o
<|ITA|>sera	s e r a
<|ITA|>serie	s ɛ r j e
<|ITA|>sesto	s ɛ s t o
<|ITA|>settembre	s e t t ɛ m b r e
<|ITA|>settore	s e t t o r e
<|ITA|>sfida	s f i d a
<|ITA|>sfiducia	s f i d u t͡ʃ a
<|ITA|>sfortuna	s f o r t u n a
<|ITA|>sguardo	z ɡ w a r d o
<|ITA|>siamo	s j a m o
<|ITA|>sicilia	s i t͡ʃ i l j a
<|ITA|>sicuramente	s i k u r a m e n t e
<|ITA|>siena	s j ɛ n a
<|ITA|>signore	s i ɲ o r e
<|ITA|>silvia	s u l v j a
<|ITA|>sindaco	s i n d a k o
<|ITA|>sinistro	s i n i s t r o
<|ITA|>sinossi	s i n ɔ s s i
<|ITA|>sociale	s o t͡ʃ a l e
<|ITA|>sofferenza	s o f f e r ɛ n t͡s a
<|ITA|>soglia	s ɔ ʎ ʎ a
<|ITA|>sogna	s o ɲ ɲ a
<|ITA|>sogno	s o ɲ ɲ o
<|ITA|>sole	s o l e
<|ITA|>solo	s o l o
<|ITA|>sopra	s o p r a
<|ITA|>soprattutto	s o p r a t t u t t o
<|ITA|>soprintendenza	s o p r i n t e n d ɛ n t͡s a
<|ITA|>sorreggono	s o r r ɛ ɡ ɡ o n o
<|ITA|>sorriso	s o r r i s o
<|ITA|>sorveglianza	s o r v e ʎ ʎ a n t͡s a
<|ITA|>sostanza	s o s t a n t͡s a
<|ITA|>sostegno	s o s t e ɲ ɲ o
<|ITA|>sostituire	s o s t i t u i r e
<|ITA|>sottotitoli	s o t t o t i t o l i
<|ITA|>sparito	s p a r i t o
<|ITA|>speciale	s p e t͡ʃ a l e
<|ITA|>spendere	s p ɛ n d e r e
<|ITA|>speranza	s p e r a n t͡s a
<|ITA|>spesa	s p e z a
<|ITA|>spesso	s p e s s o
<|ITA|>spettacolo	s p e t t a k o l o
<|ITA|>sportivo	s p o r t i v o
<|ITA|>squadra	s k w a d r a
<|ITA|>sta	s t a
<|ITA|>stabilità	s t a b i l i t a
<|ITA|>stadio	s t a d j o
<|ITA|>stagionale	s t a d͡ʒ o n a l e
<|ITA|>stagione	s t a d͡ʒ o n e
<|ITA|>stampa	s t a m p a
<|ITA|>stanziati	s t a n t͡s j a t i
<|ITA|>stata	s t a t a
<|ITA|>state	s t a t e
<|ITA|>stavo	s t a v o
<|ITA|>stefano	s t e f a n o
<|ITA|>stima	s t i m a
<|ITA|>stipendio	s t i p ɛ n d j o
<|ITA|>stoccolma	s t o k k o l m a
<|ITA|>storica	s t ɔ r i k a
<|ITA|>stradale	s t r a d a l e
<|ITA|>strano	s t r a n o
<|ITA|>struttura	s t r u t t u r a
<|ITA|>studente	s t u d ɛ n t e
<|ITA|>studio	s t u d j o
<|ITA|>sturzo	s t u r t͡s o
<|ITA|>su	s u
<|ITA|>sua	s u a
<|ITA|>successo	s u t t͡ʃ ɛ s s o
<|ITA|>suo	s u o
<|ITA|>superare	s u p e r a r e
<|ITA|>superato	s u p e r a t o
<|ITA|>susanna	s u z a n n a
<|ITA|>sviluppare	z v i l u p p a r e
<|ITA|>svolta	z v ɔ l t a
<|ITA|>sì	s i
<|ITA|>tabacco	t a b a k k o
<|ITA|>tacchi	t a k k i
<|ITA|>taccuino	t a k k u i n o
<|ITA|>talmente	t a l m e n t e
<|ITA|>talpa	t a l p a
<|ITA|>tanto	t a n t o
<|ITA|>tarantino	t a r a n t i n o
<|ITA|>tariffa	t a r i f f a
<|ITA|>teatro	t e a t r o
<|ITA|>tecnica	t ɛ k n i k a
<|ITA|>tecnicamente	t e k n i k a m e n t e
<|ITA|>tecnico	t ɛ k n i k o
<|ITA|>tedesco	t e d e s k o
<|ITA|>tegame	t e ɡ a m e
<|ITA|>temperature	t e m p e r a t u r e
<|ITA|>tempo	t ɛ m p o
<|ITA|>termine	t ɛ r m i n e
<|ITA|>terra	t ɛ r r a
<|ITA|>terreno	t e r r e n o
<|ITA|>terrestre	t e r r ɛ s t r e
<|ITA|>territorio	t e r r i t ɔ r j o
<|ITA|>terzo	t ɛ r t͡s o
<|ITA|>tesi	t ɛ z i
<|ITA|>testa	t ɛ s t a
<|ITA|>testamento	t e s t a m e n t o
<|ITA|>ti	t i
<|ITA|>tipicamente	t i p i k a m e n t e
<|ITA|>tipo	t i p o
<|ITA|>titoli	t i t o l i
<|ITA|>tokyo	t ɔ k j o
<|ITA|>tornare	t o r n a r e
<|ITA|>tradizionale	t r a d i t t͡s j o n a l e
<|ITA|>tramite	t r a m i t e
<|ITA|>tranquillo	t r a n k w i l l o
<|ITA|>trattamento	t r a t t a m e n t o
<|ITA|>tre	t r e
<|ITA|>tregua	t r ɛ ɡ w a
<|ITA|>treno	t r ɛ n o
<|ITA|>treviso	t r e v i z o
<|ITA|>tridente	t r i d ɛ n t e
<|ITA|>trimestre	t r i m ɛ s t r e
<|ITA|>tromba	t r o m b a
<|ITA|>trova	t r o v a
<|ITA|>turchia	t u r k i a
<|ITA|>tutte	t u t t e
<|ITA|>tutti	t u t t i
<|ITA|>tutto	t u t t o
<|ITA|>tv	t i v u
<|ITA|>udine	u d i n e
<|ITA|>ufficialmente	u f f i t ʃ a l m e n t e
<|ITA|>ulteriore	u l t e r j o r e
<|ITA|>ulteriormente	u l t e r j o r m e n t e
<|ITA|>ultimi	u l t i m i
<|ITA|>umbria	u m b r j a
<|ITA|>umore	u m o r e
<|ITA|>uninominali	u n i n o m i n a l i
<|ITA|>unisce	u n i ʃ ʃ e
<|ITA|>unità	u n i t a
<|ITA|>urina	u r i n a
<|ITA|>usa	u z a
<|ITA|>usare	u z a r e
<|ITA|>uscire	u ʃ ʃ i r e
<|ITA|>uscito	u ʃ ʃ i t o
<|ITA|>utile	u t i l e
<|ITA|>valanga	v a l a n ɡ a
<|ITA|>valere	v a l e r e
<|ITA|>vanno	v a n n o
<|ITA|>vano	v a n o
<|ITA|>vantaggio	v a n t a d d͡ʒ o
<|ITA|>variazione	v a r j a t t͡s j o n e
<|ITA|>ventimiglia	v e n t i m i ʎ ʎ a
<|ITA|>vera	v e r a
<|ITA|>verde	v e r d e
<|ITA|>verdure	v e r d u r e
<|ITA|>vero	v e r o
<|ITA|>versante	v e r s a n t e
<|ITA|>verso	v ɛ r s o
<|ITA|>vettura	v e t t u r a
<|ITA|>vi	v i
<|ITA|>via	v i a
<|ITA|>viaggio	v i a d d͡ʒ o
<|ITA|>vicina	v i t͡ʃ i n a
<|ITA|>vicine	v i t͡ʃ i n e
<|ITA|>video	v i d e o
<|ITA|>viene	v j ɛ n e
<|ITA|>vigente	v i d͡ʒ ɛ n t e
<|ITA|>vigile	v i d͡ʒ i l e
<|ITA|>villa	v i l l a
<|ITA|>vincere	v i n t ʃ e r e
<|ITA|>viste	v i s t e
<|ITA|>vive	v i v e
<|ITA|>vivere	v i v e r e
<|ITA|>vivo	v i v o
<|ITA|>voce	v o t͡ʃ e
<|ITA|>voglia	v ɔ ʎ ʎ a
<|ITA|>voler	v o l e r
<|ITA|>volontà	v o l o n t a
<|ITA|>volutamente	v o l u t a m e n t e
<|ITA|>vorrebbe	v o r r ɛ b b e
<|ITA|>vorrei	v o r r e j
<|ITA|>vostro	v ɔ s t r o
<|ITA|>votare	v o t a r e
<|ITA|>web	w ɛ b
<|ITA|>whisky	w i s k i
<|ITA|>york	j ɔ r k
<|ITA|>zanetti	d͡z a n e t t i
<|ITA|>zero	d͡z ɛ r o
<|ITA|>zona	d͡z ɔ n a
<|ITA|>épagneul	e p a ɲ ɲ ɔ l
<|ITA|>étoile	e t w a l
<|MLT|>abjad	a b j a t
<|MLT|>abraham	a b r aː m
<|MLT|>adam	a d aː m
<|MLT|>adorazzjoni	a d ɔ r a t t͡s j ɔː n ɪ
<|MLT|>aktar	a k t a r
<|MLT|>aktarx	a k t a r ʃ
<|MLT|>attiv	ɐ tː iː f
<|MLT|>attività	ɐ tː ɪ v ɪ t a
<|MLT|>awstralja	a w s t r aː l j a
<|MLT|>azzjoni	a t t͡s j ɔː n ɪ
<|MLT|>azzjonijiet	a t t͡s j ɔ n ɪ j ɪː t
<|MLT|>aħbar	a ħ b aː r
<|MLT|>aħbarijiet	a ħ b a r ɪ j ɪː t
<|MLT|>aħjar	a ħ j aː r
<|MLT|>aħna	ɐ ħ n ɐ
<|MLT|>aħwa	a ħ w a
<|MLT|>bagħat	b aː t
<|MLT|>bajd	b a j t
<|MLT|>bajda	b a j d a
<|MLT|>ballun	b a l l uː n
<|MLT|>bandiera	b ɐ n d ɪː r ɐ
<|MLT|>baqgħet	b a ʔ a t
<|MLT|>baqgħu	b a ʔ a w
<|MLT|>barka	b a r k a
<|MLT|>barra	b a r r a
<|MLT|>barrani	b a r r aː n ɪ
<|MLT|>bata	b aː t a
<|MLT|>batta	b a t t a
<|MLT|>baġit	b a d͡ʒ ɪ t
<|MLT|>bdiewa	b d ɪː w a
<|MLT|>bejgħ	b ɛ j ħ
<|MLT|>bejjiegħa	b ɛ j j ɪː j a
<|MLT|>bejn	b ɛ j n
<|MLT|>belt	b ɛ l t
<|MLT|>belti	b ɛ l t ɪ
<|MLT|>bena	b ɛ n a
<|MLT|>bidla	b ɪ d l a
<|MLT|>bieb	b ɪː p
<|MLT|>biegħ	b ɪː ħ
<|MLT|>biex	b ɪː ʃ
<|MLT|>bih	b ɪː ħ
<|MLT|>biha	b ɪː j a
<|MLT|>bihom	b ɪː j ɔ m
<|MLT|>bija	b iː j a
<|MLT|>bik	b iː k
<|MLT|>bina	b iː n a
<|MLT|>bini	b ɪ n ɪ
<|MLT|>bint	b ɪ n t
<|MLT|>biżżejjed	b ɪ z z ɛ j j ɛ t
<|MLT|>bla	b l aː
<|MLT|>blu	b l uː
<|MLT|>bniet	b n ɪː t
<|MLT|>bogħod	b ɔː t
<|MLT|>borma	b ɔ r m a
<|MLT|>borġ	b ɔ r t͡ʃ
<|MLT|>bosta	b ɔ s t a
<|MLT|>bħal	p ħ aː l
<|MLT|>bħalma	p ħ aː l m a
<|MLT|>bżonn	b z ɔ n n
<|MLT|>dagħbien	d a b ɪː n
<|MLT|>dam	d aː m
<|MLT|>daqq	d a ʔ
<|MLT|>daqs	d a ʔ s
<|MLT|>daqsxejn	d a ʔ s ʃ ɛ j n
<|MLT|>darba	d a r b a
<|MLT|>darbtejn	d a r p t ɛ j n
<|MLT|>dawl	d a w l
<|MLT|>dawn	d a w n
<|MLT|>dawra	d ɐ w r ɐ
<|MLT|>daħal	d a ħ a l
<|MLT|>daħka	d a ħ k a
<|MLT|>debba	d ɛ bː ɐ
<|MLT|>dehra	d ɛː r a
<|MLT|>dejjaq	d ɛ j j a ʔ
<|MLT|>dejjem	d ɛ j j ɛ m
<|MLT|>demgħa	d ɛ m a
<|MLT|>demm	d ɛ m m
<|MLT|>demokrazija	d ɛ m ɔ k r a t͡s iː j a
<|MLT|>deċiż	d ɛ t͡ʃ iː s
<|MLT|>deċiżjoni	d ɛ t͡ʃ ɪ z j ɔː n ɪ
<|MLT|>dgħajjef	d a j j ɛ f
<|MLT|>dgħajsa	d a j s a
<|MLT|>diffiċli	d ɪ f f iː t͡ʃ l ɪ
<|MLT|>difiża	d ɪ f iː z a
<|MLT|>din	d iː n
<|MLT|>dineb	d ɪ n ɛ p
<|MLT|>dinja	d ɪ n j ɐ
<|MLT|>direzzjoni	d ɪ r ɛ t t͡s j ɔː n ɪ
<|MLT|>disgħa	d ɪ s a
<|MLT|>disgħin	d ɪ s a j n
<|MLT|>djar	d j aː r
<|MLT|>dlam	d l aː m
<|MLT|>dmugħ	d m uː ħ
<|MLT|>dnub	d n uː p
<|MLT|>drabi	d r aː b ɪ
<|MLT|>drapp	d r a p
<|MLT|>dritt	d r ɪ t
<|MLT|>drittijiet	d r ɪ t t ɪ j ɪː t
<|MLT|>ebda	ɛ b d a
<|MLT|>edizzjoni	ɛ d ɪ t t͡s j ɔː n ɪ
<|MLT|>ejja	ɛ j j a
<|MLT|>emmen	ɛ m m ɛ n
<|MLT|>emozzjonali	ɛ m ɔ tː s j ɔ n aː l ɪ
<|MLT|>enerġija	ɛ n ɛ r d͡ʒ iː j a
<|MLT|>erbgħa	ɛ r b a
<|MLT|>erbgħin	ɛ r b ɛ j n
<|MLT|>esperjenza	ɛ s p ɛ r j ɛ n t͡s a
<|MLT|>espressjoni	ɛ s p r ɛ sː j ɔː n ɪ
<|MLT|>essenzjali	ɛ sː ɛ n t s j aː l ɪ
<|MLT|>essenzjalment	ɛ sː ɛ n t s j ɐ l m ɛ n t
<|MLT|>ewwel	ɛ w w ɛ l
<|MLT|>eċċezzjoni	ɛ tː ʃ ɛ tː s j ɔː n ɪ
<|MLT|>eżami	ɛ z aː m ɪ
<|MLT|>eżatt	ɛ z a t
<|MLT|>eżempji	ɛ z ɛ m p j ɪ
<|MLT|>fadal	f a d a l
<|MLT|>far	f aː r
<|MLT|>faċli	f aː t͡ʃ l ɪ
<|MLT|>faħħar	f a ħ ħ a r
<|MLT|>fehem	f ɛː m
<|MLT|>fejda	f ɛ j d a
<|MLT|>felaħ	f ɛ l a ħ
<|MLT|>ferħ	f ɛ r ħ
<|MLT|>fetaħ	f ɛ t a ħ
<|MLT|>fiha	f ɪː j a
<|MLT|>fihom	f ɪː j ɔ m
<|MLT|>fik	f iː k
<|MLT|>fil	f iː l
<|MLT|>filgħaxija	f ɪ l a ʃ iː j a
<|MLT|>filgħaxijiet	f ɪ l a ʃ ɪ j ɪː t
<|MLT|>fina	f iː n a
<|MLT|>fisser	f ɪ s s ɛ r
<|MLT|>fittex	f ɪ t t ɛ ʃ
<|MLT|>fliexken	f l ɪː ʃ k ɛ n
<|MLT|>flixkun	f l ɪ ʃ k uː n
<|MLT|>flok	f l ɔː k
<|MLT|>flus	f l uː s
<|MLT|>fniek	f n ɪː k
<|MLT|>folla	f ɔ l l a
<|MLT|>fomm	f ɔ m m
<|MLT|>forma	f ɔ r m a
<|MLT|>forsi	f ɔ r s ɪ
<|MLT|>fost	f ɔ s t
<|MLT|>frott	f r ɔ tː
<|MLT|>ftakar	f t a k a r
<|MLT|>ftit	f t iː t
<|MLT|>fuq	f uː ʔ
<|MLT|>gawda	ɡ a w d a
<|MLT|>gideb	ɡ ɪ d ɛ p
<|MLT|>gwerra	ɡ w ɛ r r a
<|MLT|>għada	aː d a
<|MLT|>għadd	aː t
<|MLT|>għadda	aː d d a
<|MLT|>għafas	aː f a s
<|MLT|>għajb	a j p
<|MLT|>għajn	a j n
<|MLT|>għajnuna	a j n uː n a
<|MLT|>għalaq	aː l a ʔ
<|MLT|>għaldaqstant	a l d a ʔ s t a n t
<|MLT|>għalhekk	a l ɛː k
<|MLT|>għalja	aː l j a
<|MLT|>għalliem	a l l ɪː m
<|MLT|>għalqa	aː l ʔ a
<|MLT|>għammieq	a m m ɪː ʔ
<|MLT|>għana	aː n a
<|MLT|>għand	aː n t
<|MLT|>għandek	aː n d ɛ k
<|MLT|>għandha	aː n d a
<|MLT|>għandhom	aː n d ɔ m
<|MLT|>għandi	aː n d ɪ
<|MLT|>għandkom	aː n t k ɔ m
<|MLT|>għandna	aː n n a
<|MLT|>għani	aː n ɪ
<|MLT|>għaqda	aː ʔ d a
<|MLT|>għaqdiet	a ʔ d ɪː t
<|MLT|>għaqli	aː ʔ l ɪ
<|MLT|>għaqlija	a ʔ l iː j a
<|MLT|>għaqlin	a ʔ l iː n
<|MLT|>għaraf	aː r a f
<|MLT|>għarajjes	a r a j j ɛ s
<|MLT|>għarfien	a r f ɪː n
<|MLT|>għasar	aː s a r
<|MLT|>għasfur	a s f uː r
<|MLT|>għatxana	a t t͡ʃ aː n a
<|MLT|>għawdex	a w d ɛ ʃ
<|MLT|>għawdxija	a w t͡ʃ iː j a
<|MLT|>għawdxin	a w t͡ʃ iː n
<|MLT|>għawma	a w m a
<|MLT|>għax	aː ʃ
<|MLT|>għaxar	aː ʃ a r
<|MLT|>għażel	aː z ɛ l
<|MLT|>għażiż	a z iː s
<|MLT|>għażla	aː z l a
<|MLT|>għelieqi	ɛ l ɪː ʔ ɪ
<|MLT|>għen	ɛː n
<|MLT|>għex	ɛː ʃ
<|MLT|>għid	ɛ j t
<|MLT|>għodod	ɔː d ɔ t
<|MLT|>għola	ɔː l a
<|MLT|>għolja	ɔː l j a
<|MLT|>għoljin	ɔ l j iː n
<|MLT|>gżejjer	ɡ z ɛ jː ɛ r
<|MLT|>gżira	ɡ z iː r a
<|MLT|>hawn	a w n
<|MLT|>hemm	ɛ m m
<|MLT|>hemmhekk	ɛ m m ɛː k
<|MLT|>hena	ɛː n a
<|MLT|>hewden	ɛ w d ɛ n
<|MLT|>hieni	ħ ɪː n ɪ
<|MLT|>hienja	ħ ɪː n j a
<|MLT|>hija	iː j ɐ
<|MLT|>hinn	ɪ n n
<|MLT|>huma	uː m ɐ
<|MLT|>huwa	uː w ɐ
<|MLT|>iben	ɪ b ɛ n
<|MLT|>iblah	ɪ b l a ħ
<|MLT|>id	iː t
<|MLT|>iebes	ɪː b ɛ s
<|MLT|>iebsa	ɪː p s a
<|MLT|>ieħor	ɪː ħ ɔ r
<|MLT|>ikel	ɪ k ɛ l
<|MLT|>ikrah	ɪ k r a ħ
<|MLT|>illum	ɪ l l uː m
<|MLT|>ilma	ɪ l m a
<|MLT|>ilsna	ɪ l s n ɐ
<|MLT|>imbagħad	ɪ m b aː t
<|MLT|>impjieg	ɪ m p j ɪː k
<|MLT|>impressjoni	ɪ m p r ɛ s s j ɔː n ɪ
<|MLT|>impressjonijiet	ɪ m p r ɛ s s j ɔ n ɪ j ɪː t
<|MLT|>imħabba	ɪ m ħ a b b a
<|MLT|>inbid	ɪ m b iː t
<|MLT|>indika	ɪ n d iː k ɐ
<|MLT|>indikazzjoni	ɪ n d ɪ k a t t͡s j ɔː n ɪ
<|MLT|>indipendenti	ɪ n d ɪ p ɛ n d ɛ n t ɪ
<|MLT|>indiċi	ɪ n d iː t͡ʃ ɪ
<|MLT|>infern	ɪ n f ɛ r n
<|MLT|>infezzjoni	ɪ n f ɛ t t͡s j ɔː n ɪ
<|MLT|>ingliż	ɪ n ɡ l iː s
<|MLT|>inibizzjoni	ɪ n ɪ b ɪ tː s j ɔː n ɪ
<|MLT|>inkella	ɪ n k ɛ l l a
<|MLT|>int	ɪ n t
<|MLT|>internazzjonali	ɪ n t ɛ r n a t t͡s j ɔ n aː l ɪ
<|MLT|>inti	ɪ n t ɪ
<|MLT|>intom	ɪ n t ɔ m
<|MLT|>ipprova	ɪ p p r ɔː v a
<|MLT|>irjieħ	ɪ r j ɪː ħ
<|MLT|>irrisponda	ɪ r r ɪ s p ɔ n d a
<|MLT|>isem	ɪ s ɛ m
<|MLT|>isfar	ɪ s f ɐ r
<|MLT|>isfel	ɪ s f ɛ l
<|MLT|>issa	ɪ s s a
<|MLT|>issieħeb	ɪ s s ɪː ħ ɛ p
<|MLT|>istess	ɪ s t ɛ sː
<|MLT|>itfal	ɪ t f aː l
<|MLT|>ittra	ɪ t t r a
<|MLT|>itwal	ɪ t w a l
<|MLT|>iva	iː v a
<|MLT|>iżjed	ɪ z j ɛ t
<|MLT|>jaf	j aː f
<|MLT|>jagħlaq	j aː l a ʔ
<|MLT|>jagħti	j aː t ɪ
<|MLT|>jagħżel	j aː z ɛ l
<|MLT|>jalla	j a l l a
<|MLT|>jannar	j ɐ n n ɐː r
<|MLT|>jaqbad	j a ʔ b a t
<|MLT|>jaqra	j a ʔ r a
<|MLT|>jara	j aː r a
<|MLT|>jekk	j ɛ kː
<|MLT|>jew	j ɛ w
<|MLT|>jgħallem	j aː l l ɛ m
<|MLT|>jgħid	j ɛ j t
<|MLT|>jgħin	j a j n
<|MLT|>jgħix	j ɛ j ʃ
<|MLT|>jgħodd	j ɔː t
<|MLT|>jgħożż	j ɔː s
<|MLT|>jhedded	j ɛː d d ɛ t
<|MLT|>jibgħat	j ɪ b a t
<|MLT|>jidher	j ɪ d ɛ r
<|MLT|>jiekol	j ɪː k ɔ l
<|MLT|>jiem	j ɪː m
<|MLT|>jien	j ɪː n
<|MLT|>jiena	j ɪː n ɐ
<|MLT|>jifhem	j ɪ f ɛ m
<|MLT|>jilgħab	j ɪ l a p
<|MLT|>jingħata	j ɪ n aː t a
<|MLT|>jinsa	j ɪ n s a
<|MLT|>jisimgħu	j ɪ s ɪ m ɔ w
<|MLT|>jistgħu	j ɪ s t ɔ w
<|MLT|>jitgħallem	j ɪ t aː l l ɛ m
<|MLT|>jixgħel	j ɪ ʃ a l
<|MLT|>jixhed	j ɪ ʃ ɛ t
<|MLT|>jiġifieri	j ɪ d͡ʒ ɪ f ɪː r ɪ
<|MLT|>jogħxa	j ɔː ʃ a
<|MLT|>joqgħod	j ɔ ʔ ɔ t
<|MLT|>jsib	j s iː p
<|MLT|>juri	j uː r ɪ
<|MLT|>jħobb	j ħ ɔ p
<|MLT|>kafè	k a f ɛː
<|MLT|>kamra	k a m r a
<|MLT|>kanta	k a n t a
<|MLT|>kapaċità	k ɐ p ɐ t ʃ ɪ t a
<|MLT|>kbar	ɡ b aː r
<|MLT|>kbir	ɡ b iː r
<|MLT|>kburi	ɡ b uː r ɪ
<|MLT|>keffa	k ɛ f f a
<|MLT|>kelb	k ɛ l p
<|MLT|>kelba	k ɛ l b ɐ
<|MLT|>kelma	k ɛ l m a
<|MLT|>kelmiet	k ɛ l m ɪː t
<|MLT|>kenn	k ɛ n
<|MLT|>kerha	k ɛ r a
<|MLT|>kiber	k ɪ b ɛ r
<|MLT|>kiefer	k ɪː f ɛ r
<|MLT|>kiel	k ɪː l
<|MLT|>kiesaħ	k ɪː s a ħ
<|MLT|>kisser	k ɪ s s ɛ r
<|MLT|>kiteb	k ɪ t ɛ p
<|MLT|>kittieb	k ɪ t t ɪː p
<|MLT|>kixef	k ɪ ʃ ɛ f
<|MLT|>klabb	k l a p
<|MLT|>kliem	k l ɪː m
<|MLT|>kmamar	k m aː m a r
<|MLT|>kmieni	k m ɪː n ɪ
<|MLT|>knejjes	k n ɛ j j ɛ s
<|MLT|>knisja	k n iː s j a
<|MLT|>kollezzjoni	k ɔ lː ɛ tː s j ɔː n ɪ
<|MLT|>kollha	k ɔ l l a
<|MLT|>kollhom	k ɔ l l ɔ m
<|MLT|>kollox	k ɔ l l ɔ ʃ
<|MLT|>kontra	k ɔ n t r a
<|MLT|>koppja	k ɔ p p j a
<|MLT|>kotba	k ɔ d b a
<|MLT|>kotra	k ɔ t r a
<|MLT|>ktejjeb	k t ɛ j j ɛ p
<|MLT|>ktieb	k t ɪː p
<|MLT|>kwistjoni	k w ɪ s t j ɔː n ɪ
<|MLT|>la	l aː
<|MLT|>lagħab	l aː p
<|MLT|>lanqas	l a n ʔ a s
<|MLT|>laqat	l a ʔ a t
<|MLT|>laqgħa	l a ʔ a
<|MLT|>laqgħat	l a ʔ aː t
<|MLT|>latin	l ɐ t iː n
<|MLT|>le	l ɛː
<|MLT|>lejl	l ɛ j l
<|MLT|>lejla	l ɛ j l ɐ
<|MLT|>lemin	l ɛ m iː n
<|MLT|>lesta	l ɛ s t a
<|MLT|>lewn	l ɛ w n
<|MLT|>leħen	l ɛ ħ ɛ n
<|MLT|>lgħabt	l a p t
<|MLT|>lhud	l uː t
<|MLT|>libertà	l ɪ b ɛ r t aː
<|MLT|>libsa	l ɪ p s a
<|MLT|>liema	l ɪː m a
<|MLT|>lingwa	l ɪ n ɡ w ɐ
<|MLT|>liġi	l iː d͡ʒ ɪ
<|MLT|>lpup	l p uː p
<|MLT|>lsien	l s ɪː n
<|MLT|>ma	m aː
<|MLT|>magħha	m a ħ ħ a
<|MLT|>magħhom	m a ħ ħ ɔ m
<|MLT|>magħkom	m aː k ɔ m
<|MLT|>magħmul	m a m uː l
<|MLT|>magħna	m aː n a
<|MLT|>magħqud	m a ʔ uː t
<|MLT|>magħruf	m a r uː f
<|MLT|>malajr	m a l a j r
<|MLT|>malti	m ɐ l t ɪ
<|MLT|>maltija	m ɐ l t iː j ɐ
<|MLT|>maltin	m ɐ l t iː n
<|MLT|>maqtugħ	m a ʔ t uː ħ
<|MLT|>maqtugħa	m a ʔ t uː w a
<|MLT|>mara	m a r a
<|MLT|>mard	m a r t
<|MLT|>marsaxlokk	m a r s a ʃ l ɔ k
<|MLT|>mart	m a r t
<|MLT|>maxtura	m a ʃ t uː r a
<|MLT|>maħbub	m a ħ b uː p
<|MLT|>mbagħad	m b aː t
<|MLT|>mejjet	m ɛ j j ɛ t
<|MLT|>mejta	m ɛ j t a
<|MLT|>mela	m ɛ l a
<|MLT|>merħba	m ɛ r ħ b ɐ
<|MLT|>mess	m ɛ s
<|MLT|>meta	m ɛ t a
<|MLT|>mewt	m ɛ w t
<|MLT|>mexa	m ɛ ʃ a
<|MLT|>mgħallem	m aː l l ɛ m
<|MLT|>mgħallma	m aː l l m a
<|MLT|>mhedda	m ɛː d d a
<|MLT|>mhux	m uː ʃ
<|MLT|>mibegħda	m ɪ b ɛː d a
<|MLT|>mibjugħ	m ɪ b j uː ħ
<|MLT|>miegħek	m ɪː j a k
<|MLT|>miegħu	m ɪː j ɔ w
<|MLT|>miet	m ɪː t
<|MLT|>mifhum	m ɪ f uː m
<|MLT|>miftuħa	m ɪ f t uː ħ a
<|MLT|>mija	m iː j a
<|MLT|>milied	m ɪ l ɪː t
<|MLT|>minna	m ɪ n n a
<|MLT|>minnek	m ɪ n n ɛ k
<|MLT|>minnha	m ɪ n n a
<|MLT|>minnhom	m ɪ n n ɔ m
<|MLT|>minni	m ɪ n n ɪ
<|MLT|>minnkom	m ɪ n k ɔ m
<|MLT|>mistennija	m ɪ s t ɛ n n iː j a
<|MLT|>mistieden	m ɪ s t ɪː d ɛ n
<|MLT|>mistoqsija	m ɪ s t ɔ ʔ s iː j a
<|MLT|>mistoqsijiet	m ɪ s t ɔ ʔ s ɪ j ɪː t
<|MLT|>mitfugħ	m ɪ t f uː ħ
<|MLT|>mitt	m ɪ t
<|MLT|>miżżewweġ	m ɪ z z ɛ w w ɛ t͡ʃ
<|MLT|>miżżewġa	m ɪ z z ɛ w d͡ʒ a
<|MLT|>miżżewġin	m ɪ z z ɛ w d͡ʒ iː n
<|MLT|>mkien	m k ɪː n
<|MLT|>mogħdija	m ɔ d iː j a
<|MLT|>mogħti	m ɔː t ɪ
<|MLT|>mqaddes	m ʔ a d d ɛ s
<|MLT|>mħabba	m ħ a b b a
<|MLT|>nar	n aː r
<|MLT|>navigazzjoni	n a v ɪ ɡ a t t͡s j ɔː n ɪ
<|MLT|>nazzjonali	n a t t͡s j ɔ n aː l ɪ
<|MLT|>nazzjonalist	n a t t͡s j ɔ n a l ɪ s t
<|MLT|>naħa	n a ħ a
<|MLT|>naħat	n a ħ aː t
<|MLT|>nbena	m b ɛ n a
<|MLT|>nesa	n ɛ s a
<|MLT|>ngħata	n aː t a
<|MLT|>nhar	n aː r
<|MLT|>nieda	n ɪː d a
<|MLT|>niedi	n ɪː d ɪ
<|MLT|>nieqes	n ɪː ʔ ɛ s
<|MLT|>nies	n ɪː s
<|MLT|>niexef	n ɪː ʃ ɛ f
<|MLT|>nifs	n ɪ f s
<|MLT|>nisa	n ɪ s a
<|MLT|>nisel	n ɪ s ɛ l
<|MLT|>nisrani	n ɪ s r aː n ɪ
<|MLT|>niżbogħ	n ɪ z b ɔ ħ
<|MLT|>niżel	n ɪ z ɛ l
<|MLT|>nkiteb	n k ɪ t ɛ p
<|MLT|>nofs	n ɔ f s
<|MLT|>nofsinhar	n ɔ f s ɪ n aː r
<|MLT|>nsara	n s aː r a
<|MLT|>ntefa	n t ɛ f a
<|MLT|>obda	ɔ b d a
<|MLT|>omm	ɔ mː
<|MLT|>omosesswali	ɔ m ɔ s ɛ s s w aː l ɪ
<|MLT|>opinjoni	ɔ p ɪ n j ɔː n ɪ
<|MLT|>ordna	ɔ r d n a
<|MLT|>oħla	ɔ ħ l a
<|MLT|>oħra	ɔ ħ r a
<|MLT|>oħrajn	ɔ ħ r a j n
<|MLT|>oħt	ɔ ħ t
<|MLT|>pajjiż	p a j j iː s
<|MLT|>parteċipazzjoni	p a r t ɛ t͡ʃ ɪ p a t t͡s j ɔː n ɪ
<|MLT|>passjoni	p ɐ sː j ɔː n ɪ
<|MLT|>patt	p a t
<|MLT|>paġna	p aː d͡ʒ n a
<|MLT|>pinġa	p ɪ n d͡ʒ a
<|MLT|>pitter	p ɪ t t ɛ r
<|MLT|>politika	p ɔ l iː t ɪ k a
<|MLT|>popli	p ɔ p l ɪ
<|MLT|>possibbli	p ɔ s s ɪ b b l ɪ
<|MLT|>povertà	p ɔ v ɛ r t aː
<|MLT|>pożizzjoni	p ɔ z ɪ tː s j ɔː n ɪ
<|MLT|>pparteċipa	p p a r t ɛ t͡ʃ iː p a
<|MLT|>pprova	ɪ p p r ɔː v a
<|MLT|>promozzjoni	p r ɔ m ɔ t t͡s j ɔː n ɪ
<|MLT|>protezzjoni	p r ɔ t ɛ t t͡s j ɔː n ɪ
<|MLT|>qabad	ʔ a b a t
<|MLT|>qabel	ʔ a b ɛ l
<|MLT|>qabilha	ʔ a b ɪ l a
<|MLT|>qabża	ʔ a b z a
<|MLT|>qadim	ʔ a d iː m
<|MLT|>qagħad	ʔ aː t
<|MLT|>qal	ʔ aː l
<|MLT|>qalb	ʔ a l p
<|MLT|>qam	ʔ aː m
<|MLT|>qarben	ʔ a r b ɛ n
<|MLT|>qares	ʔ aː r ɛ s
<|MLT|>qarib	ʔ a r iː p
<|MLT|>qarraq	ʔ a r r a ʔ
<|MLT|>qasir	ʔ a s iː r
<|MLT|>qassis	ʔ a s s iː s
<|MLT|>qatgħa	ʔ a t a
<|MLT|>qatigħ	ʔ a t iː ħ
<|MLT|>qatra	ʔ a t r a
<|MLT|>qawmien	ʔ a w m ɪː n
<|MLT|>qawwa	ʔ a w w a
<|MLT|>qawwi	ʔ a w w ɪ
<|MLT|>qed	ʔ ɛː t
<|MLT|>qeda	ʔ ɛ d a
<|MLT|>qegħdin	ʔ ɛ d iː n
<|MLT|>qiegħed	ʔ ɛː t
<|MLT|>qima	ʔ iː m a
<|MLT|>qliel	ʔ l ɪː l
<|MLT|>qorti	ʔ ɔ r t ɪ
<|MLT|>ra	r aː
<|MLT|>rabba	r a b b a
<|MLT|>randan	r a n d aː n
<|MLT|>ras	r aː s
<|MLT|>raħal	r a ħ a l
<|MLT|>raħħal	r a ħ ħ aː l
<|MLT|>re	r ɛː
<|MLT|>rebaħ	r ɛ b a ħ
<|MLT|>rebbieħ	r ɛ b b ɪː ħ
<|MLT|>rebħa	r ɛ p ħ a
<|MLT|>relazzjonijiet	r ɛ l a t t͡s j ɔ n ɪ j ɪː t
<|MLT|>resaq	r ɛ s a ʔ
<|MLT|>ried	r ɪː t
<|MLT|>rikk	r ɪ k
<|MLT|>rispett	r ɪ s p ɛ t
<|MLT|>risposta	r ɪ s p ɔ s t a
<|MLT|>risq	r ɪ s ʔ
<|MLT|>rix	r iː ʃ
<|MLT|>rjus	r j uː s
<|MLT|>rokna	r ɔ k n ɐ
<|MLT|>rqaq	r ʔ aː ʔ
<|MLT|>rringrazzja	ɪ r r ɪ n ɡ r a t t͡s j a
<|MLT|>ruħ	r uː ħ
<|MLT|>rwol	r w ɔː l
<|MLT|>rċieva	r t͡ʃ ɪː v a
<|MLT|>rħam	r ħ aː m
<|MLT|>rħula	r ħ uː l a
<|MLT|>sa	s a
<|MLT|>sab	s aː p
<|MLT|>sabar	s a b a r
<|MLT|>sabiħ	s a b ɪː ħ
<|MLT|>sabiħa	s a b ɪː ħ a
<|MLT|>safi	s aː f ɪ
<|MLT|>sahra	s aː r a
<|MLT|>sajd	s a j t
<|MLT|>sajf	s a j f
<|MLT|>sajran	s a j r aː n
<|MLT|>salib	s a l iː p
<|MLT|>saltna	s a l t n a
<|MLT|>salva	s a l v a
<|MLT|>salvaġġa	s a l v a d d͡ʒ a
<|MLT|>sapun	s a p uː n
<|MLT|>saqaf	s a ʔ a f
<|MLT|>sar	s aː r
<|MLT|>saċerdot	s a t͡ʃ ɛ r d ɔː t
<|MLT|>saħan	s a ħ a n
<|MLT|>sbieħ	z b ɪː ħ
<|MLT|>se	s ɛ
<|MLT|>sebgħa	s ɛ b a
<|MLT|>sehem	s ɛː m
<|MLT|>sejjaħ	s ɛ j j a ħ
<|MLT|>sejjer	s ɛ j j ɛ r
<|MLT|>sejħa	s ɛ j ħ a
<|MLT|>sema	s ɛ m a
<|MLT|>sena	s ɛ n a
<|MLT|>sengħa	s ɛ n a
<|MLT|>seqer	s ɛ ʔ ɛ r
<|MLT|>serp	s ɛ r p
<|MLT|>sess	s ɛ sː
<|MLT|>sewwa	s ɛ w w a
<|MLT|>seħħ	s ɛ ħ
<|MLT|>sforza	s f ɔ r t͡s a
<|MLT|>sibt	s ɪ p t
<|MLT|>sidna	s iː d n a
<|MLT|>siegħa	s ɪː j a
<|MLT|>sieq	s ɪː ʔ
<|MLT|>sieħeb	s ɪː ħ ɛ p
<|MLT|>sigriet	s ɪ ɡ r ɪː t
<|MLT|>sikkina	s ɪ k k iː n a
<|MLT|>sinna	s ɪ n n a
<|MLT|>sistema	s ɪ s t ɛː m ɐ
<|MLT|>sistematikament	s ɪ s t ɛ m ɐ t ɪ k ɐ m ɛ n t
<|MLT|>sitt	s ɪ t
<|MLT|>sitta	s ɪ t t a
<|MLT|>sittax	s ɪ t t aː ʃ
<|MLT|>sittin	s ɪ t t iː n
<|MLT|>sitwazzjoni	s ɪ t w a t t͡s j ɔː n ɪ
<|MLT|>siġra	s ɪ d͡ʒ r a
<|MLT|>skejjel	s k ɛ j j ɛ l
<|MLT|>skiet	s k ɪː t
<|MLT|>skola	s k ɔː l a
<|MLT|>smajt	s m a j t
<|MLT|>smigħ	s m ɪː ħ
<|MLT|>sorm	s ɔ r m
<|MLT|>soċjetà	s ɔ t͡ʃ j ɛ t a
<|MLT|>spalla	s p a l l a
<|MLT|>speċifikament	s p ɛ t ʃ ɪ f ɪ k ɐ m ɛ n t
<|MLT|>sqallija	s ʔ a l l iː j a
<|MLT|>stampa	s t a m p a
<|MLT|>staqsa	s t a ʔ s a
<|MLT|>stat	s t aː t
<|MLT|>stazzjon	s t a t t͡s j ɔː n
<|MLT|>stedina	s t ɛ d iː n a
<|MLT|>stess	s t ɛ s
<|MLT|>stieden	s t ɪː d ɛ n
<|MLT|>stilla	s t ɪ l l a
<|MLT|>storja	s t ɔː r j a
<|MLT|>suq	s uː ʔ
<|MLT|>sur	s uː r
<|MLT|>svediż	z v ɛ d iː s
<|MLT|>swied	s w ɪː t
<|MLT|>swieq	s w ɪː ʔ
<|MLT|>sħab	s ħ aː p
<|MLT|>sħana	s ħ aː n ɐ
<|MLT|>sħiħ	s ħ ɪː ħ
<|MLT|>ta	t aː
<|MLT|>tabib	t a b iː p
<|MLT|>tabilħaqq	t a b ɪ l ħ a ʔ
<|MLT|>tagħha	t a ħ ħ a
<|MLT|>tagħhom	t a ħ ħ ɔ m
<|MLT|>tagħkom	t aː k ɔ m
<|MLT|>tagħlim	t a l iː m
<|MLT|>tagħlima	t a l iː m a
<|MLT|>tagħna	t aː n a
<|MLT|>tagħrif	t a r iː f
<|MLT|>tajba	t a j b a
<|MLT|>tajt	t a j t
<|MLT|>talab	t a l a p
<|MLT|>taljan	t ɐ l j ɐː n
<|MLT|>tama	t a m a
<|MLT|>tar	t aː r
<|MLT|>tarbija	t a r b iː j a
<|MLT|>tarf	t a r f
<|MLT|>tassew	t ɐ sː ɛ w
<|MLT|>taħt	t a ħ t
<|MLT|>tbigħ	d b ɪː ħ
<|MLT|>telaq	t ɛ l a ʔ
<|MLT|>tenna	t ɛ n n a
<|MLT|>terremot	t ɛ r r ɛ m ɔː t
<|MLT|>tfajla	t f a j l a
<|MLT|>tfal	t f aː l
<|MLT|>tfittxija	t f ɪ t t͡ʃ iː j a
<|MLT|>tgħallem	t aː l l ɛ m
<|MLT|>tgħid	t ɛ j t
<|MLT|>tgħin	t ɛ j n
<|MLT|>tiegħi	t ɪː j ɛ j
<|MLT|>tifla	t ɪ f l a
<|MLT|>tikmix	t ɪ k m iː ʃ
<|MLT|>tilef	t ɪ l ɛ f
<|MLT|>tini	t ɪ n ɪ
<|MLT|>tkellem	t k ɛ l l ɛ m
<|MLT|>tlettax	t l ɛ t t aː ʃ
<|MLT|>tliet	t l ɪː t
<|MLT|>tlieta	t l ɪː t a
<|MLT|>tmien	t m ɪː n
<|MLT|>tmint	t m ɪ n t
<|MLT|>toqba	t ɔ ʔ b a
<|MLT|>toqob	t ɔ ʔ ɔ p
<|MLT|>tork	t ɔ r k
<|MLT|>tqatel	t ʔ aː t ɛ l
<|MLT|>tqila	t ʔ iː l a
<|MLT|>trab	t r aː p
<|MLT|>trabba	t r a b b a
<|MLT|>tradizzjoni	t r ɐ d ɪ tː s j ɔː n ɪ
<|MLT|>tul	t uː l
<|MLT|>twal	t w aː l
<|MLT|>twelled	t w ɛ l l ɛ t
<|MLT|>tweġiba	t w ɛ d͡ʒ iː b a
<|MLT|>twieled	t w ɪː l ɛ t
<|MLT|>twil	t w iː l
<|MLT|>twila	t w iː l a
<|MLT|>umli	uː m l ɪ
<|MLT|>uża	uː z a
<|MLT|>vapur	v a p uː r
<|MLT|>veloċità	v ɛ l ɔ t ʃ ɪ t a
<|MLT|>vjaġġ	v j a t͡ʃ
<|MLT|>vjolenti	v j ɔ l ɛ n t ɪ
<|MLT|>vuċi	v uː t͡ʃ ɪ
<|MLT|>waqaf	w a ʔ a f
<|MLT|>waqt	w a ʔ t
<|MLT|>wara	w a r a
<|MLT|>ward	w a r t
<|MLT|>warda	w a r d a
<|MLT|>wasal	w a s a l
<|MLT|>wegħda	w ɛː d a
<|MLT|>wera	w ɛ r a
<|MLT|>weraq	w ɛ r a ʔ
<|MLT|>wesgħin	w ɛ s a j n
<|MLT|>wettaq	w ɛ t t a ʔ
<|MLT|>weġġaħ	w ɛ d d͡ʒ a ħ
<|MLT|>widna	w ɪ d n a
<|MLT|>widnejn	w ɪ d n ɛ j n
<|MLT|>wiesgħa	w ɪː s a
<|MLT|>wieġeb	w ɪː d͡ʒ ɛ p
<|MLT|>wieħed	w ɪː ħ ɛ t
<|MLT|>wirdien	w ɪ r d ɪː n
<|MLT|>wiret	w ɪ r ɛ t
<|MLT|>wirja	w ɪ r j a
<|MLT|>wkoll	w k ɔ l l
<|MLT|>xahar	ʃ aː r
<|MLT|>xahrejn	ʃ a r ɛ j n
<|MLT|>xandar	ʃ a n d a r
<|MLT|>xatt	ʃ a t
<|MLT|>xemx	ʃ ɛ m ʃ
<|MLT|>xena	ʃ ɛː n ɐ
<|MLT|>xenqa	ʃ ɛ n ʔ a
<|MLT|>xerred	ʃ ɛ r r ɛ t
<|MLT|>xhieda	ʃ ɪː d a
<|MLT|>xhur	ʃ uː r
<|MLT|>xi	ʃ ɪ
<|MLT|>xiex	ʃ ɪː ʃ
<|MLT|>xita	ʃ ɪ t a
<|MLT|>xkora	ʃ k ɔː r a
<|MLT|>xorb	ʃ ɔ r p
<|MLT|>xorta	ʃ ɔ r t a
<|MLT|>xorti	ʃ ɔ r t ɪ
<|MLT|>xtaq	ʃ t aː ʔ
<|MLT|>xtara	ʃ t a r a
<|MLT|>xuereb	ʃ w ɪː r ɛ p
<|MLT|>ċar	t͡ʃ aː r
<|MLT|>ċavetta	t͡ʃ a v ɛ t t a
<|MLT|>ċediment	t͡ʃ ɛ d ɪ m ɛ n t
<|MLT|>ċivili	t͡ʃ ɪ v iː l ɪ
<|MLT|>ċkejken	t͡ʃ k ɛ j k ɛ n
<|MLT|>ċkejkna	t͡ʃ k ɛ j k n a
<|MLT|>ċkejknin	t͡ʃ k ɛ j k n iː n
<|MLT|>ċuċ	t͡ʃ uː t͡ʃ
<|MLT|>ġa	d͡ʒ a
<|MLT|>ġab	d͡ʒ aː p
<|MLT|>ġappun	d͡ʒ a p p uː n
<|MLT|>ġawhra	d͡ʒ a w r a
<|MLT|>ġedded	d͡ʒ ɛ d d ɛ t
<|MLT|>ġenna	d͡ʒ ɛ n n a
<|MLT|>ġesù	d͡ʒ ɛ s uː
<|MLT|>ġibed	d͡ʒ ɪ b ɛ t
<|MLT|>ġid	d͡ʒ iː t
<|MLT|>ġie	d͡ʒ ɪː
<|MLT|>ġifa	d͡ʒ iː f a
<|MLT|>ġimgħat	d͡ʒ ɪ m aː t
<|MLT|>ġirien	d͡ʒ ɪ r ɪː n
<|MLT|>ġlieda	d͡ʒ l ɪː d a
<|MLT|>ġnien	d͡ʒ n ɪː n
<|MLT|>ġrajja	d͡ʒ r a j j a
<|MLT|>ħa	ħ aː
<|MLT|>ħabb	ħ a p
<|MLT|>ħabel	ħ a b ɛ l
<|MLT|>ħabs	ħ a p s
<|MLT|>ħabta	ħ a b t a
<|MLT|>ħadd	ħ a t
<|MLT|>ħaddem	ħ a d d ɛ m
<|MLT|>ħaddiem	ħ a d d ɪː m
<|MLT|>ħadt	ħ a t
<|MLT|>ħafif	ħ a f iː f
<|MLT|>ħajja	ħ a j j a
<|MLT|>ħajjin	ħ a j j iː n
<|MLT|>ħajr	ħ a j r
<|MLT|>ħalaq	ħ a l a ʔ
<|MLT|>ħalib	ħ a l iː p
<|MLT|>ħalla	ħ a l l a
<|MLT|>ħallat	ħ a l l a t
<|MLT|>ħallelin	ħ a l l ɛ l iː n
<|MLT|>ħalliel	ħ a l l ɪː l
<|MLT|>ħalq	ħ a l ʔ
<|MLT|>ħamest	ħ a m ɛ s t
<|MLT|>ħamsin	ħ a m s iː n
<|MLT|>ħanin	ħ a n iː n
<|MLT|>ħaqq	ħ a ʔ
<|MLT|>ħaseb	ħ a s ɛ p
<|MLT|>ħasra	ħ a s r a
<|MLT|>ħass	ħ a s
<|MLT|>ħatar	ħ a t a r
<|MLT|>ħawt	ħ a w t
<|MLT|>ħaġa	ħ aː d͡ʒ a
<|MLT|>ħaġar	ħ a d͡ʒ a r
<|MLT|>ħażen	ħ a z ɛ n
<|MLT|>ħbiberija	ħ b ɪ b ɛ r iː j a
<|MLT|>ħeba	ħ ɛ b a
<|MLT|>ħejja	ħ ɛ j j a
<|MLT|>ħela	ħ ɛ l a
<|MLT|>ħelwa	ħ ɛ l w ɐ
<|MLT|>ħeġġeġ	ħ ɛ d d͡ʒ ɛ t͡ʃ
<|MLT|>ħieles	ħ ɪː l ɛ s
<|MLT|>ħin	ħ iː n
<|MLT|>ħlas	ħ l aː s
<|MLT|>ħlejjaq	ħ l ɛ j j a ʔ
<|MLT|>ħlief	ħ l ɪː f
<|MLT|>ħmistax	ħ m ɪ s t aː ʃ
<|MLT|>ħniena	ħ n ɪː n a
<|MLT|>ħolm	ħ ɔ l m
<|MLT|>ħolma	ħ ɔ l m a
<|MLT|>ħsara	ħ s aː r a
<|MLT|>ħsibijiet	ħ s ɪ b ɪ j ɪː t
<|MLT|>ħsieb	ħ s ɪː p
<|MLT|>ħut	ħ uː t
<|MLT|>ħwienet	ħ w ɪː n ɛ t
<|MLT|>żagħżugħ	z a z uː ħ
<|MLT|>żagħżugħa	z a z uː w a
<|MLT|>żar	z aː r
<|MLT|>żball	z b a l l
<|MLT|>żewġ	z ɛ w t͡ʃ
<|MLT|>żgur	z ɡ uː r
<|MLT|>żgħar	z aː r
<|MLT|>żgħir	z ɛ j r
<|MLT|>żgħira	z a j r a
<|MLT|>żied	z ɪː t
<|MLT|>żieda	z ɪː d a
<|MLT|>żmien	z m ɪː n
<|MLT|>żnuber	z n uː b ɛ r
<|MLT|>żwieġ	z w ɪː t͡ʃ
<|MLT|>żżewweġ	ɪ z z ɛ w w ɛ t͡ʃ
<|ARB|>'myq	' a m iː q
<|ARB|>mnbh	m u n a b b i h
<|ARB|>hwrs	h uː r u s
<|ARB|>mhwl	m u h a w w i l
<|ARB|>blghm	b a l g a m
<|ARB|>mtsamh	m u t a s aː m i h
<|ARB|>ktaba	k i t aː b a
<|ARB|>mjry	m a dzh a r i j j
<|ARB|>sjyn	s a dzh iː n
<|ARB|>tthkar	t a th k aː r
<|ARB|>khrza	x u r z a
<|ARB|>trsd	t a r a sst sst a d a
<|ARB|>tnjyra	tst a n dzh iː r a
<|ARB|>mhmd	m a h m a d
<|ARB|>rwnq	r a w n a q
<|ARB|>hywan	h a j a w aː n
<|ARB|>'fyf	' a f iː f
<|ARB|>iqala	' i q aː l a
<|ARB|>kads	k aː d i s
<|ARB|>shhatha	sh i h aː th a
<|ARB|>jrth	dzh u r a th
<|ARB|>sar	s aː r r
<|ARB|>aqr'	' a q r a '
<|ARB|>iklyl	' i k l iː l
<|ARB|>thrwa	th u r w a
<|ARB|>astthmar	i s t i th m aː r
<|ARB|>hltyth	h i l t iː th
<|ARB|>khla'y	x a l aː ' i j j
<|ARB|>t'lyq	t a ' l iː q
<|ARB|>mradf	m u r aː d i f
<|ARB|>blghary	b u l g aː r i j j
<|ARB|>arstwtalys	' a r i s tst uː tst aː l iː s
<|ARB|>qbj	q a b a dzh
<|ARB|>mhn	m i h a n
<|ARB|>wtny	w a tst a n i j j
<|ARB|>khsws	x u sst uː sst
<|ARB|>mthnan	m a th n aː n
<|ARB|>tqdm	t a q a d d a m a
<|ARB|>lwyathan	l a w i j aː th aː n
<|ARB|>astrk	' a sst tst a r a k
<|ARB|>nfqa	n a f a q a
<|ARB|>mkswr	m a k s uː r
<|ARB|>ina'	' i n aː '
<|ARB|>'rnsya	' a r a n s i j j a
<|ARB|>tbata	t a b aː tst a ' a
<|ARB|>ma'wn	m aː ' uː n
<|ARB|>mthy'	m u th iː '
<|ARB|>qra'a	q i r aː ' a
<|ARB|>hsna'	h a s n aː '
<|ARB|>shahlwj	sh aː h a l uː dzh
<|ARB|>ws'	w a s i ' a
<|ARB|>mwskw	m uː s k uː
<|ARB|>lkma	l a k m a
<|ARB|>'dmya	' a d a m i j j a
<|ARB|>jnsya	dzh i n s i j j a
<|ARB|>k'k	k a ' k
<|ARB|>'zm	' a thst m
<|ARB|>akhdr	' a x d a r
<|ARB|>aman	' a m aː n
<|ARB|>'nab	' u n n aː b
<|ARB|>lasltwy	l aː s u l tst a w i j j
<|ARB|>brshyd	b a r sh iː d
<|ARB|>ishbyna	' i sh b iː n a
<|ARB|>alys'	a l j a s a '
<|ARB|>sa'	s aː ' a
<|ARB|>kanwn	k aː n uː n
<|ARB|>'ma	' a m m aː
<|ARB|>nadl	n aː d i l
<|ARB|>akhtl	i x t a l l a
<|ARB|>'asf	' aː sst i f
<|ARB|>wqwd	w a q uː d
<|ARB|>'nyf	' a n iː f
<|ARB|>z'tr	z a ' t a r
<|ARB|>mrwha	m i r w a h a
<|ARB|>srkhs	s a r x a s
<|ARB|>mzhr	m a thst h a r
<|ARB|>nbtha	n u b th a
<|ARB|>mqdwns	m a q d uː n i s
<|ARB|>ihlylj	' i h l iː l a dzh
<|ARB|>hwb	h uː b
<|ARB|>jathbya	dzh aː th i b i j j a
<|ARB|>mktb	m a k t a b
<|ARB|>slh	s a l a h a
<|ARB|>ayhqan	' a j h a q aː n
<|ARB|>kwykb	k u w a j k i b
<|ARB|>shbh	sh a b a h
<|ARB|>brqwq	b a r q uː q
<|ARB|>da'sh	d aː ' i sh
<|ARB|>wrat	w i r aː tst
<|ARB|>ghalbya	g aː l i b i j j a
<|ARB|>hjwm	h u dzh uː m
<|ARB|>fsyfsa'	f u s a j f i s aː '
<|ARB|>nkha'	n u x aː '
<|ARB|>jzdan	dzh i z d aː n
<|ARB|>atha'	' a th aː ' a
<|ARB|>astyqz	i s t a j q a thst a
<|ARB|>'rbyzy	' a r a b iː z i j j
<|ARB|>isktlndy	' i s k u t l a n d i j j
<|ARB|>zwm	z uː m
<|ARB|>thyeba	th i ' b a
<|ARB|>t'am	tst a ' aː m
<|ARB|>fasd	f aː s i d
<|ARB|>alsrbya	a sst sst i r b i j j a
<|ARB|>lkna	l u k n a
<|ARB|>thra	th a r r a
<|ARB|>'ba'a	' a b aː ' a
<|ARB|>mqas	m a q aː sst sst
<|ARB|>t'ta	t a ' a tst tst aː
<|ARB|>qtyfa	q a tst iː f a
<|ARB|>rkhkha	r i x a x a
<|ARB|>asbh	' a sst b a h
<|ARB|>tsadm	t a sst aː d a m a
<|ARB|>qndhar	q u n d u h aː r
<|ARB|>amwy	' u m a w i j j
<|ARB|>a'rn	' a ' r a n a
<|ARB|>alan	a l ' aː n a
<|ARB|>rtana	r a tst aː n a
<|ARB|>hds	h a d a s
<|ARB|>alhbsha	a l h a b a sh a
<|ARB|>atah	' a t aː h a
<|ARB|>snara	sst i n aː r a
<|ARB|>slaba	sst a l aː b a
<|ARB|>kshtban	k u sh t u b aː n
<|ARB|>tdryj	t a d r iː dzh
<|ARB|>awlya'	' a w l i j aː '
<|ARB|>mna'a	m a n aː ' a
<|ARB|>tjrba	t a dzh r i b a
<|ARB|>msafa	m a s aː f a
<|ARB|>hnyf	h a n iː f
<|ARB|>a'tab	' a ' t aː b
<|ARB|>arz	' a r a z z a
<|ARB|>bas	b a ' s
<|ARB|>nayem	n aː ' i m
<|ARB|>hasm	h aː s i m
<|ARB|>qlya	q i l l i j j a
<|ARB|>ass	' a s s a s a
<|ARB|>frysa	f a r iː s a
<|ARB|>nsrany	n a sst r aː n i j j
<|ARB|>'ydya	' iː d i j j a
<|ARB|>mrsban	m a r sst a b aː n
<|ARB|>n'na'	n a ' n aː '
<|ARB|>'jrfa	' a dzh r a f a
<|ARB|>qa'a	q aː ' a
<|ARB|>ywns	j uː n u s
<|ARB|>mshrk	m u sh r i k
<|ARB|>a'sr	' a ' sst a r a
<|ARB|>qaf	q aː f
<|ARB|>shthr	sh a th r
<|ARB|>sdgh	sst a d g
<|ARB|>thqba	th u q b a
<|ARB|>sakha	sst aː x x a
<|ARB|>msbna	m a sst b a n a
<|ARB|>mthkra	m u th a k k a r a
<|ARB|>rtyla	r u t a j l a
<|ARB|>iblyz	' i b l iː z
<|ARB|>frqata	f i r q aː tst a
<|ARB|>akhr	' aː x a r
<|ARB|>myanmar	m i j aː n m aː r
<|ARB|>srbya	sst i r b i j aː
<|ARB|>wryd	w a r iː d
<|ARB|>m'zf	m i ' z a f
<|ARB|>abakhs	' a b aː x i s u
<|ARB|>fnjnksht	f a n dzh a n k u sh t
<|ARB|>alsfn	a s s u f u n
<|ARB|>mnbr	m i n b a r
<|ARB|>ashws	' a sh w a s
<|ARB|>sat	s aː tst a
<|ARB|>atwm	' a t uː m
<|ARB|>mkml	m u k a m m a l
<|ARB|>sf'	sst a f a ' a
<|ARB|>antha	i n t a h aː
<|ARB|>nankhwaa	n aː n a x w aː h
<|ARB|>mnwr	m a n w a r
<|ARB|>hsan	h i sst aː n
<|ARB|>mdam	m u d aː m
<|ARB|>ryeasa	r i ' aː s a
<|ARB|>srby	sst i r b i j j
<|ARB|>rghyfa	r a g iː f a
<|ARB|>asyakh	' a s j aː x
<|ARB|>hdar	h a d d aː r
<|ARB|>mly'	m a l iː '
<|ARB|>dblja	d a b l a dzh a
<|ARB|>bragh	b r aː g
<|ARB|>hyth	h a j th u
<|ARB|>dwa	dst a w aː
<|ARB|>ihsan	' i h s aː n
<|ARB|>majd	m aː dzh i d
<|ARB|>alswdan	a s s uː d aː n
<|ARB|>mkalma	m u k aː l a m a
<|ARB|>bnaya	b i n aː j a
<|ARB|>isnad	' i s n aː d
<|ARB|>jzmazq	dzh a z m aː z a q
<|ARB|>bwthy	b uː th i j j
<|ARB|>ts'mayea	t i s ' u m i ' a
<|ARB|>wthyqa	w a th iː q a
<|ARB|>barz	b aː r a z a
<|ARB|>nzha	n u z h a
<|ARB|>blathr	b a l aː th i r
<|ARB|>khlnjan	x a l a n dzh aː n
<|ARB|>aljm'a	a l dzh u m a ' a
<|ARB|>abryl	' a b r iː l
<|ARB|>mrfw'	m a r f uː '
<|ARB|>tkmyly	t a k m iː l i j j
<|ARB|>frks	f i r k i s
<|ARB|>'bada	' i b aː d a
<|ARB|>lwz	l a w z
<|ARB|>trq	tst a r a q a
<|ARB|>'ayela	' aː ' i l a
<|ARB|>syem	s a ' i m a
<|ARB|>alsnghal	a s s i n i g aː l
<|ARB|>awqf	' a w q a f a
<|ARB|>bl'wm	b u l ' uː m
<|ARB|>mtmad	m u t a m aː d d
<|ARB|>atrj	' u t r u dzh dzh
<|ARB|>trbya	t a r b i j a
<|ARB|>mlwkhya	m u l uː x i j j aː
<|ARB|>thss	t a h a s s a s a
<|ARB|>nadj	n aː dst i dzh
<|ARB|>mdad	m i d aː d
<|ARB|>antbh	i n t a b a h a
<|ARB|>anzl	' a n z a l a
<|ARB|>mghn	m u g a n n i n
<|ARB|>ibada	' i b aː d a
<|ARB|>'qal	' i q aː l
<|ARB|>ahda	' a h d aː
<|ARB|>dal	dst aː l l
<|ARB|>abaskhyrwn	' a b aː s x iː r uː n
<|ARB|>dmgha	d a m g a
<|ARB|>swdd	s u ' d a d
<|ARB|>trmym	t a r m iː m
<|ARB|>mst'rb	m u s t a ' r i b
<|ARB|>ashyb	' a sh j a b
<|ARB|>slyla	s u l a j l aː
<|ARB|>trkmanstan	t u r k u m aː n i s t aː n
<|ARB|>tqlydy	t a q l iː d i j j
<|ARB|>asgha	' a sst g aː
<|ARB|>slah	s i l aː h
<|ARB|>tbaq	tst a b b aː q
<|ARB|>bnfsjy	b a n a f s a dzh i j j
<|ARB|>art'sh	i r t a ' a sh a
<|ARB|>fyjn	f a j dzh a n
<|ARB|>rqyq	r a q iː q
<|ARB|>andml	i n d a m a l a
<|ARB|>msh'r	m a sh ' a r
<|ARB|>jryd	dzh a r iː d
<|ARB|>ghaft	g aː f a t
<|ARB|>shwnyz	sh uː n iː z
<|ARB|>bhah	b u h aː h
<|ARB|>abtlal	i b t i l aː l
<|ARB|>brashwt	b a r aː sh uː t
<|ARB|>wfa'	w a f aː '
<|ARB|>nsab	n a sst sst aː b
<|ARB|>qrasya	q a r aː s i j aː
<|ARB|>b'tha	b a ' th a
<|ARB|>ansl	i n s a l l a
<|ARB|>swra	sst uː r a
<|ARB|>qawwsh	q aː w uː sh
<|ARB|>shy'a	sh iː ' a
<|ARB|>'yada	' i j aː d a
<|ARB|>tayer	tst aː ' i r
<|ARB|>alarjntyn	a l ' a r dzh a n t iː n
<|ARB|>slbah	s i l b aː h
<|ARB|>twzyf	t a w thst iː f
<|ARB|>ayqn	' a j q a n a
<|ARB|>msttylat	m u s t tst iː l aː t
<|ARB|>khmsa	x a m s a
<|ARB|>rfayeyl	r u f aː ' iː l
<|ARB|>btrwkh	b a tst r uː x
<|ARB|>mla	m u l l aː
<|ARB|>ltwanya	l i t u w aː n i j aː
<|ARB|>bab	b aː b
<|ARB|>astthnayey	i s t i th n aː ' i j j
<|ARB|>dlb	d u l b
<|ARB|>'rbya	' a r a b i j j a
<|ARB|>m'awna	m u ' aː w a n a
<|ARB|>akhtrq	i x t a r a q a
<|ARB|>rsatwn	r a s aː tst uː n
<|ARB|>tqrr	t a q a r r a r a
<|ARB|>qdad	q a d aː d
<|ARB|>hdf	h a d a f
<|ARB|>iqama	' i q aː m a
<|ARB|>astfrgh	i s t a f r a g a
<|ARB|>ardy	' a r dst i j j
<|ARB|>ashtbak	i sh t i b aː k
<|ARB|>imda'	' i m dst aː '
<|ARB|>ashnan	' u sh n aː n
<|ARB|>tlfaf	t i l f aː f
<|ARB|>bthrqtwna	b a th a r q a tst uː n aː
<|ARB|>km'	k a m '
<|ARB|>qwq'a	q a w q a ' a
<|ARB|>jyn	dzh iː n
<|ARB|>astfz	i s t a f a z z a
<|ARB|>nadla	n aː d i l a
<|ARB|>qad	q aː d a
<|ARB|>alqnytra	a l q u n a j tst i r a
<|ARB|>akl	' a k a l a
<|ARB|>shfaf	sh a f f aː f
<|ARB|>jara	dzh aː r a
<|ARB|>hjr	h a dzh a r
<|ARB|>amt'd	i m t a ' a dst a
<|ARB|>skhd	sst a x a d a
<|ARB|>lyra	l a j r a
<|ARB|>bnfsj	b a n a f s a dzh
<|ARB|>krfs	k a r a f s
<|ARB|>tkhdyr	t a x d iː r
<|ARB|>s'wba	sst u ' uː b a
<|ARB|>shla	sh a l l a
<|ARB|>mjsma	m u dzh a s s a m a
<|ARB|>kstban	k u s t u b aː n
<|ARB|>daj'	dst aː dzh a ' a
<|ARB|>azam	' a z ' a m a
<|ARB|>'la	' i l l a
<|ARB|>mkwn	m u k a w w i n
<|ARB|>shkara	sh i k aː r a
<|ARB|>mghnatysya	m a g n aː tst iː s i j j a
<|ARB|>fdwl	f dst uː l
<|ARB|>mq'da	m a q ' a d a
<|ARB|>brsham	b i r sh aː m
<|ARB|>'fryt	' a f r iː t
<|ARB|>mdrb	m i dst r a b
<|ARB|>thwb	th a w b
<|ARB|>khrnq	x i r n i q
<|ARB|>dywn	dst a j w a n
<|ARB|>fwr	f a w r
<|ARB|>dwasa	d a w w aː s a
<|ARB|>'ayesha	' aː ' i sh a
<|ARB|>jnayey	dzh i n aː ' i j j
<|ARB|>hsrm	h a sst r a m
<|ARB|>znbw'	z a n b uː '
<|ARB|>ftsh	f a t t a sh a
<|ARB|>ghlqa	g a l q a
<|ARB|>alashhl	a l ' a sh h a l
<|ARB|>bd'	b i dst '
<|ARB|>shawrma	sh aː w a r m aː
<|ARB|>hnalk	h u n aː l i k a
<|ARB|>ghdada	g a dst aː dst a
<|ARB|>rshfa	r a sh f a
<|ARB|>rghwa	r a g w a
<|ARB|>shakr	sh aː k i r
<|ARB|>tfaja	t a f aː dzh a ' a
<|ARB|>shsh	sst a h sst a h
<|ARB|>artf'	i r t a f a ' a
<|ARB|>dnr	d a n n a r a
<|ARB|>khsya	x i sst j a
<|ARB|>brkry	b a r k a r i j j
<|ARB|>baraghway	b aː r aː g u w aː j
<|ARB|>qrmzy	q i r m i z i j j
<|ARB|>ghryba	g a r iː b a
<|ARB|>tshwyq	t a sh w iː q
<|ARB|>tjawzat	t a dzh aː w u z aː t
<|ARB|>zryba	z a r iː b a
<|ARB|>ghryghwryws	g i r iː g uː r i j uː s
<|ARB|>shaf	sst a h h aː f
<|ARB|>aftra	i f t a r aː
<|ARB|>sh'ra	sh a ' r aː
<|ARB|>sykran	s a j k a r aː n
<|ARB|>by'a	b a j ' a
<|ARB|>mlbs	m a l b a s
<|ARB|>ftaa	f a t aː h
<|ARB|>qrtas	q i r tst aː s
<|ARB|>asmra	' a s m a r a
<|ARB|>nrjyl	n a r dzh iː l
<|ARB|>sm'y	s a m ' i j j
<|ARB|>jzyey	dzh u z ' i j j
<|ARB|>ats'	i t t a s a ' a
<|ARB|>ghrfa	g u r f a
<|ARB|>qna'	q i n aː '
<|ARB|>frjwn	f i r dzh a w n
<|ARB|>thaq	th aː q a
<|ARB|>msbah	m i sst b aː h
<|ARB|>skrja	s u k r u dzh a
<|ARB|>barzd	b aː r z a d
<|ARB|>shbshb	sh i b sh i b
<|ARB|>an'da	i n ' a d aː
<|ARB|>asarwn	' a s aː r uː n
<|ARB|>qlma	q a l l a m aː
<|ARB|>'nq	' a n a q
<|ARB|>answn	' a n s uː n
<|ARB|>f'l	f a ' a l a
<|ARB|>far	f a ' r
<|ARB|>qwlnj	q a w l a n dzh
<|ARB|>baswr	b aː sst uː r
<|ARB|>aslwb	' u s l uː b
<|ARB|>kwdn	k a w d a n
<|ARB|>madba	m a ' d u b a
<|ARB|>kwsa	k uː s aː
<|ARB|>'dala	' a d aː l a
<|ARB|>asthdr	i s t a h dst a r a
<|ARB|>tman	tst a m ' a n a
<|ARB|>mqarna	m u q aː r a n a
<|ARB|>zkhat	z a x x aː t
<|ARB|>aktsa	i k t a s aː
<|ARB|>mthljat	m u th a l l a dzh aː t
<|ARB|>rthath	r a th aː th
<|ARB|>jmana	dzh u m aː n a
<|ARB|>baqla'	b aː q i l aː '
<|ARB|>iythar	' iː th aː r
<|ARB|>ahat	' a h aː tst a
<|ARB|>btana	b i tst aː n a
<|ARB|>isb'	' i sst b a '
<|ARB|>mwssa	m u ' a s s a s a
<|ARB|>bqya	b a q i j j a
<|ARB|>sltwy	s u l tst a w i j j
<|ARB|>s'yd	s a ' iː d
<|ARB|>tqds	t a q a d d a s a
<|ARB|>ams	' a m a s s a
<|ARB|>mthna	m a tst h a n a
<|ARB|>tqwd	t a q a w w a dst a
<|ARB|>shrbwsh	sh a r b uː sh
<|ARB|>hnzla	h a n thst a l a
<|ARB|>mtfaa	m i tst f a ' a
<|ARB|>fanws	f aː n uː s
<|ARB|>jnyna	dzh u n a j n a
<|ARB|>iz'aj	' i z ' aː dzh
<|ARB|>lyela	l i ' a l l aː
<|ARB|>'yd	' a j j a d a
<|ARB|>inmwthj	' i n m uː th a dzh
<|ARB|>anfha	' a n f i h a
<|ARB|>fwdwy	f a w dst a w i j j
<|ARB|>lsf	l a sst a f
<|ARB|>mdlja	m i d l a dzh a
<|ARB|>jnaza	dzh a n aː z a
<|ARB|>m'tzla	m u ' t a z i l a
<|ARB|>hnjra	h a n dzh a r a
<|ARB|>mjawr	m u dzh aː w i r
<|ARB|>ljyn	l u dzh a j n
<|ARB|>rjla	r u dzh l a
<|ARB|>msd	m a s a d a
<|ARB|>jm'	dzh a m a ' a
<|ARB|>sfyh	s a f iː h
<|ARB|>abys	' aː b iː s
<|ARB|>dstwr	d u s t uː r
<|ARB|>zrshk	z a r r a sh k
<|ARB|>s'yd	sst a ' iː d
<|ARB|>shmal	sh a m aː l
<|ARB|>hdyd	h a d iː d
<|ARB|>mjn	m i dzh a n n
<|ARB|>atfal	' a tst f aː l
<|ARB|>ifryqya	' i f r iː q i j a
<|ARB|>nmwthjy	n a m uː th a dzh i j j
<|ARB|>ihsayey	' i h sst aː ' i j j
<|ARB|>mash	m aː s i h
<|ARB|>tjrd	t a dzh a r r a d a
<|ARB|>ansrf	i n sst a r a f a
<|ARB|>amryky	' a m r iː k i j j
<|ARB|>zhf	z a h a f a
<|ARB|>'lqa	' a l a q a
<|ARB|>andr	' a n d a r
<|ARB|>synmayey	s i j n a m aː ' i j j
<|ARB|>a'tmd	i ' t a m a d a
<|ARB|>qabyl	q aː b iː l
<|ARB|>ayl	' a j j a l
<|ARB|>a'la	' a ' l aː
<|ARB|>kbyr	k a b iː r
<|ARB|>khtan	x i t aː n
<|ARB|>tdthr	t a d a th th a r a
<|ARB|>ha'	h aː '
<|ARB|>fdaha	f a d aː h a
<|ARB|>ghamq	g aː m i q
<|ARB|>fhsha'	f a h sh aː '
<|ARB|>jny	dzh i n n i j j
<|ARB|>tnbwr	tst u n b uː r
<|ARB|>shlnbr	sh u l u n b a r
<|ARB|>mwrd	m a w r i d
<|ARB|>ibda'y	' i b d aː ' i j j
<|ARB|>tyghar	t a j g aː r
<|ARB|>hamwl	h aː m uː l
<|ARB|>dkan	d u k k aː n
<|ARB|>sayema	s aː ' i m a
<|ARB|>mtshkr	m u t a sh a k k i r
<|ARB|>lkm	l a k a m a
<|ARB|>shryj	sst a h r iː dzh
<|ARB|>mbarza	m u b aː r a z a
<|ARB|>dw'	dst a w '
<|ARB|>khrbsh	x a r b a sh a
<|ARB|>sha	sst i h h a
<|ARB|>azly	' a z a l i j j
<|ARB|>dys	d iː s
<|ARB|>hrbth	h u r b u th
<|ARB|>'jla	' a dzh a l a
<|ARB|>ahmq	' a h m a q
<|ARB|>b'lbk	b a ' l a b a k k
<|ARB|>qws	q a w i s a
<|ARB|>snds	s u n d u s
<|ARB|>wjda	w a dzh d a
<|ARB|>hrary	h a r aː r i j j
<|ARB|>nsa	n a s s aː
<|ARB|>mkhad	m a x aː dst
<|ARB|>khra'	x i r aː '
<|ARB|>mryla	m i r j a l a
<|ARB|>jdd	dzh a d a d
<|ARB|>khfj	x a f a dzh
<|ARB|>dhlyz	d i h l iː z
<|ARB|>nask	n aː s i k
<|ARB|>mbra	m a b a r r a
<|ARB|>mnqrd	m u n q a r i dst
<|ARB|>mwyzj	m a w iː z a dzh
<|ARB|>flw	f a l u w w
<|ARB|>astsbr	i s t a sst b a r a
<|ARB|>a'ma	' a ' m aː
<|ARB|>falwdj	f aː l uː d a dzh
<|ARB|>msth	m u s a tst tst a h
<|ARB|>rdaye'	r a dst aː ' i '
<|ARB|>aliskndrya	a l ' i s k a n d a r i j j a
<|ARB|>atham	i t t i h aː m
<|ARB|>mmathla	m u m aː th a l a
<|ARB|>frasywn	f a r aː s i j uː n
<|ARB|>njy	n a dzh i j j
<|ARB|>bnan	b a n aː n
<|ARB|>ahly	' a h l i j j
<|ARB|>twaqf	t a w aː q a f a
<|ARB|>qswa	q a s w a
<|ARB|>dfa'	d i f aː '
<|ARB|>wjb	w a dzh a b a
<|ARB|>arkhbyl	' a r x a b iː l
<|ARB|>lkn	l aː k i n
<|ARB|>abas	' u b aː s
<|ARB|>mhmwm	m a h m uː m
<|ARB|>tbshwra	tst a b sh uː r a
<|ARB|>ana	' a n aː
<|ARB|>kwz	k uː z
<|ARB|>btata	b a t aː t aː
<|ARB|>rysha	r iː sh a
<|ARB|>frata	f u r aː tst a
<|ARB|>abajwr	' a b aː dzh uː r
<|ARB|>srakha	sst a r r aː x a
<|ARB|>m'dat	m u ' a d d aː t
<|ARB|>fa'	f aː '
<|ARB|>astyemara	i s t i ' m aː r a
<|ARB|>ankmsh	i n k a m a sh a
<|ARB|>mqbra	m a q b a r a
<|ARB|>hmym	h a m iː m
<|ARB|>iskndrany	' i s k a n d a r aː n i j j
<|ARB|>ahtqr	i h t a q a r a
<|ARB|>tlft	t a l a f f a t a
<|ARB|>mka	m a k k a
<|ARB|>arta'	i r t aː ' a
<|ARB|>thryr	t a h r iː r
<|ARB|>slby	s a l b i j j
<|ARB|>rawd	r aː w a d a
<|ARB|>bathnjan	b aː th i n dzh aː n
<|ARB|>sknjbyn	s i k a n dzh a b iː n
<|ARB|>ghara	g aː r a
<|ARB|>ynayr	j a n aː j i r
<|ARB|>lbn	l a b a n
<|ARB|>m'ml	m a ' m a l
<|ARB|>fwtnj	f uː t a n a dzh
<|ARB|>mwz	m a w z
<|ARB|>haswb	h aː s uː b
<|ARB|>sabq	s aː b i q
<|ARB|>lhaq	l a h aː q
<|ARB|>msmar	m i s m aː r
<|ARB|>tbyba	tst a b iː b a
<|ARB|>wlkn	w a l aː k i n
<|ARB|>asfnyk	' a s f a n iː k
<|ARB|>bsma	b a s m a
<|ARB|>qlqas	q u l q aː s
<|ARB|>qaqla	q aː q i l l a
<|ARB|>lwlwa	l u ' l u ' a
<|ARB|>njaa	n a dzh aː h
<|ARB|>sqr	sst a q r
<|ARB|>tma	tst a m aː
<|ARB|>bakhwm	b aː x uː m
<|ARB|>fsyl	f a sst iː l
<|ARB|>ashtrghar	' u sh t u r g aː r
<|ARB|>mbkr	m u b a k k i r
<|ARB|>aflatwn	' a f l aː tst uː n
<|ARB|>swt	sst a w t
<|ARB|>sghar	sst i g aː r
<|ARB|>smyth	s a m iː th
<|ARB|>mksrat	m u k a s s a r aː t
<|ARB|>hndba'	h i n d i b aː '
<|ARB|>nhal	n a h h aː l
<|ARB|>asasy	' a s aː s i j j
<|ARB|>khnq	x a n a q a
<|ARB|>brq	b a r a q a
<|ARB|>alkhmys	a l x a m iː s
<|ARB|>klh	k a l a h a
<|ARB|>khzan	x a z z aː n
<|ARB|>j'fr	dzh a ' f a r
<|ARB|>mrbwt	m a r b uː tst
<|ARB|>dkhl	d a x a l
<|ARB|>blyz	b a l iː z
<|ARB|>ayslnda	' aː j i s l a n d aː
<|ARB|>zam	z a ' a m a
<|ARB|>jym	dzh iː m
<|ARB|>mshqa	m a sh a q q a
<|ARB|>syf	s a j f
<|ARB|>fady	f aː d iː
<|ARB|>lff	l a f f a f a
<|ARB|>jha	dzh u h aː
<|ARB|>shhdanj	sh a h d aː n a dzh
<|ARB|>shrswf	sh u r s uː f
<|ARB|>imala	' i m aː l a
<|ARB|>mshna	m i sh a n n a
<|ARB|>shta'	sh i t aː '
<|ARB|>abtla	i b t a l aː
<|ARB|>ayqz	' a j q a thst a
<|ARB|>tlfaz	t i l f aː z
<|ARB|>adhya	' u d h i j a
<|ARB|>astl	i s t a l l a
<|ARB|>dyan	d a j j aː n
<|ARB|>ksyh	k a s iː h
<|ARB|>basta	b aː s t aː
<|ARB|>dwnma	d uː n m a
<|ARB|>kthynq	k u th iː n a q
<|ARB|>antma	' a n t u m aː
<|ARB|>shwbk	sh a w b a k
<|ARB|>hjn	h a dzh a n a
<|ARB|>lhztthak	l a h thst a t a th aː k a
<|ARB|>tqryr	t a q r iː r
<|ARB|>fyl	f iː l
<|ARB|>msdwm	m a sst d uː m
<|ARB|>alya	' a l j a
<|ARB|>thmm	th i m a m
<|ARB|>alyrmwk	a l j a r m uː k
<|ARB|>mkan	m a k aː n
<|ARB|>alqa	' a l q aː
<|ARB|>ttfl	t a tst a f f a l a
<|ARB|>nasfa	n aː s i f a
<|ARB|>shyrj	sh a j r a dzh
<|ARB|>l'na	l a ' n a
<|ARB|>faswlya	f aː sst uː l i j aː
<|ARB|>ajtma'y	i dzh t i m aː ' i j j
<|ARB|>bnjnksht	b a n dzh a n k u sh t
<|ARB|>lath	l aː th a
<|ARB|>mayw	m aː j uː
<|ARB|>mghsla	m a g s a l a
<|ARB|>astmna	i s t a m n aː
<|ARB|>a'qd	' a ' q a d
<|ARB|>bwab	b a w w aː b
<|ARB|>abydjan	' a b iː d dzh aː n
<|ARB|>mraa	m i r ' aː h
<|ARB|>jwhry	dzh a w h a r i j j
<|ARB|>tsdyr	t a sst d iː r
<|ARB|>dstwry	d u s t uː r i j j
<|ARB|>srndyb	s a r a n d iː b
<|ARB|>khadm	x aː d i m
<|ARB|>mstqbly	m u s t a q b a l i j j
<|ARB|>'ana	' aː n aː
<|ARB|>klb	k a l b
<|ARB|>shhn	sh a h a n a
<|ARB|>shamkh	sh aː m i x
<|ARB|>qwnya	q uː n i j a
<|ARB|>zrqtwna	z a r q a tst uː n aː
<|ARB|>mtkbr	m u t a k a b b i r
<|ARB|>hnds	h a n d a s a
<|ARB|>sydla	sst a j d a l a
<|ARB|>a'tzam	i ' t i z aː m
<|ARB|>j'fyl	dzh a ' f iː l
<|ARB|>waha	w aː h a
<|ARB|>rmm	r a m m a m a
<|ARB|>mrshd	m u r sh i d
<|ARB|>rdwkh	r u dst uː x
<|ARB|>inqad	' i n q aː dst
<|ARB|>bbnwda	b a b n uː d a
<|ARB|>taywan	t aː j w aː n
<|ARB|>trnh	t a r a n n a h a
<|ARB|>bwrtswdan	b uː r t s uː d aː n
<|ARB|>lhy	l a h i j a
<|ARB|>mrw	m a r w
<|ARB|>'sb	' a sst a b a
<|ARB|>saka	sst a ' k a
<|ARB|>hyran	h a j r aː n
<|ARB|>qdm	q a d a m
<|ARB|>dbt	dst a b a tst a
<|ARB|>bqra	b a q a r a
<|ARB|>rwd	r a w w a dst a
<|ARB|>bahth	b aː h a th a
<|ARB|>falwthq	f aː l uː th a q
<|ARB|>aghlb	' a g l a b
<|ARB|>tfah	t u f f aː h
<|ARB|>twzy'	t a w z iː '
<|ARB|>darflfl	d aː r f i l f i l
<|ARB|>fhm	f a h h a m a
<|ARB|>qbra	q u b b a r a
<|ARB|>astnfd	i s t a n f a d a
<|ARB|>andb	' a n dst a b a
<|ARB|>s'y	s a ' j
<|ARB|>sljm	s a l dzh a m
<|ARB|>anwa'	' a n w aː '
<|ARB|>ts'wn	t a s ' a w n a
<|ARB|>mfajaa	m u f aː dzh a ' a
<|ARB|>rhyl	r a h iː l
<|ARB|>srb	sst a r a b a
<|ARB|>hafa	h aː f a
<|ARB|>anwat	' a n w aː tst
<|ARB|>sa'	sst aː '
<|ARB|>mazrywn	m aː z a r i j uː n
<|ARB|>dhnj	d a h n a dzh
<|ARB|>mnth	m u n th u
<|ARB|>fqs	f a q a s a
<|ARB|>'jawa	' u dzh aː w a
<|ARB|>ajrb	' a dzh r a b
<|ARB|>nqta	n u q tst a
<|ARB|>khrtal	x a r tst aː l
<|ARB|>kthyn	k u th iː n
<|ARB|>itra'	' i tst r aː '
<|ARB|>alqahra	a l q aː h i r a
<|ARB|>bhr	b a h a r
<|ARB|>ahtdn	i h t a dst a n a
<|ARB|>tyra	tst a j r a
<|ARB|>astwry	' u s tst uː r i j j
<|ARB|>awhl	' a w h a l a
<|ARB|>zwfa	z uː f aː
<|ARB|>sahly	s aː h i l i j j
<|ARB|>astraly	' u s t u r aː l i j j
<|ARB|>j'dyd	dzh a ' dst iː dst
<|ARB|>hsl	h a sst a l
<|ARB|>'nqad	' i n q aː d
<|ARB|>trnym	t a r n iː m
<|ARB|>msyh	m a s iː h
<|ARB|>mtb	m a tst a b b
<|ARB|>mrjan	m a r dzh aː n
<|ARB|>almghrb	a l m a g r i b
<|ARB|>mrawgha	m u r aː w a g a
<|ARB|>bwlad	b uː l aː d
<|ARB|>rdd	r a d d a d a
<|ARB|>mqlq	m u q l i q
<|ARB|>ashtha	i sh t a h aː
<|ARB|>qrd	q a r d
<|ARB|>zayer	z aː ' i r
<|ARB|>tjara	t i dzh aː r a
<|ARB|>m'jzat	m u ' dzh i z aː t
<|ARB|>idhya	' i d h i j a
<|ARB|>wsyd	w a sst iː d
<|ARB|>ashl	' a sh a l l
<|ARB|>hbara	h u b aː r aː
<|ARB|>nhn	n a h n i
<|ARB|>ghrb	g a r a b
<|ARB|>tthkra	t a th k i r a
<|ARB|>bwaly'	b a w aː l iː '
<|ARB|>yasyn	j aː s iː n
<|ARB|>my'ad	m iː ' aː d
<|ARB|>sha'	sh aː '
<|ARB|>hrwla	h a r w a l a
<|ARB|>rhbanya	r a h b aː n i j j a
<|ARB|>tayefa	tst aː ' i f a
<|ARB|>anhk	' a n h a k a
<|ARB|>qawq	q aː w u q
<|ARB|>dwlab	d a w l aː b
<|ARB|>srq	sst a r a q
<|ARB|>mzla	m a thst a l l a
<|ARB|>jayez	dzh aː ' i z
<|ARB|>kara	k aː r a
<|ARB|>astmat	i s t a m aː t a
<|ARB|>asf	' a s a f f a
<|ARB|>ksra	k a s r a
<|ARB|>hnan	h a n aː n
<|ARB|>athth	' a th th a th a
<|ARB|>rajl	r aː dzh i l
<|ARB|>a'tl	i ' t a l l a
<|ARB|>sabwra	sst aː b uː r a
<|ARB|>ghda	g a dst dst a
<|ARB|>sryan	s a r a j aː n
<|ARB|>ftkha'	f a t x aː '
<|ARB|>hzyra	h a thst iː r a
<|ARB|>astjab	i s t a dzh aː b a
<|ARB|>fakra	f aː k i r a
<|ARB|>lhja	l a h dzh a
<|ARB|>nrwyjya	n u r w iː dzh i j j a
<|ARB|>st'	sst a t a ' a
<|ARB|>shlyl	sh a l iː l
<|ARB|>smn	s a m i n a
<|ARB|>twjh	t a w a dzh dzh a h a
<|ARB|>shlal	sh a l l aː l
<|ARB|>zhr	thst a h a r a
<|ARB|>ihda'	' i h d aː '
<|ARB|>bndq	b u n d u q
<|ARB|>shl	sst a h i l a
<|ARB|>astwqf	i s t a w q a f a
<|ARB|>qrwsh	q u r uː sh
<|ARB|>ka'b	k aː ' i b
<|ARB|>a'ya	' a ' j aː
<|ARB|>jkha	dzh a x x aː
<|ARB|>ray	r a ' j
<|ARB|>mbaraa	m u b aː r aː h
<|ARB|>nmla	n a m l a
<|ARB|>fth	f a t a h a
<|ARB|>sykwlwjy	s a j k uː l uː dzh i j j
<|ARB|>wrshnwfa	w a r sh a n uː f a
<|ARB|>ahtrq	i h t a r a q a
<|ARB|>saha	s aː h a
<|ARB|>almrykh	a l m i r r iː x
<|ARB|>ghmwd	g u m uː d
<|ARB|>qawwn	q aː w uː n
<|ARB|>atsm	i t t a s a m a
<|ARB|>trab	t u r aː b
<|ARB|>abhj	' a b h a dzh a
<|ARB|>blwr	b i l l a w r
<|ARB|>arghan	' a r g aː n
<|ARB|>shn'	sh a n n a ' a
<|ARB|>arthwthksy	' u r th uː th u k s i j j
<|ARB|>jbyz	dzh a b iː z
<|ARB|>thhb	th a h a b
<|ARB|>wqt	w a q a t
<|ARB|>shhada	sh a h aː d a
<|ARB|>wq'	w a q a ' a
<|ARB|>drasy	d i r aː s i j j
<|ARB|>ndm	n a d a m
