kot	k o t̚ ˨˩
kanok	k a ˨˩ n o k̚ ˨˩
kon	k ɔː n ˧
krɔːk	k r ɔː k̚ ˨˩
kraʔ	k r a ʔ ˨˩
kratrawoŋsɯkasaːtʰikaːn	k r a ˨˩ s u a̯ ŋ ˧ s ɯ k̚ ˨˩ s aː ˩˩˦ tʰ i ˦˥ k aː n ˧
krabiː	k r a ˨˩ b iː ˨˩
kriːt	k r iː t̚ ˨˩
krʉsadaː	k r i t̚ ˨˩ s a ˨˩ d aː ˧
klum	k l u m ˨˩
klaː	k l aː ˥˩
kwaːŋ	k w aː ŋ ˧
kwaː	k w aː ˨˩
kɔːŋ	k ɔː ŋ ˧
kɔːŋtʰapʰabok	k ɔː ŋ ˧ tʰ a p̚ ˦˥ b o k̚ ˨˩
kapiʔ	k a ˨˩ p i ʔ ˨˩
kanjaːjon	k a n ˧ j aː ˧ j o n ˧
kan	k a n ˧
kab	k a p̚ ˨˩
kampʰuːt͡ɕʰaː	k a m ˧ pʰ uː ˧ t͡ɕʰ aː ˧
kaːn	k aː n ˧
kaːnkɔːt	k aː n ˧ k ɔː t̚ ˨˩
kaːnkamhanot	k aː n ˧ k a m ˧ n o t̚ ˨˩
kaːnkɔːkaːnraːj	k aː n ˧ k ɔː ˨˩ k aː n ˧ r aː j ˦˥
kaːnt͡ɕadakaːn	k aː n ˧ t͡ɕ a t̚ ˨˩ k aː n ˧
kaːntʰaːtʰaːj	k aː n ˧ tʰ aː ˦˥ tʰ aː j ˧
kaːnbawok	k aː n ˧ b u a̯ k̚ ˨˩
kaːnrak	k aː n ˧ r a k̚ ˦˥
kaːnruk	k aː n ˧ r u k̚ ˦˥
kaːnlawoŋlam	k aː n ˧ l u a̯ ŋ ˥˩ l a m ˦˥
kaːnʔɔːk	k aː n ˧ ʔ ɔː k̚ ˨˩
kaːnmɯːa̯ŋ	k aː n ˧ m ɯ a̯ ŋ ˧
kaːnlɯːa̯kataŋ	k aː n ˧ l ɯ a̯ k̚ ˥˩ t a ŋ ˥˩
kaːnlɯːa̯kataŋtʰuːa̯paj	k aː n ˧ l ɯ a̯ k̚ ˥˩ t a ŋ ˥˩ tʰ u a̯ ˥˩ p a j ˧
kaːnleːn	k aː n ˧ l e n ˥˩
kamhanot	k a m ˧ n o t̚ ˨˩
kamraj	k a m ˧ r a j ˧
kileːn	k i ˨˩ l eː n ˧
kiloː	k i ˨˩ l oː ˧
kiloːkram	k i ˨˩ l oː ˧ k r a m ˧
kujt͡ɕʰon	k u n ˧ t͡ɕʰ ɔː n ˧
kujt͡ɕɛː	k u n ˧ t͡ɕ ɛː ˧
kudumpʰiː	k u ˨˩ d u m ˧ pʰ iː ˧
kunsɯːɔː	k u n ˧ s ɯː ˧
kumpʰaːpʰan	k u m ˧ pʰ aː ˧ pʰ a n ˧
kadaj	k ɔː ˥˩ d aː j ˥˩
kɔːkaːnraːj	k ɔː ˨˩ k aː n ˧ r aː j ˦˥
kɔːŋ	k ɔ ŋ ˥˩
kɔːj	k ɔ j ˥˩
kwjatiːa̯w	k u a̯ j ˩˩˦ t i a̯ w ˩˩˦
kʰanom	kʰ a ˨˩ n o m ˩˩˦
kʰanaːt	kʰ a ˨˩ n aː t̚ ˨˩
kʰajaʔ	kʰ a ˨˩ j a ʔ ˨˩
kʰwaj	kʰ w a n ˩˩˦
kʰɔːbkʰun	kʰ ɔː p̚ ˨˩ kʰ u n ˧
kʰaːt	kʰ aː t̚ ˨˩
kʰaːj	kʰ aː j ˩˩˦
kʰɯn	kʰ ɯ n ˥˩
kʰaːw	kʰ aː w ˨˩
kʰaːwsaːn	kʰ aː w ˨˩ s aː n ˩˩˦
kʰɔː	kʰ ɔː ˥˩
kʰɔːmuːn	kʰ ɔː ˥˩ m uː n ˧
kʰaːŋhalaŋ	kʰ aː ŋ ˥˩ l a ŋ ˩˩˦
kʰaːpt͡ɕeːaː	kʰ aː ˥˩ pʰ a ˦˥ t͡ɕ aː w ˥˩
kʰadiː	kʰ a ˦˥ d iː ˧
kʰon	kʰ o n ˧
kʰonŋaːn	kʰ o n ˧ ŋ aː n ˧
kʰob	kʰ o p̚ ˦˥
kʰrɔːbkʰruːa̯	kʰ r ɔː p̚ ˥˩ kʰ r u a̯ ˧
kʰruːa̯rɯːa̯n	kʰ r u a̯ ˧ r ɯ a̯ n ˧
kʰraŋ	kʰ r a ŋ ˦˥
kʰraŋnan	kʰ r a ŋ ˦˥ n a n ˦˥
kʰriːm	kʰ r iː m ˧
kʰruː	kʰ r uː ˧
kʰlaŋ	kʰ l a ŋ ˧
kʰwbakʰum	kʰ u a̯ p̚ ˥˩ kʰ u m ˧
kʰwaːmŋaːm	kʰ w aː m ˧ ŋ aː m ˧
kʰwaːmt͡ɕʰɔːbotrarom	kʰ w aː m ˧ t͡ɕʰ ɔː p̚ ˥˩ tʰ a m ˧
kʰwaːmtaːj	kʰ w aː m ˧ t aː j ˧
kʰwaːmrak	kʰ w aː m ˧ r a k̚ ˦˥
kʰwaːmrunarɛːŋ	kʰ w aː m ˧ r u n ˧ r ɛː ŋ ˧
kʰwaːmsaːmaːrot	kʰ w aː m ˧ s aː ˩˩˦ m aː t̚ ˥˩
kʰwaːmsuk	kʰ w aː m ˧ s u k̚ ˨˩
kʰwaːmhalaːkhalaːjtʰaːŋat͡ɕʰiːwpʰaːp	kʰ w aː m ˧ l aː k̚ ˨˩ l aː j ˩˩˦ tʰ aː ŋ ˧ t͡ɕʰ iː ˧ w a ˦˥ pʰ aː p̚ ˥˩
kʰwaːmreːw	kʰ w aː m ˧ r e w ˧
kʰwaːmsiːa̯w	kʰ w aː m ˧ s i a̯ w ˩˩˦
kʰɔːlam	kʰ ɔː ˧ l a m ˥˩
kʰanɛːn	kʰ a ˦˥ n ɛː n ˧
kʰaːt	kʰ aː t̚ ˥˩
kʰaːn	kʰ aː n ˧
kʰaːfeː	kʰ aː ˧ f eː ˥˩
kʰam	kʰ a m ˧
kʰampʰɔːŋsiːa̯ŋ	kʰ a m ˧ pʰ ɔː ŋ ˦˥ s i a̯ ŋ ˩˩˦
kʰamsaŋ	kʰ a m ˧ s a ŋ ˨˩
kʰiŋ	kʰ i ŋ ˧
kʰit	kʰ i t̚ ˦˥
kʰɯːn	kʰ ɯː n ˧
kʰuntʰrarom	kʰ u n ˧ n a ˦˥ tʰ a m ˧
kʰumkʰrɔːŋ	kʰ u m ˦˥ kʰ r ɔː ŋ ˧
kʰuːn	kʰ uː n ˧
kʰaːrɛːŋ	kʰ aː ˥˩ r ɛː ŋ ˧
kʰonhaː	kʰ o n ˦˥ h aː ˩˩˦
kʰɔːn	kʰ ɔː n ˦˥
kʰam	kʰ a m ˧
ŋot	ŋ o t̚ ˦˥
ŋobpramaːn	ŋ o p̚ ˦˥ p r a ˨˩ m aː n ˧
ŋat	ŋ a t̚ ˦˥
ŋaːn	ŋ aː n ˧
ŋaːjdaːj	ŋ aː j ˥˩ d aː j ˧
t͡ɕon	t͡ɕ o n ˧
t͡ɕarijtʰrarom	t͡ɕ a ˨˩ r i ˦˥ j a ˦˥ tʰ a m ˧
t͡ɕawok	t͡ɕ u a̯ k̚ ˨˩
t͡ɕɔːŋ	t͡ɕ ɔː ŋ ˧
t͡ɕɔːt͡ɕiːa̯	t͡ɕ ɔː ˧ t͡ɕ i a̯ ˧
t͡ɕaksuwitjaː	t͡ɕ a k̚ ˨˩ s u ˨˩ w i t̚ ˦˥ tʰ a ˦˥ j aː ˧
t͡ɕaŋhawat	t͡ɕ a ŋ ˧ w a t̚ ˨˩
t͡ɕat	t͡ɕ a t̚ ˨˩
t͡ɕanot	t͡ɕ a n ˧
t͡ɕabmɯːɔː	t͡ɕ a p̚ ˨˩ m ɯː ˧
t͡ɕaːnbin	t͡ɕ aː n ˧ b i n ˧
t͡ɕaːriːt	t͡ɕ aː ˧ r iː t̚ ˥˩
t͡ɕamkat	t͡ɕ a m ˧ k a t̚ ˨˩
t͡ɕamnawon	t͡ɕ a m ˧ n u a̯ n ˧
t͡ɕiŋt͡ɕɔːk	t͡ɕ i ŋ ˥˩ t͡ɕ ɔː k̚ ˨˩
t͡ɕiw	t͡ɕ i w ˩˩˦
t͡ɕiː	t͡ɕ iː ˥˩
t͡ɕulaː	t͡ɕ u ˨˩ l aː ˧
t͡ɕʰabab	t͡ɕʰ a ˨˩ b a p̚ ˨˩
t͡ɕʰun	t͡ɕʰ u n ˩˩˦
t͡ɕʰoŋ	t͡ɕʰ o ŋ ˧
t͡ɕʰanaʔ	t͡ɕʰ a ˦˥ n a ʔ ˦˥
t͡ɕʰanit	t͡ɕʰ a ˦˥ n i t̚ ˦˥
t͡ɕʰom	t͡ɕʰ o m ˧
t͡ɕʰompʰuː	t͡ɕʰ o m ˧ pʰ uː ˧
t͡ɕʰonburiː	t͡ɕʰ o n ˧ b u ˨˩ r iː ˧
t͡ɕʰat	t͡ɕʰ a t̚ ˦˥
t͡ɕʰuːa̯kraːw	t͡ɕʰ u a̯ ˥˩ kʰ r aː w ˧
t͡ɕʰuːa̯moːŋ	t͡ɕʰ u a̯ ˥˩ m oː ŋ ˧
t͡ɕʰan	t͡ɕʰ a n ˦˥
t͡ɕʰaːn	t͡ɕʰ aː n ˧
t͡ɕʰiːwit	t͡ɕʰ iː ˧ w i t̚ ˦˥
t͡ɕʰiː	t͡ɕʰ iː ˦˥
t͡ɕʰɯːɔː	t͡ɕʰ ɯː ˥˩
t͡ɕʰɯːɔːtkun	t͡ɕʰ ɯː ˥˩ s a ˨˩ k u n ˧
t͡ɕʰut	t͡ɕʰ u t̚ ˦˥
t͡ɕʰumt͡ɕʰon	t͡ɕʰ u m ˧ t͡ɕʰ o n ˧
t͡ɕʰawoŋ	t͡ɕʰ u a̯ ŋ ˥˩
t͡ɕʰowjaheːlɯːɔː	t͡ɕʰ u a̯ j ˥˩ l ɯ a̯ ˩˩˦
t͡ɕʰɔːntoʔ	t͡ɕʰ ɔː n ˦˥ t o ʔ ˦˥
t͡ɕʰaːŋ	t͡ɕʰ aː ŋ ˦˥
t͡ɕʰaːŋtaːjatʰaŋtuːa̯ʔeːaːbajbuːa̯maːpit	t͡ɕʰ aː ŋ ˦˥ t aː j ˧ tʰ a ŋ ˦˥ t u a̯ ˧ ʔ a w ˧ b a j ˧ b u a̯ ˧ m aː ˧ p i t̚ ˨˩
sɔːj	s ɔː j ˧
sinmaːtɤn	s i n ˦˥ m aː ˧ t ɤ n ˥˩
sɯŋ	s ɯ ŋ ˧
sɯːɔː	s ɯː ˦˥
suːt͡ɕʰiʔ	s uː ˧ t͡ɕʰ i ʔ ˦˥
saːj	s aː j ˦˥
jattiʔ	j a t̚ ˦˥ t i ʔ ˨˩
jiːpun	j iː ˥˩ p u n ˨˩
dawoŋ	d u a̯ ŋ ˧
dɔːk	d ɔː k̚ ˨˩
dɔːkpʰon	d ɔː k̚ ˨˩ pʰ o n ˩˩˦
dɔːkbiːa̯	d ɔː k̚ ˨˩ b i a̯ ˥˩
dɔːn	d ɔː n ˧
daŋnan	d a ŋ ˧ n a n ˦˥
datpɛːloŋ	d a t̚ ˨˩ p l ɛː ŋ ˧
dan	d a n ˧
dab	d a p̚ ˨˩
daːwhoːlot	d aː w ˧ l oː t̚ ˨˩
diːt͡ɕeː	d iː ˧ t͡ɕ eː ˧
duː	d uː ˧
duːtʰuːk	d uː ˧ tʰ uː k̚ ˨˩
dawon	d u a̯ n ˨˩
daːn	d aː n ˥˩
tonrakaʔ	t a k̚ ˨˩ k a ʔ ˨˩
traːt	t r aː t̚ ˨˩
trinidɛːtlɛtoːbeːkoː	t r i ˨˩ n i ˦˥ d ɛː t̚ ˨˩ l ɛ ʔ ˦˥ t oː ˧ b eː ˧ k oː ˧
talɔːt	t a ˨˩ l ɔː t̚ ˨˩
talaːtnat	t a ˨˩ l aː t̚ ˨˩ n a t̚ ˦˥
tɔːn	t ɔː n ˧
tɔːb	t ɔː p̚ ˨˩
talɛːŋkɛːŋ	t a ˨˩ l ɛː ŋ ˧ k ɛː ŋ ˧
tuːa̯	t u a̯ ˧
tuːa̯ɔːjaːŋ	t u a̯ ˧ j aː ŋ ˨˩
taŋ	t a ŋ ˥˩
taŋtɛː	t a ŋ ˥˩ t ɛː ˨˩
taːn	t aː n ˧
taːm	t aː m ˧
taːraːŋ	t aː ˧ r aː ŋ ˧
tambon	t a m ˧ b o n ˧
tit	t i t̚ ˨˩
tittɔː	t i t̚ ˨˩ t ɔː ˨˩
titt͡ɕʰɯːa̯	t i t̚ ˨˩ t͡ɕʰ ɯ a̯ ˦˥
tɯk	t ɯ k̚ ˨˩
tɯːnnɔːn	t ɯː n ˨˩ n ɔː n ˧
tɯːnteːn	t ɯː n ˨˩ t e n ˥˩
tulaːkʰom	t u ˨˩ l aː ˧ kʰ o m ˧
tuː	t uː ˥˩
tɔː	t ɔː ˨˩
tɔːpaj	t ɔː ˨˩ p a j ˧
taːŋ	t aː ŋ ˨˩
tont͡ɕʰabab	t o n ˥˩ t͡ɕʰ a ˨˩ b a p̚ ˨˩
tʰalom	tʰ a ˨˩ l o m ˨˩
tʰawaːj	tʰ a ˨˩ w aː j ˩˩˦
tʰaːm	tʰ aː m ˩˩˦
tʰɯŋ	tʰ ɯ ŋ ˩˩˦
tʰuːk	tʰ uː k̚ ˨˩
tʰaː	tʰ aː ˥˩
tʰonŋoklom	s o ŋ ˧ k l o m ˧
tʰram	tʰ r a m ˦˥
tʰrʉsadiː	tʰ r i t̚ ˦˥ s a ˨˩ d iː ˧
tʰawittɤː	tʰ a ˦˥ w i t̚ ˦˥ t ɤː ˥˩
tʰotwararot	tʰ o t̚ ˦˥ s a ˨˩ w a t̚ ˦˥
tʰahaːn	tʰ a ˦˥ h aː n ˩˩˦
tʰaleːsaːb	tʰ a ˦˥ l eː ˧ s aː p̚ ˨˩
tʰabtʰim	tʰ a p̚ ˦˥ tʰ i m ˧
tʰaŋ	tʰ a ŋ ˦˥
tʰaŋniː	tʰ a ŋ ˦˥ n iː ˦˥
tʰaŋhamot	tʰ a ŋ ˦˥ m o t̚ ˨˩
tʰaːŋlɯːa̯k	tʰ aː ŋ ˧ l ɯ a̯ k̚ ˥˩
tʰam	tʰ a m ˧
tʰamŋaːn	tʰ a m ˧ ŋ aː n ˧
tʰip	tʰ i p̚ ˦˥
tʰimpʰuː	tʰ i m ˧ pʰ uː ˧
tʰiːm	tʰ iː m ˧
tʰiːwiː	tʰ iː ˧ w iː ˧
tʰiː	tʰ iː ˥˩
tʰiːt͡ɕɔːtrot	tʰ iː ˥˩ t͡ɕ ɔː t̚ ˨˩ r o t̚ ˦˥
tʰiːmaː	tʰ iː ˥˩ m aː ˧
tʰiːsut	tʰ iː ˥˩ s u t̚ ˨˩
tʰiːɔːjuː	tʰ iː ˥˩ j uː ˨˩
tʰuk	tʰ u k̚ ˦˥
tʰuk	tʰ u k̚ ˦˥
tʰɔːn	tʰ ɔ n ˥˩
nokraraːtsiːmaː	n a ˦˥ kʰ ɔː n ˧ r aː t̚ ˥˩ t͡ɕʰ a ˦˥ s iː ˩˩˦ m aː ˧
nokrasariːtraromraːt	n a ˦˥ kʰ ɔː n ˧ s iː ˩˩˦ tʰ a m ˧ m a ˦˥ r aː t̚ ˥˩
natʰiː	n a ˦˥ tʰ iː ˧
nomkʰon	n o m ˧ kʰ o n ˥˩
nɔːkt͡ɕaːk	n ɔː k̚ ˥˩ t͡ɕ aː k̚ ˨˩
nɔːtkʰɛːroːlajnaː	n ɔː t̚ ˦˥ kʰ ɛː ˧ r oː ˧ l a j ˧ n aː ˥˩
nakkaːjokrarom	n a k̚ ˦˥ k aː j ˧ j a ˦˥ k a m ˧
nakkaːramɯːa̯ŋ	n a k̚ ˦˥ k aː n ˧ m ɯ a̯ ŋ ˧
nakjakanamhanak	n a k̚ ˦˥ j o k̚ ˦˥ n a m ˦˥ n a k̚ ˨˩
nakrɔːŋ	n a k̚ ˦˥ r ɔː ŋ ˦˥
nakwit͡ɕʰaːkaːn	n a k̚ ˦˥ w i ˦˥ t͡ɕʰ aː ˧ k aː n ˧
naksɯkasaː	n a k̚ ˦˥ s ɯ k̚ ˨˩ s aː ˩˩˦
nakleːŋ	n a k̚ ˦˥ l eː ŋ ˧
nan	n a n ˦˥
naːtʰiː	n aː ˧ tʰ iː ˧
naːnaː	n aː ˧ n aː ˧
naːmbaton	n aː m ˧ b a t̚ ˨˩
naːj	n aː j ˧
naːjok	n aː ˧ j o k̚ ˦˥
naːjkratmanotriː	n aː ˧ j o k̚ ˦˥ r a t̚ ˦˥ tʰ a ˨˩ m o n ˧ t r iː ˧
naːjok	n aː ˧ j o k̚ ˦˥
naːsik	n aː ˧ s i k̚ ˨˩
nam	n a m ˧
niw	n i w ˦˥
niwpoːŋ	n i w ˦˥ p oː ŋ ˥˩
niː	n iː ˦˥
nuŋ	n u ŋ ˥˩
nun	n u n ˥˩
najoːbaːj	n a ˦˥ j oː ˧ b aː j ˧
nɔːk	n ɔ k̚ ˦˥
naːn	n aː n ˥˩
namplaː	n a m ˦˥ p l aː ˧
namkʰɛːŋ	n a m ˦˥ kʰ ɛ ŋ ˩˩˦
botkʰwaːm	b o t̚ ˨˩ kʰ w aː m ˧
bonranaːrakot	b a n ˧ n aː ˧ r a k̚ ˦˥ s a ˨˩
barandiː	b r a n ˨˩ d iː ˧
barikaːn	b ɔː ˧ r i ˦˥ k aː n ˧
barihaːn	b ɔː ˧ r i ˦˥ h aː n ˩˩˦
balɔːk	b l ɔ k̚ ˦˥
bajt͡ɕʰiː	b a n ˧ t͡ɕʰ iː ˧
buːa̯kɛːw	b u a̯ ˧ k ɛː w ˥˩
baŋ	b a ŋ ˥˩
baːŋkʰraŋ	b aː ŋ ˧ kʰ r a ŋ ˦˥
bik	b i k̚ ˦˥
biːtʰeːnt͡ɕut	b iː ˧ tʰ e l ˧ t͡ɕ uː s ˦˥
buk	b u k̚ ˨˩
bub	b u p̚ ˨˩
buriːram	b u ˨˩ r iː ˧ r a m ˧
bɔː	b ɔː ˨˩
baːŋ	b a ŋ ˥˩
bawoj	b u a̯ j ˦˥
patiseːt	p a ˨˩ t i ˨˩ s eː t̚ ˨˩
panitʰaːn	p a ˨˩ n i ˦˥ tʰ aː n ˧
prakaːn	p r a ˨˩ k aː n ˧
prakaːt	p r a ˨˩ k aː t̚ ˨˩
pratwabakʰiːriːkʰan	p r a ˨˩ t͡ɕ u a̯ p̚ ˨˩ kʰ iː ˧ r iː ˧ kʰ a n ˩˩˦
prat͡ɕam	p r a ˨˩ t͡ɕ a m ˧
prat͡ɕamdɯːa̯n	p r a ˨˩ t͡ɕ a m ˧ d ɯ a̯ n ˧
prat͡ɕʰaːt͡ɕʰon	p r a ˨˩ t͡ɕʰ aː ˧ t͡ɕʰ o n ˧
prat͡ɕʰaːmtiʔ	p r a ˨˩ t͡ɕʰ aː ˧ m a ˦˥ t i ʔ ˨˩
pratuː	p r a ˨˩ t uː ˧
pratʰabt͡ɕaj	p r a ˨˩ tʰ a p̚ ˦˥ t͡ɕ a j ˧
pratwoŋ	p r a ˨˩ tʰ u a̯ ŋ ˦˥
prapʰan	p r a ˨˩ pʰ a n ˧
prajut	p r a ˨˩ j u t̚ ˦˥
prasitʰot	p r a ˨˩ s i t̚ ˨˩
prapʰeːt	p r a ˨˩ pʰ eː t̚ ˥˩
primaːn	p a ˨˩ r i ˦˥ m aː n ˧
pruŋ	p r u ŋ ˧
plɔːt	p l ɔː t̚ ˨˩
plat	p a ˨˩ l a t̚ ˨˩
pluk	p l u k̚ ˨˩
pɔː	p ɔː ˧
pat	p a t̚ ˨˩
patmaː	p a t̚ ˨˩ tʰ a ˦˥ m aː ˧
pan	p a n ˨˩
pan	p a n ˥˩
piːk	p iː k̚ ˨˩
piːtɤː	p iː ˧ t ɤː ˥˩
piːhajmaʔ	p iː ˧ m a j ˨˩
pɯːn	p ɯː n ˧
pɯːnhajjaʔ	p ɯː n ˧ j a j ˨˩
pawon	p u a̯ n ˨˩
pɔːŋ	p ɔ ŋ ˥˩
pʰom	pʰ o m ˩˩˦
pʰlak	pʰ l a k̚ ˨˩
pʰlakdan	pʰ l a k̚ ˨˩ d a n ˧
pʰlitpʰan	pʰ a ˨˩ l i t̚ ˨˩ t a ˨˩ pʰ a n ˧
pʰlitpʰananom	pʰ a ˨˩ l i t̚ ˨˩ tʰ a ˦˥ pʰ a n ˧ n o m ˧
pʰaːsuk	pʰ aː ˩˩˦ s u k̚ ˨˩
pʰithawaŋ	pʰ i t̚ ˨˩ w a ŋ ˩˩˦
pʰiː	pʰ iː ˩˩˦
pʰuːtnaʔ	pʰ uː ˥˩ t͡ɕʰ a ˦˥ n a ʔ ˦˥
pʰuːt͡ɕʰaːj	pʰ uː ˥˩ t͡ɕʰ aː j ˧
pʰuːtɔːŋsaŋasaj	pʰ uː ˥˩ t ɔ ŋ ˥˩ s o ŋ ˩˩˦ s a j ˩˩˦
pʰuːbripʰoːk	pʰ uː ˥˩ b ɔː ˧ r i ˦˥ pʰ oː k̚ ˥˩
pʰuːsɯːbsanadaːn	pʰ uː ˥˩ s ɯː p̚ ˨˩ s a n ˩˩˦ d aː n ˧
pʰuːtɛːŋ	pʰ uː ˥˩ t ɛː ŋ ˨˩
pʰuːhajjabaːn	pʰ uː ˥˩ j a j ˨˩ b aː n ˥˩
pʰɔːŋ	pʰ ɔ ŋ ˨˩
pʰaːmaːn	pʰ aː ˥˩ m aː n ˥˩
faːj	f aː j ˩˩˦
faːj	f aː j ˨˩
faːjhanaː	f aː j ˨˩ n aː ˥˩
faː	f aː ˥˩
pʰanakŋaːnakʰaːj	pʰ a ˦˥ n a k̚ ˦˥ ŋ aː n ˧ kʰ aː j ˩˩˦
pʰonrasaː	pʰ a n ˧ s aː ˩˩˦
pʰraːj	pʰ r aː j ˧
pʰrʉkasaː	pʰ r ɯ k̚ ˦˥ s aː ˩˩˦
pʰrʉtikrarom	pʰ r ɯ t̚ ˦˥ t i ˨˩ k a m ˧
pʰrʉsat͡ɕikaːjon	pʰ r ɯ t̚ ˦˥ s a ˨˩ t͡ɕ i ˨˩ k aː ˧ j o n ˧
pʰrʉsapʰaːkʰom	pʰ r ɯ t̚ ˦˥ s a ˨˩ pʰ aː ˧ kʰ o m ˧
pʰlɔːj	pʰ l ɔː j ˧
pʰlaŋŋaːn	pʰ a ˦˥ l a ŋ ˧ ŋ aː n ˧
pʰawok	pʰ u a̯ k̚ ˥˩
pʰɔːk	pʰ ɔː k̚ ˥˩
pʰikat	pʰ i ˦˥ k a t̚ ˨˩
pʰipʰop	pʰ i ˦˥ pʰ o p̚ ˦˥
pʰitnuloːk	pʰ i t̚ ˦˥ s a ˨˩ n u ˦˥ l oː k̚ ˥˩
pʰɯːntʰiː	pʰ ɯː n ˦˥ tʰ iː ˥˩
pʰuttʰasakraːt	pʰ u t̚ ˦˥ tʰ a ˦˥ s a k̚ ˨˩ k a ˨˩ r aː t̚ ˨˩
pʰɔː	pʰ ɔː ˥˩
fariː	f r iː ˧
faktʰɔːŋ	f a k̚ ˦˥ tʰ ɔː ŋ ˧
fantʰoŋ	f a n ˧ tʰ o ŋ ˧
faːn	f aː n ˧
fisik	f i ˦˥ s i k̚ ˨˩
pʰaːpprakɔːb	pʰ aː p̚ ˥˩ p r a ˨˩ k ɔː p̚ ˨˩
pʰaːpjanot	pʰ aː p̚ ˥˩ pʰ a ˦˥ j o n ˧
pʰaːjnɔːk	pʰ aː j ˧ n ɔː k̚ ˥˩
pʰaːjnaj	pʰ aː j ˧ n a j ˧
pʰaːnkit	pʰ aː ˧ r a ˦˥ k i t̚ ˨˩
pʰaːwnaː	pʰ aː ˧ w a ˦˥ n aː ˧
pʰut͡ɕʰoŋ	pʰ u ˦˥ t͡ɕʰ o ŋ ˧
pʰuːkeːt	pʰ uː ˧ k e t̚ ˨˩
matit͡ɕʰon	m a ˦˥ t i ˨˩ t͡ɕʰ o n ˧
mahaːt͡ɕʰon	m a ˦˥ h aː ˩˩˦ t͡ɕʰ o n ˧
mahaːsaːnkʰaːm	m a ˦˥ h aː ˩˩˦ s aː ˩˩˦ r a ˦˥ kʰ aː m ˧
mɔːntʰriːʔɔːn	m ɔ n ˧ tʰ r iː ˧ ʔ ɔ l ˥˩
mɔːtɤː	m ɔː ˧ t ɤː ˥˩
mɔːtɤːweː	m ɔː ˧ t ɤː ˥˩ w eː ˧
manaːw	m a ˦˥ n aː w ˧
maliʔ	m a ˦˥ l i ʔ ˦˥
mareːŋ	m a ˦˥ r e ŋ ˧
mareːŋteːaːnom	m a ˦˥ r e ŋ ˧ t a w ˥˩ n o m ˧
man	m a n ˧
maŋkʰaŋ	m a ŋ ˥˩ kʰ a ŋ ˥˩
maːkkwaː	m aː k̚ ˥˩ k w aː ˨˩
maːtraː	m aː t̚ ˥˩ t r aː ˧
maːleːsiːa̯	m aː ˧ l eː ˧ s i a̯ ˧
mitiʔ	m i ˦˥ t i ʔ ˨˩
miː	m iː ˧
miːnaːkʰom	m iː ˧ n aː ˧ kʰ o m ˧
muk	m u k̚ ˦˥
muːnkʰaː	m uː n ˧ l a ˦˥ kʰ aː ˥˩
maːlaːj	m aː ˦˥ l aː j ˧
joklɤk	j o k̚ ˦˥ l ɤː k̚ ˥˩
jokweːn	j o k̚ ˦˥ w e n ˦˥
jot	j o t̚ ˦˥
jaːn	j aː n ˧
jaːbaː	j aː ˧ b aː ˥˩
jaːw	j aː w ˧
jindiː	j i n ˧ d iː ˧
jɯːnjan	j ɯː n ˧ j a n ˧
jɯːn	j ɯː n ˥˩
juroːp	j u ˦˥ r oː p̚ ˨˩
juːʔeːn	j uː ˧ ʔ e n ˧
jam	j a m ˦˥
rot	r o t̚ ˦˥
rotkrabaʔ	r o t̚ ˦˥ k r a ˨˩ b a ʔ ˨˩
rotjok	r o t̚ ˦˥ j o k̚ ˦˥
rawom	r u a̯ m ˧
rɔːŋ	r ɔː ŋ ˧
rɔːŋsaːsotraːt͡ɕaːn	r ɔː ŋ ˧ s aː t̚ ˨˩ t r aː ˧ t͡ɕ aː n ˧
rɔːŋtʰeːaː	r ɔː ŋ ˧ tʰ aː w ˦˥
rabbaniweːt	r a ˦˥ b o p̚ ˨˩ n i ˦˥ w eː t̚ ˥˩
rabuʔ	r a ˦˥ b u ʔ ˨˩
rajɔːŋ	r a ˦˥ j ɔː ŋ ˧
rajatʰaːŋ	r a ˦˥ j a ˦˥ tʰ aː ŋ ˧
rahwaːŋ	r a ˦˥ w aː ŋ ˨˩
rabiːa̯b	r a ˦˥ b i a̯ p̚ ˨˩
rak	r a k̚ ˦˥
ratkaːn	r a t̚ ˦˥ t͡ɕʰ a ˦˥ k aː n ˧
ratbaːn	r a t̚ ˦˥ tʰ a ˨˩ b aː n ˧
rab	r a p̚ ˦˥
ruːa̯	r u a̯ ˧
ratsiːa̯	r a t̚ ˦˥ s i a̯ ˧
raːkʰaː	r aː ˧ kʰ aː ˧
raːŋwan	r aː ŋ ˧ w a n ˧
raːtnaːwiː	r aː t̚ ˥˩ t͡ɕʰ a ˦˥ n aː ˧ w iː ˧
raːt͡ɕʰan	r aː ˧ t͡ɕʰ a n ˧
raːtriː	r aː ˧ t r iː ˧
raːmkiːa̯rot	r aː m ˧ m a ˦˥ k i a̯ n ˧
raːjkaːn	r aː j ˧ k aː n ˧
raːjŋaːn	r aː j ˧ ŋ aː n ˧
raːjlaʔiːa̯t	r aː j ˧ l a ˦˥ ʔ i a̯ t̚ ˨˩
romjeːn	r o m ˥˩ j e n ˧
raːŋ	r aː ŋ ˥˩
rɔːŋ	r ɔː ŋ ˦˥
rɔːŋriːa̯n	r ɔː ŋ ˦˥ r i a̯ n ˧
rɔːj	r ɔː j ˦˥
rɔːjlaʔ	r ɔː j ˦˥ l a ʔ ˦˥
raːn	r aː n ˦˥
rʉduː	r ɯ ˦˥ d uː ˧
rʉduːbajmajrawoŋ	r ɯ ˦˥ d uː ˧ b a j ˧ m aː j ˦˥ r u a̯ ŋ ˥˩
loŋt͡ɕʰɯːɔː	l o ŋ ˧ t͡ɕʰ ɯː ˥˩
loŋtuːa̯	l o ŋ ˧ t u a̯ ˧
lot	l o t̚ ˦˥
lomhaːjat͡ɕaj	l o m ˧ h aː j ˩˩˦ t͡ɕ a j ˧
lɔːttɤːriː	l ɔ t̚ ˦˥ t ɤː ˧ r iː ˥˩
lɔːndɔːn	l ɔ n ˧ d ɔ n ˧
laʔiːa̯t	l a ˦˥ ʔ i a̯ t̚ ˨˩
lamjaj	l a m ˧ j a j ˧
liːjoŋ	l iː ˧ j o ŋ ˧
lɯk	l ɯ k̚ ˦˥
lɯklab	l ɯ k̚ ˦˥ l a p̚ ˦˥
lun	l u n ˦˥
luːkpat	l uː k̚ ˥˩ p a t̚ ˨˩
luːksaːw	l uː k̚ ˥˩ s aː w ˩˩˦
luːksuːb	l uː k̚ ˥˩ s uː p̚ ˨˩
lom	l o m ˥˩
laʔ	l a ʔ ˥˩
lɔː	l ɔː ˦˥
laːn	l aː n ˦˥
wɔːn	w ɔː n ˧
watnatʰonrom	w a t̚ ˦˥ tʰ a ˦˥ n a ˦˥ tʰ a m ˧
wan	w a n ˧
wanniː	w a n ˧ n iː ˦˥
waj	w a j ˧
watduʔ	w a t̚ ˦˥ s a ˨˩ d u ʔ ˨˩
waːnsaːn	w aː ˧ r a ˦˥ s aː n ˩˩˦
waːw	w aː w ˧
wit͡ɕaj	w i ˦˥ t͡ɕ a j ˧
wit͡ɕiton	w i ˦˥ t͡ɕ i t̚ ˨˩
witkakaŋwon	w i ˦˥ t o k̚ ˨˩ k a ŋ ˧ w o n ˧
witjaː	w i t̚ ˦˥ tʰ a ˦˥ j aː ˧
witjaːsaːsot	w i t̚ ˦˥ tʰ a ˦˥ j aː ˧ s aː t̚ ˨˩
winaːtʰiː	w i ˦˥ n aː ˧ tʰ iː ˧
wikʰeːraːaʔ	w i ˦˥ kʰ r ɔ ʔ ˦˥
waː	w aː ˥˩
waːtʰiː	w aː ˥˩ tʰ iː ˥˩
waːn	w aː n ˥˩
sariːsakeːt	s iː ˩˩˦ s a ˨˩ k eː t̚ ˨˩
sakraːt	s a k̚ ˨˩ k a ˨˩ r aː t̚ ˨˩
sinpaʔ	s i n ˩˩˦ l a ˦˥ p a ʔ ˨˩
sinpin	s i n ˩˩˦ l a ˦˥ p i n ˧
sɯk	s ɯ k̚ ˨˩
sɯksaː	s ɯ k̚ ˨˩ s aː ˩˩˦
suk	s u k̚ ˨˩
suːn	s uː n ˩˩˦
sakunaː	s a ˨˩ k u ˨˩ n aː ˧
soŋkʰlaː	s o ŋ ˩˩˦ kʰ l aː ˩˩˦
soŋkʰraːmloːk	s o ŋ ˩˩˦ kʰ r aː m ˧ l oː k̚ ˥˩
sataːŋ	s a ˨˩ t aː ŋ ˧
satuːn	s a ˨˩ t uː n ˧
satʰaːnpʰaːp	s a ˨˩ tʰ aː ˩˩˦ n a ˦˥ pʰ aː p̚ ˥˩
sontʰiʔ	s o n ˩˩˦ tʰ i ʔ ˦˥
sanɔːŋ	s a ˨˩ n ɔː ŋ ˩˩˦
sanan	s a ˨˩ n a n ˨˩
sanaːmfajfaː	s a ˨˩ n aː m ˩˩˦ f a j ˧ f aː ˦˥
sanit	s a ˨˩ n i t̚ ˨˩
sapaː	s a ˨˩ p aː ˧
sapʰaːknaːt͡ɕaːn	s a ˨˩ pʰ aː ˧ kʰ a ˦˥ n aː ˧ t͡ɕ aː n ˧
samakrat͡ɕaj	s a ˨˩ m a k̚ ˨˩ t͡ɕ a j ˧
samutropraːkaːn	s a ˨˩ m u t̚ ˨˩ p r aː ˧ k aː n ˧
samutrasoŋkʰraːm	s a ˨˩ m u t̚ ˨˩ s o ŋ ˩˩˦ kʰ r aː m ˧
samutrasaːkʰon	s a ˨˩ m u t̚ ˨˩ s aː ˩˩˦ kʰ ɔː n ˧
samunpʰajraʔ	s a ˨˩ m u n ˩˩˦ pʰ r a j ˧
sarawaːjnam	s a ˨˩ w aː j ˥˩ n aː m ˦˥
sarakɛːw	s a ˨˩ k ɛː w ˥˩
sarup	s a ˨˩ r u p̚ ˨˩
saraːŋ	s aː ŋ ˥˩
saraːŋsaron	s aː ŋ ˥˩ s a n ˩˩˦
sawatdiː	s a ˨˩ w a t̚ ˨˩ d iː ˧
satʰaːn	s a ˨˩ tʰ aː n ˦˥
sapʰaːn	s a ˨˩ pʰ aː n ˧
saʔaːt	s a ˨˩ ʔ aː t̚ ˨˩
saŋkat	s a ŋ ˩˩˦ k a t̚ ˨˩
sajt͡ɕʰaːtiʔ	s a n ˩˩˦ t͡ɕʰ aː t̚ ˥˩
sat	s a t̚ ˨˩
santipʰaːp	s a n ˩˩˦ t i ˨˩ pʰ aː p̚ ˥˩
sampʰat	s a m ˩˩˦ pʰ a t̚ ˨˩
sampʰan	s a m ˩˩˦ pʰ a n ˧
samnak	s a m ˩˩˦ n a k̚ ˦˥
samnakŋaːn	s a m ˩˩˦ n a k̚ ˦˥ ŋ aː n ˧
samharab	s a m ˩˩˦ r a p̚ ˨˩
samneːaː	s a m ˩˩˦ n a w ˧
samniːa̯ŋ	s a m ˩˩˦ n i a̯ ŋ ˧
siŋhaːkʰom	s i ŋ ˩˩˦ h aː ˩˩˦ kʰ o m ˧
siŋ	s i ŋ ˩˩˦
siŋtoː	s i ŋ ˩˩˦ t oː ˧
sinkʰaː	s i n ˩˩˦ kʰ aː ˦˥
siː	s iː ˩˩˦
sɯːɔː	s ɯː ˨˩
sɯːɔːmwalat͡ɕʰon	s ɯː ˨˩ m u a̯ n ˧ t͡ɕʰ o n ˧
sukpʰaːp	s u k̚ ˨˩ kʰ a ˨˩ pʰ aː p̚ ˥˩
sukʰiː	s u ˨˩ kʰ iː ˩˩˦
sutrit	s u t̚ ˨˩ t͡ɕ a ˨˩ r i t̚ ˨˩
sut	s u t̚ ˨˩
supraronburiː	s u ˨˩ pʰ a n ˧ b u ˨˩ r iː ˧
suwraronpʰuːmiʔ	s u ˨˩ w a n ˧ n a ˦˥ pʰ uː m ˧
suːŋ	s uː ŋ ˩˩˦
suːton	s uː t̚ ˨˩
suː	s uː ˨˩
sapeːn	s a ˨˩ p eː n ˧
soŋ	s o ŋ ˨˩
soŋʔɔːk	s o ŋ ˨˩ ʔ ɔː k̚ ˨˩
hoŋ	h o ŋ ˩˩˦
hajuːa̯	j u a̯ ˩˩˦
hanun	n u n ˩˩˦
honwoŋ	n u a̯ ŋ ˨˩
honwoj	n u a̯ j ˨˩
hanaː	n aː ˥˩
hamak	m a k̚ ˨˩
hamaːk	m aː k̚ ˨˩
hamaːpaː	m aː ˩˩˦ p aː ˨˩
hamaːjleːk	m aː j ˩˩˦ l eː k̚ ˥˩
hamuːpaː	m uː ˩˩˦ p aː ˨˩
hamuː	m uː ˨˩
harɯːɔː	r ɯː ˩˩˦
halɔːt	l ɔː t̚ ˨˩
halak	l a k̚ ˨˩
halakkaːn	l a k̚ ˨˩ k aː n ˧
halaŋ	l a ŋ ˩˩˦
hawoŋ	h u a̯ ŋ ˩˩˦
hawan	w a n ˨˩
hɔːkaːnkʰaː	h ɔː ˩˩˦ k aː n ˧ kʰ aː ˦˥
hɔːpʰak	h ɔː ˩˩˦ pʰ a k̚ ˦˥
huːa̯rɔːn	h u a̯ ˩˩˦ r ɔː n ˦˥
huːa̯rɛːŋ	h u a̯ ˩˩˦ r ɛː ŋ ˦˥
haːjpaj	h aː j ˩˩˦ p a j ˧
haːrɯːɔː	h aː ˩˩˦ r ɯː ˧
hun	h u n ˥˩
hawoŋ	h u a̯ ŋ ˨˩
hɔːŋ	h ɔ ŋ ˥˩
hɔːŋnam	h ɔ ŋ ˥˩ n aː m ˦˥
haːŋsaronpʰasinkʰaː	h aː ŋ ˥˩ s a p̚ ˨˩ pʰ a ˦˥ s i n ˩˩˦ kʰ aː ˦˥
ɔːktajajuː	ʔ a ˨˩ k a ˨˩ t a n ˧ j uː ˧
ɔːŋ	ʔ o ŋ ˧
ɔːŋkon	ʔ o ŋ ˧ k ɔː n ˧
ɔːŋsaː	ʔ o ŋ ˧ s aː ˩˩˦
ɔːtʰitʰaːn	ʔ a ˨˩ tʰ i ˦˥ tʰ aː n ˩˩˦
ɔːbrom	ʔ o p̚ ˨˩ r o m ˧
ɔːpʰisitʰot	ʔ a ˨˩ pʰ i ˦˥ s i t̚ ˨˩
ɔːjutjaː	ʔ a ˨˩ j u t̚ ˦˥ tʰ a ˦˥ j aː ˧
ɔːjuː	j uː ˨˩
ɔːjaːŋ	j aː ŋ ˨˩
ɔːjaːŋraj	j aː ŋ ˨˩ r a j ˧
ɔːlatt͡ɕʰiː	ʔ a ˨˩ l a t̚ ˦˥ t͡ɕʰ iː ˧
ʔɔːk	ʔ ɔː k̚ ˨˩
ʔɔːnlaj	ʔ ɔː n ˧ l aː j ˧
ʔɔːtteːraliːa̯	ʔ ɔ s ˦˥ t r eː ˧ l i a̯ ˧
ʔajkʰajom	ʔ a n ˧ kʰ a ˨˩ j o m ˩˩˦
ʔatraː	ʔ a t̚ ˨˩ t r aː ˧
ʔandab	ʔ a n ˧ d a p̚ ˨˩
ʔampʰon	ʔ a m ˧ pʰ ɔː n ˧
ʔaːkʰaːn	ʔ aː ˧ kʰ aː n ˧
ʔaːt͡ɕaːn	ʔ aː ˧ t͡ɕ aː n ˧
ʔaːt͡ɕaːnhajjaʔ	ʔ aː ˧ t͡ɕ aː n ˧ j a j ˨˩
ʔaːtʰiʔ	ʔ aː ˧ tʰ i ʔ ˦˥
ʔaːj	ʔ aː j ˧
ʔaːhaːn	ʔ aː ˧ h aː n ˩˩˦
ɔːampʰɤː	ʔ a m ˧ pʰ ɤː ˧
ʔitaːliː	ʔ i ˨˩ t aː ˧ l iː ˥˩
ʔin	ʔ i n ˧
ʔindiːa̯	ʔ i n ˧ d i a̯ ˧
ʔindoːniːsiːa̯	ʔ i n ˧ d oː ˧ n iː ˧ s i a̯ ˧
ʔileːktrɔːn	ʔ i ˨˩ l e k̚ ˦˥ t r ɔ n ˧
ʔiːk	ʔ iː k̚ ˨˩
ʔiːjip	ʔ iː ˧ j i p̚ ˨˩
ʔɯːn	ʔ ɯː n ˨˩
ʔutratʰaːniː	ʔ u ˨˩ d ɔː n ˧ tʰ aː ˧ n iː ˧
ʔubon	ʔ u ˨˩ b o n ˧
ʔublaraːttʰaːniː	ʔ u ˨˩ b o n ˧ r aː t̚ ˥˩ t͡ɕʰ a ˦˥ tʰ aː ˧ n iː ˧
ʔum	ʔ u m ˥˩
ɔːsoːk	ʔ a ˨˩ s oː k̚ ˨˩
ɔːwom	ʔ u a̯ m ˨˩
ʔaːŋtʰɔːŋ	ʔ aː ŋ ˨˩ tʰ ɔː ŋ ˧
ʔaːn	ʔ aː n ˨˩
ɔːb	ʔ o p̚ ˦˥
hɔːnlɛːn	h ɔ n ˧ l ɛː n ˧
haːnɔːj	h aː ˧ n ɔː j ˧
hɔːŋkoŋ	h ɔ ŋ ˥˩ k o ŋ ˧
keːn	k eː n ˧
keːriːjŋakajraʔ	k r i a̯ ŋ ˧ k r a j ˧
keːndahimaʔ	k l e t̚ ˨˩ h i ˨˩ m a ʔ ˦˥
keːŋ	k e ŋ ˨˩
keːaː	k aː w ˥˩
kʰeːt	kʰ eː t̚ ˨˩
kʰeːt	kʰ e t̚ ˨˩
kʰeːm	kʰ e m ˩˩˦
kʰeːmkʰon	kʰ e m ˥˩ kʰ o n ˥˩
kʰeːmkʰɛːŋ	kʰ e m ˥˩ kʰ ɛ ŋ ˩˩˦
kʰeːaːtaː	kʰ a w ˥˩ t aː ˧
kʰeːron	kʰ r eː n ˧
kʰeːriːjot	kʰ r i a̯ t̚ ˥˩
kʰeːrɯːɔːŋdɯːm	kʰ r ɯ a̯ ŋ ˥˩ d ɯː m ˨˩
kʰeːrɯːɔːŋdɯːmat͡ɕʰuːkamlaŋ	kʰ r ɯ a̯ ŋ ˥˩ d ɯː m ˨˩ t͡ɕʰ uː ˧ k a m ˧ l a ŋ ˧
kʰeːrɯːɔːŋduːdafun	kʰ r ɯ a̯ ŋ ˥˩ d uː t̚ ˨˩ f u n ˨˩
kʰɯːa̯ŋt͡ɕaj	kʰ ɯ a̯ ŋ ˧ t͡ɕ a j ˧
kʰeːaː	kʰ a w ˦˥
ŋɤn	ŋ ɤ n ˧
ŋɤndɯːa̯n	ŋ ɤ n ˧ d ɯ a̯ n ˧
t͡ɕeːaːhjiŋanitraː	t͡ɕ a w ˥˩ j i ŋ ˩˩˦ n i t̚ ˦˥ tʰ r aː ˧
t͡ɕʰeːlim	t͡ɕʰ a ˨˩ l ɤː m ˩˩˦
t͡ɕʰɤj	t͡ɕʰ ɤː n ˧
t͡ɕʰiːa̯ŋhajmaʔ	t͡ɕʰ i a̯ ŋ ˧ m a j ˨˩
t͡ɕʰiːa̯	t͡ɕʰ i a̯ ˧
t͡ɕʰeːn	t͡ɕʰ e n ˥˩
seːn	s eː l ˧
dɤn	d ɤː n ˧
dɯːa̯t	d ɯ a̯ t̚ ˨˩
dɯːa̯n	d ɯ a̯ n ˧
tiːa̯ŋ	t i a̯ ŋ ˧
tɯːa̯n	t ɯ a̯ n ˧
teːaː	t a w ˩˩˦
tʰeːtkaːn	tʰ eː t̚ ˥˩ s a ˨˩ k aː n ˧
tʰeːaːkab	tʰ a w ˥˩ k a p̚ ˨˩
tʰeːaːnan	tʰ a w ˥˩ n a n ˦˥
niːa̯	n i a̯ ˥˩
nɯːa̯ŋt͡ɕaːk	n ɯ a̯ ŋ ˥˩ t͡ɕ aː k̚ ˨˩
nɯːa̯tʰiː	n ɯ a̯ ˦˥ tʰ iː ˥˩
neːt	n e t̚ ˨˩
neːn	n e n ˦˥
beːjt͡ɕapʰeːt	b e n ˧ t͡ɕ a ˨˩ pʰ eː t̚ ˥˩
beːnjiːa̯m	b eː l ˧ j i a̯ m ˥˩
bɤn	b ɤː n ˧
bɤn	b ɤ n ˥˩
biːa̯	b i a̯ ˧
bɯːa̯	b ɯ a̯ ˨˩
peːruː	p eː ˧ r uː ˧
peːlɯːɔːkmaj	p l ɯ a̯ k̚ ˨˩ m aː j ˦˥
peːlaː	p l aː w ˨˩
pɤːseːn	p ɤː ˧ s e n ˧
pɤt	p ɤː t̚ ˨˩
pɤtpʰeːj	p ɤː t̚ ˨˩ pʰ ɤː j ˩˩˦
peːnton	p e n ˧ t o n ˥˩
peːaːhmaːj	p a w ˥˩ m aː j ˩˩˦
pʰeːj	pʰ ɤː j ˩˩˦
pʰeːraːaʔ	pʰ r ɔ ʔ ˦˥
pʰeːraːat͡ɕʰanan	pʰ r ɔ ʔ ˦˥ t͡ɕʰ a ˨˩ n a n ˦˥
pʰeːtt͡ɕʰaːj	pʰ eː t̚ ˥˩ t͡ɕʰ aː j ˧
fɤm	f ɤː m ˧
meːton	m eː t̚ ˦˥
mɯːa̯ŋnɔːk	m ɯ a̯ ŋ ˧ n ɔː k̚ ˥˩
mɯːa̯	m ɯ a̯ ˥˩
meːt	m e t̚ ˦˥
jɤːnman	j ɤː ˧ r a ˦˥ m a n ˧
jɯːa̯n	j ɯ a̯ n ˧
riːa̯k	r i a̯ k̚ ˥˩
riːa̯kwaː	r i a̯ k̚ ˥˩ w aː ˥˩
rɯːa̯	r ɯ a̯ ˧
rɯːa̯ŋ	r ɯ a̯ ŋ ˥˩
lɤtlɤː	l ɤː t̚ ˥˩ l ɤː ˧
leːn	l e n ˥˩
leːm	l e m ˥˩
weːtʰiː	w eː ˧ tʰ iː ˧
weːlaː	w eː ˧ l aː ˧
wiːa̯tnaːm	w i a̯ t̚ ˥˩ n aː m ˧
siːa̯t͡ɕʰiːwit	s i a̯ ˩˩˦ t͡ɕʰ iː ˧ w i t̚ ˦˥
siːa̯ŋ	s i a̯ ŋ ˨˩
sɯːa̯pʰaː	s ɯ a̯ ˥˩ pʰ aː ˥˩
sɯːa̯t͡ɕʰɤt	s ɯ a̯ ˥˩ t͡ɕʰ ɤː t̚ ˦˥
sɯːa̯dɛːŋ	s ɯ a̯ ˥˩ d ɛː ŋ ˧
seːn	s e n ˥˩
seːntʰaːŋ	s e n ˥˩ tʰ aː ŋ ˧
heːtuʔ	h eː t̚ ˨˩
heːnob	n e p̚ ˨˩
heːmaːaʔ	m ɔ ʔ ˨˩
ʔeː	ʔ eː ˧
ʔeːkmaj	ʔ eː k̚ ˨˩ k a ˨˩ m a j ˧
ʔeːt	ʔ e t̚ ˨˩
heː	h eː ˧
heːŋ	h e ŋ ˧
kɛː	k ɛː ˧
kɛːroŋ	k r ɛ ŋ ˨˩
kɛʔ	k ɛ ʔ ˨˩
kɛː	k ɛː ˥˩
kʰɛːnaːdaː	kʰ ɛː ˧ n aː ˧ d aː ˧
t͡ɕɛːkan	t͡ɕ ɛː ˧ k a n ˧
t͡ɕɛːŋ	t͡ɕ ɛː ŋ ˧
t͡ɕɛːmsaj	t͡ɕ ɛ m ˨˩ s a j ˩˩˦
t͡ɕɛːŋ	t͡ɕ ɛː ŋ ˥˩
sɛːŋ	s ɛː ŋ ˧
dɛːŋ	d ɛː ŋ ˧
tɛːŋkwaː	t ɛː ŋ ˧ k w aː ˧
tɛː	t ɛː ˨˩
tɛːm	t ɛː m ˥˩
tʰɛːm	tʰ ɛː m ˩˩˦
tʰɛːn	tʰ ɛː n ˧
tʰɛːksiː	tʰ ɛ k̚ ˦˥ s iː ˥˩
tʰɛːn	tʰ ɛ n ˥˩
nɛːn	n ɛ n ˥˩
nɛːnɔːn	n ɛː ˥˩ n ɔː n ˧
bɛːŋ	b ɛ ŋ ˦˥
bɛːb	b ɛː p̚ ˨˩
pɛːn	p l ɛː ˧
pɛːŋ	p ɛː ŋ ˥˩
pʰɛːntʰiː	pʰ ɛː n ˩˩˦ tʰ iː ˥˩
pʰɛːŋ	pʰ ɛː ŋ ˧
pʰɛːt	pʰ ɛː t̚ ˥˩
pʰɛːn	pʰ r ɛː ˧
fɛːnkʰlab	f ɛː n ˧ kʰ l a p̚ ˨˩
mɛː	m ɛː ˥˩
mɛːhɔːŋsɔːn	m ɛː ˥˩ h ɔ ŋ ˥˩ s ɔː n ˩˩˦
jɛːk	j ɛː k̚ ˥˩
jɛː	j ɛː ˦˥
rɛːŋŋaːn	r ɛː ŋ ˧ ŋ aː n ˧
lɛʔ	l ɛ ʔ ˦˥
lɛːw	l ɛː w ˦˥
lɛːwseːrot	l ɛː w ˦˥ s e t̚ ˨˩
sɛːŋ	s ɛː ŋ ˩˩˦
sɛːŋdɛːt	s ɛː ŋ ˩˩˦ d ɛː t̚ ˨˩
sɛːn	s ɛː n ˩˩˦
hɛːŋ	h ɛ ŋ ˨˩
kʰoː	kʰ oː ˧
kʰoːmfaj	kʰ oː m ˧ f a j ˧
kʰoːnŋakaːn	kʰ r oː ŋ ˧ k aː n ˧
kʰoːraːt	kʰ oː ˧ r aː t̚ ˥˩
kʰoːlɔːmbiːa̯	kʰ oː ˧ l ɔ m ˧ b i a̯ ˧
kʰoːpeːnheːkeːn	kʰ oː ˧ p eː n ˧ h eː ˧ k e n ˥˩
soːfaː	s oː ˧ f aː ˧
doːn	d oː n ˧
doːnat	d oː ˧ n a t̚ ˦˥
doːj	d oː j ˧
doːjsaːn	d oː j ˧ s aː n ˩˩˦
toː	t oː ˥˩
tʰoːnsap	tʰ oː ˧ r a ˦˥ s a p̚ ˨˩
boːt	b oː t̚ ˨˩
poːnkɛːrom	p r oː ˧ k r ɛ m ˧
poːnmoːt͡ɕʰan	p r oː ˧ m oː ˧ t͡ɕʰ a n ˥˩
moːpʰeːt	m oː ˧ pʰ e t̚ ˨˩
roːŋŋaːn	r oː ŋ ˧ ŋ aː n ˧
roːŋbaːn	r oː ŋ ˧ b aː n ˧
roːŋpʰajaːbaːn	r oː ŋ ˧ pʰ a ˦˥ j aː ˧ b aː n ˧
roːŋrɛːm	r oː ŋ ˧ r ɛː m ˧
roːm	r oː m ˧
loːk	l oː k̚ ˥˩
loːpʰaʔ	l oː ˧ pʰ a ʔ ˦˥
woː	w oː ˧
soːt	s oː t̚ ˨˩
kajlaʔ	k l a j ˥˩
kʰajraʔ	kʰ r a j ˧
t͡ɕajdiː	t͡ɕ a j ˧ d iː ˧
t͡ɕʰaj	t͡ɕʰ a j ˦˥
daj	d a j ˧
najhonwoŋ	n a j ˧ l u a̯ ŋ ˩˩˦
baj	b a j ˧
saj	s a j ˨˩
hajjaʔ	j a j ˨˩
hajmaʔ	m a j ˨˩
haj	h a j ˥˩
kajŋawoŋ	k a j ˨˩ ŋ u a̯ ŋ ˧
daj	d aː j ˥˩
tʰajlɛːn	tʰ a j ˧ l ɛː n ˧
pʰaj	pʰ a j ˨˩
fajt͡ɕʰaːj	f a j ˧ t͡ɕʰ aː j ˩˩˦
faj	f aː j ˧
majt͡ɕʰaj	m a j ˥˩ t͡ɕʰ a j ˥˩
majkwaːt	m aː j ˦˥ k w aː t̚ ˨˩
waj	w a j ˧
saj	s a j ˩˩˦
ʔaj	ʔ a j ˧
ʔajlɛːnheːnɯːɔː	ʔ a j ˧ l ɛː n ˧ n ɯ a̯ ˩˩˦
ʔajdiːa̯	ʔ a j ˧ d i a̯ ˧
haj	h a j ˦˥
